crop_path,cls,label,img_id,xmin,ymin,xmax,ymax,version
/Users/sameerkarur/Documents/Git/Data_science/07_IITK_AIML_Capstone/project1_autonomous_driving/data/part1/crops/00001903_0_bus.jpg,bus,2,00001903,265,149,618,338,v3_no_ambiguous
/Users/sameerkarur/Documents/Git/Data_science/07_IITK_AIML_Capstone/project1_autonomous_driving/data/part1/crops/00002730_1_car.jpg,car,3,00002730,92,164,250,228,v3_no_ambiguous
/Users/sameerkarur/Documents/Git/Data_science/07_IITK_AIML_Capstone/project1_autonomous_driving/data/part1/crops/00005146_2_pickup_truck.jpg,pickup_truck,6,00005146,381,70,627,196,v3_no_ambiguous
/Users/sameerkarur/Documents/Git/Data_science/07_IITK_AIML_Capstone/project1_autonomous_driving/data/part1/crops/00004529_3_car.jpg,car,3,00004529,482,103,522,131,v3_no_ambiguous
/Users/sameerkarur/Documents/Git/Data_science/07_IITK_AIML_Capstone/project1_autonomous_driving/data/part1/crops/00004002_4_car.jpg,car,3,00004002,433,255,657,416,v3_no_ambiguous
/Users/sameerkarur/Documents/Git/Data_science/07_IITK_AIML_Capstone/project1_autonomous_driving/data/part1/crops/00005012_5_work_van.jpg,work_van,8,00005012,72,41,110,73,v3_no_ambiguous
/Users/sameerkarur/Documents/Git/Data_science/07_IITK_AIML_Capstone/project1_autonomous_driving/data/part1/crops/00002551_6_articulated_truck.jpg,articulated_truck,0,00002551,429,6,487,33,v3_no_ambiguous
/Users/sameerkarur/Documents/Git/Data_science/07_IITK_AIML_Capstone/project1_autonomous_driving/data/part1/crops/00001520_7_bus.jpg,bus,2,00001520,425,99,498,137,v3_no_ambiguous
/Users/sameerkarur/Documents/Git/Data_science/07_IITK_AIML_Capstone/project1_autonomous_driving/data/part1/crops/00000406_8_articulated_truck.jpg,articulated_truck,0,00000406,574,7,714,62,v3_no_ambiguous
/Users/sameerkarur/Documents/Git/Data_science/07_IITK_AIML_Capstone/project1_autonomous_driving/data/part1/crops/00001468_9_bus.jpg,bus,2,00001468,114,148,155,175,v3_no_ambiguous
/Users/sameerkarur/Documents/Git/Data_science/07_IITK_AIML_Capstone/project1_autonomous_driving/data/part1/crops/00004515_10_articulated_truck.jpg,articulated_truck,0,00004515,597,92,710,123,v3_no_ambiguous
/Users/sameerkarur/Documents/Git/Data_science/07_IITK_AIML_Capstone/project1_autonomous_driving/data/part1/crops/00000722_11_pickup_truck.jpg,pickup_truck,6,00000722,185,52,266,89,v3_no_ambiguous
/Users/sameerkarur/Documents/Git/Data_science/07_IITK_AIML_Capstone/project1_autonomous_driving/data/part1/crops/00005460_12_bus.jpg,bus,2,00005460,4,177,367,465,v3_no_ambiguous
/Users/sameerkarur/Documents/Git/Data_science/07_IITK_AIML_Capstone/project1_autonomous_driving/data/part1/crops/00001932_13_car.jpg,car,3,00001932,271,201,382,260,v3_no_ambiguous
/Users/sameerkarur/Documents/Git/Data_science/07_IITK_AIML_Capstone/project1_autonomous_driving/data/part1/crops/00001928_14_car.jpg,car,3,00001928,549,113,573,137,v3_no_ambiguous
/Users/sameerkarur/Documents/Git/Data_science/07_IITK_AIML_Capstone/project1_autonomous_driving/data/part1/crops/00003274_15_pickup_truck.jpg,pickup_truck,6,00003274,0,307,174,445,v3_no_ambiguous
/Users/sameerkarur/Documents/Git/Data_science/07_IITK_AIML_Capstone/project1_autonomous_driving/data/part1/crops/00005375_16_car.jpg,car,3,00005375,505,220,604,275,v3_no_ambiguous
/Users/sameerkarur/Documents/Git/Data_science/07_IITK_AIML_Capstone/project1_autonomous_driving/data/part1/crops/00001037_17_pickup_truck.jpg,pickup_truck,6,00001037,30,107,121,146,v3_no_ambiguous
/Users/sameerkarur/Documents/Git/Data_science/07_IITK_AIML_Capstone/project1_autonomous_driving/data/part1/crops/00004988_18_car.jpg,car,3,00004988,609,293,714,409,v3_no_ambiguous
/Users/sameerkarur/Documents/Git/Data_science/07_IITK_AIML_Capstone/project1_autonomous_driving/data/part1/crops/00003722_19_work_van.jpg,work_van,8,00003722,67,203,187,287,v3_no_ambiguous
/Users/sameerkarur/Documents/Git/Data_science/07_IITK_AIML_Capstone/project1_autonomous_driving/data/part1/crops/00003737_20_pedestrian.jpg,pedestrian,5,00003737,590,293,635,367,v3_no_ambiguous
/Users/sameerkarur/Documents/Git/Data_science/07_IITK_AIML_Capstone/project1_autonomous_driving/data/part1/crops/00003796_21_articulated_truck.jpg,articulated_truck,0,00003796,2,162,325,396,v3_no_ambiguous
/Users/sameerkarur/Documents/Git/Data_science/07_IITK_AIML_Capstone/project1_autonomous_driving/data/part1/crops/00003277_22_car.jpg,car,3,00003277,270,186,544,322,v3_no_ambiguous
/Users/sameerkarur/Documents/Git/Data_science/07_IITK_AIML_Capstone/project1_autonomous_driving/data/part1/crops/00000851_23_single_unit_truck.jpg,single_unit_truck,7,00000851,590,89,659,123,v3_no_ambiguous
/Users/sameerkarur/Documents/Git/Data_science/07_IITK_AIML_Capstone/project1_autonomous_driving/data/part1/crops/00001620_24_pedestrian.jpg,pedestrian,5,00001620,245,230,283,311,v3_no_ambiguous
/Users/sameerkarur/Documents/Git/Data_science/07_IITK_AIML_Capstone/project1_autonomous_driving/data/part1/crops/00000130_25_pickup_truck.jpg,pickup_truck,6,00000130,90,103,168,153,v3_no_ambiguous
/Users/sameerkarur/Documents/Git/Data_science/07_IITK_AIML_Capstone/project1_autonomous_driving/data/part1/crops/00002457_26_articulated_truck.jpg,articulated_truck,0,00002457,368,196,716,416,v3_no_ambiguous
/Users/sameerkarur/Documents/Git/Data_science/07_IITK_AIML_Capstone/project1_autonomous_driving/data/part1/crops/00003341_27_pickup_truck.jpg,pickup_truck,6,00003341,87,285,318,454,v3_no_ambiguous
/Users/sameerkarur/Documents/Git/Data_science/07_IITK_AIML_Capstone/project1_autonomous_driving/data/part1/crops/00002463_28_car.jpg,car,3,00002463,24,272,116,333,v3_no_ambiguous
/Users/sameerkarur/Documents/Git/Data_science/07_IITK_AIML_Capstone/project1_autonomous_driving/data/part1/crops/00002264_29_single_unit_truck.jpg,single_unit_truck,7,00002264,93,118,197,197,v3_no_ambiguous
/Users/sameerkarur/Documents/Git/Data_science/07_IITK_AIML_Capstone/project1_autonomous_driving/data/part1/crops/00004329_30_bicycle.jpg,bicycle,1,00004329,354,192,388,272,v3_no_ambiguous
/Users/sameerkarur/Documents/Git/Data_science/07_IITK_AIML_Capstone/project1_autonomous_driving/data/part1/crops/00003095_31_articulated_truck.jpg,articulated_truck,0,00003095,8,43,52,101,v3_no_ambiguous
/Users/sameerkarur/Documents/Git/Data_science/07_IITK_AIML_Capstone/project1_autonomous_driving/data/part1/crops/00002078_32_articulated_truck.jpg,articulated_truck,0,00002078,28,128,128,208,v3_no_ambiguous
/Users/sameerkarur/Documents/Git/Data_science/07_IITK_AIML_Capstone/project1_autonomous_driving/data/part1/crops/00003869_33_work_van.jpg,work_van,8,00003869,73,45,114,70,v3_no_ambiguous
/Users/sameerkarur/Documents/Git/Data_science/07_IITK_AIML_Capstone/project1_autonomous_driving/data/part1/crops/00001650_34_articulated_truck.jpg,articulated_truck,0,00001650,591,91,712,125,v3_no_ambiguous
/Users/sameerkarur/Documents/Git/Data_science/07_IITK_AIML_Capstone/project1_autonomous_driving/data/part1/crops/00001325_35_single_unit_truck.jpg,single_unit_truck,7,00001325,387,76,446,142,v3_no_ambiguous
/Users/sameerkarur/Documents/Git/Data_science/07_IITK_AIML_Capstone/project1_autonomous_driving/data/part1/crops/00004413_36_articulated_truck.jpg,articulated_truck,0,00004413,510,22,718,166,v3_no_ambiguous
/Users/sameerkarur/Documents/Git/Data_science/07_IITK_AIML_Capstone/project1_autonomous_driving/data/part1/crops/00000320_37_articulated_truck.jpg,articulated_truck,0,00000320,83,82,179,160,v3_no_ambiguous
/Users/sameerkarur/Documents/Git/Data_science/07_IITK_AIML_Capstone/project1_autonomous_driving/data/part1/crops/00004360_38_car.jpg,car,3,00004360,235,12,311,53,v3_no_ambiguous
/Users/sameerkarur/Documents/Git/Data_science/07_IITK_AIML_Capstone/project1_autonomous_driving/data/part1/crops/00002785_39_bus.jpg,bus,2,00002785,207,71,580,369,v3_no_ambiguous
/Users/sameerkarur/Documents/Git/Data_science/07_IITK_AIML_Capstone/project1_autonomous_driving/data/part1/crops/00004117_40_articulated_truck.jpg,articulated_truck,0,00004117,458,15,641,99,v3_no_ambiguous
/Users/sameerkarur/Documents/Git/Data_science/07_IITK_AIML_Capstone/project1_autonomous_driving/data/part1/crops/00003975_41_articulated_truck.jpg,articulated_truck,0,00003975,206,22,303,53,v3_no_ambiguous
/Users/sameerkarur/Documents/Git/Data_science/07_IITK_AIML_Capstone/project1_autonomous_driving/data/part1/crops/00002237_42_work_van.jpg,work_van,8,00002237,216,68,296,117,v3_no_ambiguous
/Users/sameerkarur/Documents/Git/Data_science/07_IITK_AIML_Capstone/project1_autonomous_driving/data/part1/crops/00001752_43_car.jpg,car,3,00001752,447,204,534,253,v3_no_ambiguous
/Users/sameerkarur/Documents/Git/Data_science/07_IITK_AIML_Capstone/project1_autonomous_driving/data/part1/crops/00002159_44_pickup_truck.jpg,pickup_truck,6,00002159,97,95,218,148,v3_no_ambiguous
/Users/sameerkarur/Documents/Git/Data_science/07_IITK_AIML_Capstone/project1_autonomous_driving/data/part1/crops/00004142_45_bicycle.jpg,bicycle,1,00004142,542,53,605,122,v3_no_ambiguous
/Users/sameerkarur/Documents/Git/Data_science/07_IITK_AIML_Capstone/project1_autonomous_driving/data/part1/crops/00004660_46_pedestrian.jpg,pedestrian,5,00004660,78,281,107,345,v3_no_ambiguous
/Users/sameerkarur/Documents/Git/Data_science/07_IITK_AIML_Capstone/project1_autonomous_driving/data/part1/crops/00001390_47_car.jpg,car,3,00001390,366,251,676,478,v3_no_ambiguous
/Users/sameerkarur/Documents/Git/Data_science/07_IITK_AIML_Capstone/project1_autonomous_driving/data/part1/crops/00005601_48_car.jpg,car,3,00005601,363,204,470,247,v3_no_ambiguous
/Users/sameerkarur/Documents/Git/Data_science/07_IITK_AIML_Capstone/project1_autonomous_driving/data/part1/crops/00003619_49_bus.jpg,bus,2,00003619,331,166,711,397,v3_no_ambiguous
/Users/sameerkarur/Documents/Git/Data_science/07_IITK_AIML_Capstone/project1_autonomous_driving/data/part1/crops/00005605_50_pickup_truck.jpg,pickup_truck,6,00005605,29,46,137,95,v3_no_ambiguous
/Users/sameerkarur/Documents/Git/Data_science/07_IITK_AIML_Capstone/project1_autonomous_driving/data/part1/crops/00001987_51_bus.jpg,bus,2,00001987,170,105,414,200,v3_no_ambiguous
/Users/sameerkarur/Documents/Git/Data_science/07_IITK_AIML_Capstone/project1_autonomous_driving/data/part1/crops/00003984_52_articulated_truck.jpg,articulated_truck,0,00003984,17,103,387,343,v3_no_ambiguous
/Users/sameerkarur/Documents/Git/Data_science/07_IITK_AIML_Capstone/project1_autonomous_driving/data/part1/crops/00001189_53_pickup_truck.jpg,pickup_truck,6,00001189,461,226,717,357,v3_no_ambiguous
/Users/sameerkarur/Documents/Git/Data_science/07_IITK_AIML_Capstone/project1_autonomous_driving/data/part1/crops/00005549_54_bus.jpg,bus,2,00005549,192,142,509,293,v3_no_ambiguous
/Users/sameerkarur/Documents/Git/Data_science/07_IITK_AIML_Capstone/project1_autonomous_driving/data/part1/crops/00005276_55_bus.jpg,bus,2,00005276,19,50,65,75,v3_no_ambiguous
/Users/sameerkarur/Documents/Git/Data_science/07_IITK_AIML_Capstone/project1_autonomous_driving/data/part1/crops/00005134_56_pickup_truck.jpg,pickup_truck,6,00005134,59,170,335,275,v3_no_ambiguous
/Users/sameerkarur/Documents/Git/Data_science/07_IITK_AIML_Capstone/project1_autonomous_driving/data/part1/crops/00002441_57_single_unit_truck.jpg,single_unit_truck,7,00002441,445,60,524,136,v3_no_ambiguous
/Users/sameerkarur/Documents/Git/Data_science/07_IITK_AIML_Capstone/project1_autonomous_driving/data/part1/crops/00004591_58_pickup_truck.jpg,pickup_truck,6,00004591,218,83,288,115,v3_no_ambiguous
/Users/sameerkarur/Documents/Git/Data_science/07_IITK_AIML_Capstone/project1_autonomous_driving/data/part1/crops/00002022_59_motorcycle.jpg,motorcycle,4,00002022,191,275,226,326,v3_no_ambiguous
/Users/sameerkarur/Documents/Git/Data_science/07_IITK_AIML_Capstone/project1_autonomous_driving/data/part1/crops/00003693_60_pedestrian.jpg,pedestrian,5,00003693,108,128,132,172,v3_no_ambiguous
/Users/sameerkarur/Documents/Git/Data_science/07_IITK_AIML_Capstone/project1_autonomous_driving/data/part1/crops/00003665_61_car.jpg,car,3,00003665,648,170,696,203,v3_no_ambiguous
/Users/sameerkarur/Documents/Git/Data_science/07_IITK_AIML_Capstone/project1_autonomous_driving/data/part1/crops/00001435_62_work_van.jpg,work_van,8,00001435,75,46,113,70,v3_no_ambiguous
/Users/sameerkarur/Documents/Git/Data_science/07_IITK_AIML_Capstone/project1_autonomous_driving/data/part1/crops/00003464_63_bus.jpg,bus,2,00003464,365,34,645,230,v3_no_ambiguous
/Users/sameerkarur/Documents/Git/Data_science/07_IITK_AIML_Capstone/project1_autonomous_driving/data/part1/crops/00003157_64_bicycle.jpg,bicycle,1,00003157,107,224,171,323,v3_no_ambiguous
/Users/sameerkarur/Documents/Git/Data_science/07_IITK_AIML_Capstone/project1_autonomous_driving/data/part1/crops/00001123_65_pickup_truck.jpg,pickup_truck,6,00001123,565,153,628,185,v3_no_ambiguous
/Users/sameerkarur/Documents/Git/Data_science/07_IITK_AIML_Capstone/project1_autonomous_driving/data/part1/crops/00000561_66_pedestrian.jpg,pedestrian,5,00000561,494,299,526,345,v3_no_ambiguous
/Users/sameerkarur/Documents/Git/Data_science/07_IITK_AIML_Capstone/project1_autonomous_driving/data/part1/crops/00002738_67_car.jpg,car,3,00002738,214,79,293,116,v3_no_ambiguous
/Users/sameerkarur/Documents/Git/Data_science/07_IITK_AIML_Capstone/project1_autonomous_driving/data/part1/crops/00005136_68_pickup_truck.jpg,pickup_truck,6,00005136,101,118,154,151,v3_no_ambiguous
/Users/sameerkarur/Documents/Git/Data_science/07_IITK_AIML_Capstone/project1_autonomous_driving/data/part1/crops/00002253_69_car.jpg,car,3,00002253,158,110,224,140,v3_no_ambiguous
/Users/sameerkarur/Documents/Git/Data_science/07_IITK_AIML_Capstone/project1_autonomous_driving/data/part1/crops/00000421_70_articulated_truck.jpg,articulated_truck,0,00000421,198,17,337,52,v3_no_ambiguous
/Users/sameerkarur/Documents/Git/Data_science/07_IITK_AIML_Capstone/project1_autonomous_driving/data/part1/crops/00002225_71_pickup_truck.jpg,pickup_truck,6,00002225,282,111,317,143,v3_no_ambiguous
/Users/sameerkarur/Documents/Git/Data_science/07_IITK_AIML_Capstone/project1_autonomous_driving/data/part1/crops/00004081_72_car.jpg,car,3,00004081,114,134,228,182,v3_no_ambiguous
/Users/sameerkarur/Documents/Git/Data_science/07_IITK_AIML_Capstone/project1_autonomous_driving/data/part1/crops/00000569_73_pickup_truck.jpg,pickup_truck,6,00000569,0,92,43,138,v3_no_ambiguous
/Users/sameerkarur/Documents/Git/Data_science/07_IITK_AIML_Capstone/project1_autonomous_driving/data/part1/crops/00004119_74_articulated_truck.jpg,articulated_truck,0,00004119,596,86,713,125,v3_no_ambiguous
/Users/sameerkarur/Documents/Git/Data_science/07_IITK_AIML_Capstone/project1_autonomous_driving/data/part1/crops/00000018_75_car.jpg,car,3,00000018,8,43,62,76,v3_no_ambiguous
/Users/sameerkarur/Documents/Git/Data_science/07_IITK_AIML_Capstone/project1_autonomous_driving/data/part1/crops/00000683_76_pickup_truck.jpg,pickup_truck,6,00000683,149,229,318,332,v3_no_ambiguous
/Users/sameerkarur/Documents/Git/Data_science/07_IITK_AIML_Capstone/project1_autonomous_driving/data/part1/crops/00002307_77_articulated_truck.jpg,articulated_truck,0,00002307,610,92,707,123,v3_no_ambiguous
/Users/sameerkarur/Documents/Git/Data_science/07_IITK_AIML_Capstone/project1_autonomous_driving/data/part1/crops/00001872_78_car.jpg,car,3,00001872,615,130,640,155,v3_no_ambiguous
/Users/sameerkarur/Documents/Git/Data_science/07_IITK_AIML_Capstone/project1_autonomous_driving/data/part1/crops/00003881_79_work_van.jpg,work_van,8,00003881,346,204,638,341,v3_no_ambiguous
/Users/sameerkarur/Documents/Git/Data_science/07_IITK_AIML_Capstone/project1_autonomous_driving/data/part1/crops/00001200_80_pickup_truck.jpg,pickup_truck,6,00001200,228,315,451,461,v3_no_ambiguous
/Users/sameerkarur/Documents/Git/Data_science/07_IITK_AIML_Capstone/project1_autonomous_driving/data/part1/crops/00005415_81_car.jpg,car,3,00005415,532,232,636,304,v3_no_ambiguous
/Users/sameerkarur/Documents/Git/Data_science/07_IITK_AIML_Capstone/project1_autonomous_driving/data/part1/crops/00002674_82_single_unit_truck.jpg,single_unit_truck,7,00002674,352,2,410,69,v3_no_ambiguous
/Users/sameerkarur/Documents/Git/Data_science/07_IITK_AIML_Capstone/project1_autonomous_driving/data/part1/crops/00002771_83_car.jpg,car,3,00002771,124,44,236,88,v3_no_ambiguous
/Users/sameerkarur/Documents/Git/Data_science/07_IITK_AIML_Capstone/project1_autonomous_driving/data/part1/crops/00005107_84_work_van.jpg,work_van,8,00005107,491,95,591,193,v3_no_ambiguous
/Users/sameerkarur/Documents/Git/Data_science/07_IITK_AIML_Capstone/project1_autonomous_driving/data/part1/crops/00001611_85_car.jpg,car,3,00001611,370,96,437,128,v3_no_ambiguous
/Users/sameerkarur/Documents/Git/Data_science/07_IITK_AIML_Capstone/project1_autonomous_driving/data/part1/crops/00002231_86_motorcycle.jpg,motorcycle,4,00002231,214,224,297,349,v3_no_ambiguous
/Users/sameerkarur/Documents/Git/Data_science/07_IITK_AIML_Capstone/project1_autonomous_driving/data/part1/crops/00001901_87_pickup_truck.jpg,pickup_truck,6,00001901,203,129,316,203,v3_no_ambiguous
/Users/sameerkarur/Documents/Git/Data_science/07_IITK_AIML_Capstone/project1_autonomous_driving/data/part1/crops/00003812_88_single_unit_truck.jpg,single_unit_truck,7,00003812,236,187,489,337,v3_no_ambiguous
/Users/sameerkarur/Documents/Git/Data_science/07_IITK_AIML_Capstone/project1_autonomous_driving/data/part1/crops/00003788_89_car.jpg,car,3,00003788,309,161,496,242,v3_no_ambiguous
/Users/sameerkarur/Documents/Git/Data_science/07_IITK_AIML_Capstone/project1_autonomous_driving/data/part1/crops/00004648_90_pickup_truck.jpg,pickup_truck,6,00004648,285,248,465,336,v3_no_ambiguous
/Users/sameerkarur/Documents/Git/Data_science/07_IITK_AIML_Capstone/project1_autonomous_driving/data/part1/crops/00005499_91_work_van.jpg,work_van,8,00005499,321,207,539,385,v3_no_ambiguous
/Users/sameerkarur/Documents/Git/Data_science/07_IITK_AIML_Capstone/project1_autonomous_driving/data/part1/crops/00003386_92_car.jpg,car,3,00003386,316,142,361,169,v3_no_ambiguous
/Users/sameerkarur/Documents/Git/Data_science/07_IITK_AIML_Capstone/project1_autonomous_driving/data/part1/crops/00000896_93_articulated_truck.jpg,articulated_truck,0,00000896,461,22,650,102,v3_no_ambiguous
/Users/sameerkarur/Documents/Git/Data_science/07_IITK_AIML_Capstone/project1_autonomous_driving/data/part1/crops/00002474_94_car.jpg,car,3,00002474,129,343,344,478,v3_no_ambiguous
/Users/sameerkarur/Documents/Git/Data_science/07_IITK_AIML_Capstone/project1_autonomous_driving/data/part1/crops/00005420_95_single_unit_truck.jpg,single_unit_truck,7,00005420,651,125,711,217,v3_no_ambiguous
/Users/sameerkarur/Documents/Git/Data_science/07_IITK_AIML_Capstone/project1_autonomous_driving/data/part1/crops/00002541_96_articulated_truck.jpg,articulated_truck,0,00002541,2,90,656,302,v3_no_ambiguous
/Users/sameerkarur/Documents/Git/Data_science/07_IITK_AIML_Capstone/project1_autonomous_driving/data/part1/crops/00000150_97_car.jpg,car,3,00000150,656,172,709,228,v3_no_ambiguous
/Users/sameerkarur/Documents/Git/Data_science/07_IITK_AIML_Capstone/project1_autonomous_driving/data/part1/crops/00001360_98_bus.jpg,bus,2,00001360,175,80,410,224,v3_no_ambiguous
/Users/sameerkarur/Documents/Git/Data_science/07_IITK_AIML_Capstone/project1_autonomous_driving/data/part1/crops/00001228_99_articulated_truck.jpg,articulated_truck,0,00001228,2,62,683,345,v3_no_ambiguous
/Users/sameerkarur/Documents/Git/Data_science/07_IITK_AIML_Capstone/project1_autonomous_driving/data/part1/crops/00000140_100_pickup_truck.jpg,pickup_truck,6,00000140,629,242,704,275,v3_no_ambiguous
/Users/sameerkarur/Documents/Git/Data_science/07_IITK_AIML_Capstone/project1_autonomous_driving/data/part1/crops/00001494_101_bus.jpg,bus,2,00001494,3,103,611,320,v3_no_ambiguous
/Users/sameerkarur/Documents/Git/Data_science/07_IITK_AIML_Capstone/project1_autonomous_driving/data/part1/crops/00005196_102_single_unit_truck.jpg,single_unit_truck,7,00005196,73,19,112,45,v3_no_ambiguous
/Users/sameerkarur/Documents/Git/Data_science/07_IITK_AIML_Capstone/project1_autonomous_driving/data/part1/crops/00004743_103_bicycle.jpg,bicycle,1,00004743,107,337,223,457,v3_no_ambiguous
/Users/sameerkarur/Documents/Git/Data_science/07_IITK_AIML_Capstone/project1_autonomous_driving/data/part1/crops/00000945_104_car.jpg,car,3,00000945,210,28,238,52,v3_no_ambiguous
/Users/sameerkarur/Documents/Git/Data_science/07_IITK_AIML_Capstone/project1_autonomous_driving/data/part1/crops/00003444_105_pickup_truck.jpg,pickup_truck,6,00003444,256,40,386,109,v3_no_ambiguous
/Users/sameerkarur/Documents/Git/Data_science/07_IITK_AIML_Capstone/project1_autonomous_driving/data/part1/crops/00004553_106_pedestrian.jpg,pedestrian,5,00004553,161,256,186,306,v3_no_ambiguous
/Users/sameerkarur/Documents/Git/Data_science/07_IITK_AIML_Capstone/project1_autonomous_driving/data/part1/crops/00005420_107_pickup_truck.jpg,pickup_truck,6,00005420,225,255,421,387,v3_no_ambiguous
/Users/sameerkarur/Documents/Git/Data_science/07_IITK_AIML_Capstone/project1_autonomous_driving/data/part1/crops/00004072_108_bus.jpg,bus,2,00004072,334,115,573,170,v3_no_ambiguous
/Users/sameerkarur/Documents/Git/Data_science/07_IITK_AIML_Capstone/project1_autonomous_driving/data/part1/crops/00005545_109_bus.jpg,bus,2,00005545,326,69,556,232,v3_no_ambiguous
/Users/sameerkarur/Documents/Git/Data_science/07_IITK_AIML_Capstone/project1_autonomous_driving/data/part1/crops/00004702_110_single_unit_truck.jpg,single_unit_truck,7,00004702,267,29,383,77,v3_no_ambiguous
/Users/sameerkarur/Documents/Git/Data_science/07_IITK_AIML_Capstone/project1_autonomous_driving/data/part1/crops/00002932_111_articulated_truck.jpg,articulated_truck,0,00002932,495,0,618,40,v3_no_ambiguous
/Users/sameerkarur/Documents/Git/Data_science/07_IITK_AIML_Capstone/project1_autonomous_driving/data/part1/crops/00002555_112_pickup_truck.jpg,pickup_truck,6,00002555,362,79,535,137,v3_no_ambiguous
/Users/sameerkarur/Documents/Git/Data_science/07_IITK_AIML_Capstone/project1_autonomous_driving/data/part1/crops/00000111_113_car.jpg,car,3,00000111,290,69,344,95,v3_no_ambiguous
/Users/sameerkarur/Documents/Git/Data_science/07_IITK_AIML_Capstone/project1_autonomous_driving/data/part1/crops/00004754_114_work_van.jpg,work_van,8,00004754,199,69,304,126,v3_no_ambiguous
/Users/sameerkarur/Documents/Git/Data_science/07_IITK_AIML_Capstone/project1_autonomous_driving/data/part1/crops/00001020_115_bicycle.jpg,bicycle,1,00001020,341,146,394,242,v3_no_ambiguous
/Users/sameerkarur/Documents/Git/Data_science/07_IITK_AIML_Capstone/project1_autonomous_driving/data/part1/crops/00000660_116_car.jpg,car,3,00000660,610,177,712,275,v3_no_ambiguous
/Users/sameerkarur/Documents/Git/Data_science/07_IITK_AIML_Capstone/project1_autonomous_driving/data/part1/crops/00005196_117_pickup_truck.jpg,pickup_truck,6,00005196,272,81,339,128,v3_no_ambiguous
/Users/sameerkarur/Documents/Git/Data_science/07_IITK_AIML_Capstone/project1_autonomous_driving/data/part1/crops/00004175_118_pickup_truck.jpg,pickup_truck,6,00004175,51,168,113,203,v3_no_ambiguous
/Users/sameerkarur/Documents/Git/Data_science/07_IITK_AIML_Capstone/project1_autonomous_driving/data/part1/crops/00005654_119_articulated_truck.jpg,articulated_truck,0,00005654,483,83,695,375,v3_no_ambiguous
/Users/sameerkarur/Documents/Git/Data_science/07_IITK_AIML_Capstone/project1_autonomous_driving/data/part1/crops/00000479_120_car.jpg,car,3,00000479,293,194,343,233,v3_no_ambiguous
/Users/sameerkarur/Documents/Git/Data_science/07_IITK_AIML_Capstone/project1_autonomous_driving/data/part1/crops/00002825_121_pickup_truck.jpg,pickup_truck,6,00002825,197,96,263,151,v3_no_ambiguous
/Users/sameerkarur/Documents/Git/Data_science/07_IITK_AIML_Capstone/project1_autonomous_driving/data/part1/crops/00004898_122_car.jpg,car,3,00004898,20,69,71,110,v3_no_ambiguous
/Users/sameerkarur/Documents/Git/Data_science/07_IITK_AIML_Capstone/project1_autonomous_driving/data/part1/crops/00005058_123_work_van.jpg,work_van,8,00005058,108,43,171,74,v3_no_ambiguous
/Users/sameerkarur/Documents/Git/Data_science/07_IITK_AIML_Capstone/project1_autonomous_driving/data/part1/crops/00003836_124_pickup_truck.jpg,pickup_truck,6,00003836,0,156,73,207,v3_no_ambiguous
/Users/sameerkarur/Documents/Git/Data_science/07_IITK_AIML_Capstone/project1_autonomous_driving/data/part1/crops/00001457_125_articulated_truck.jpg,articulated_truck,0,00001457,113,102,344,225,v3_no_ambiguous
/Users/sameerkarur/Documents/Git/Data_science/07_IITK_AIML_Capstone/project1_autonomous_driving/data/part1/crops/00003878_126_pedestrian.jpg,pedestrian,5,00003878,1,396,64,454,v3_no_ambiguous
/Users/sameerkarur/Documents/Git/Data_science/07_IITK_AIML_Capstone/project1_autonomous_driving/data/part1/crops/00000831_127_car.jpg,car,3,00000831,611,168,648,212,v3_no_ambiguous
/Users/sameerkarur/Documents/Git/Data_science/07_IITK_AIML_Capstone/project1_autonomous_driving/data/part1/crops/00000090_128_work_van.jpg,work_van,8,00000090,492,152,712,298,v3_no_ambiguous
/Users/sameerkarur/Documents/Git/Data_science/07_IITK_AIML_Capstone/project1_autonomous_driving/data/part1/crops/00003579_129_articulated_truck.jpg,articulated_truck,0,00003579,1,115,154,318,v3_no_ambiguous
/Users/sameerkarur/Documents/Git/Data_science/07_IITK_AIML_Capstone/project1_autonomous_driving/data/part1/crops/00001023_130_pickup_truck.jpg,pickup_truck,6,00001023,239,55,337,104,v3_no_ambiguous
/Users/sameerkarur/Documents/Git/Data_science/07_IITK_AIML_Capstone/project1_autonomous_driving/data/part1/crops/00001410_131_pickup_truck.jpg,pickup_truck,6,00001410,257,45,305,70,v3_no_ambiguous
/Users/sameerkarur/Documents/Git/Data_science/07_IITK_AIML_Capstone/project1_autonomous_driving/data/part1/crops/00001687_132_pickup_truck.jpg,pickup_truck,6,00001687,257,61,341,103,v3_no_ambiguous
/Users/sameerkarur/Documents/Git/Data_science/07_IITK_AIML_Capstone/project1_autonomous_driving/data/part1/crops/00001820_133_car.jpg,car,3,00001820,61,212,390,450,v3_no_ambiguous
/Users/sameerkarur/Documents/Git/Data_science/07_IITK_AIML_Capstone/project1_autonomous_driving/data/part1/crops/00002651_134_car.jpg,car,3,00002651,136,108,196,141,v3_no_ambiguous
/Users/sameerkarur/Documents/Git/Data_science/07_IITK_AIML_Capstone/project1_autonomous_driving/data/part1/crops/00003248_135_car.jpg,car,3,00003248,380,189,462,220,v3_no_ambiguous
/Users/sameerkarur/Documents/Git/Data_science/07_IITK_AIML_Capstone/project1_autonomous_driving/data/part1/crops/00005144_136_car.jpg,car,3,00005144,109,84,209,132,v3_no_ambiguous
/Users/sameerkarur/Documents/Git/Data_science/07_IITK_AIML_Capstone/project1_autonomous_driving/data/part1/crops/00002797_137_car.jpg,car,3,00002797,107,172,331,313,v3_no_ambiguous
/Users/sameerkarur/Documents/Git/Data_science/07_IITK_AIML_Capstone/project1_autonomous_driving/data/part1/crops/00001040_138_bicycle.jpg,bicycle,1,00001040,222,370,301,479,v3_no_ambiguous
/Users/sameerkarur/Documents/Git/Data_science/07_IITK_AIML_Capstone/project1_autonomous_driving/data/part1/crops/00002848_139_car.jpg,car,3,00002848,118,39,215,94,v3_no_ambiguous
/Users/sameerkarur/Documents/Git/Data_science/07_IITK_AIML_Capstone/project1_autonomous_driving/data/part1/crops/00004518_140_articulated_truck.jpg,articulated_truck,0,00004518,182,156,719,399,v3_no_ambiguous
/Users/sameerkarur/Documents/Git/Data_science/07_IITK_AIML_Capstone/project1_autonomous_driving/data/part1/crops/00004324_141_pickup_truck.jpg,pickup_truck,6,00004324,374,195,482,271,v3_no_ambiguous
/Users/sameerkarur/Documents/Git/Data_science/07_IITK_AIML_Capstone/project1_autonomous_driving/data/part1/crops/00001838_142_articulated_truck.jpg,articulated_truck,0,00001838,232,161,717,423,v3_no_ambiguous
/Users/sameerkarur/Documents/Git/Data_science/07_IITK_AIML_Capstone/project1_autonomous_driving/data/part1/crops/00004967_143_single_unit_truck.jpg,single_unit_truck,7,00004967,364,84,420,131,v3_no_ambiguous
/Users/sameerkarur/Documents/Git/Data_science/07_IITK_AIML_Capstone/project1_autonomous_driving/data/part1/crops/00004908_144_motorcycle.jpg,motorcycle,4,00004908,360,386,476,477,v3_no_ambiguous
/Users/sameerkarur/Documents/Git/Data_science/07_IITK_AIML_Capstone/project1_autonomous_driving/data/part1/crops/00002111_145_pickup_truck.jpg,pickup_truck,6,00002111,562,164,628,192,v3_no_ambiguous
/Users/sameerkarur/Documents/Git/Data_science/07_IITK_AIML_Capstone/project1_autonomous_driving/data/part1/crops/00003427_146_articulated_truck.jpg,articulated_truck,0,00003427,201,70,228,95,v3_no_ambiguous
/Users/sameerkarur/Documents/Git/Data_science/07_IITK_AIML_Capstone/project1_autonomous_driving/data/part1/crops/00000873_147_work_van.jpg,work_van,8,00000873,2,277,208,451,v3_no_ambiguous
/Users/sameerkarur/Documents/Git/Data_science/07_IITK_AIML_Capstone/project1_autonomous_driving/data/part1/crops/00005339_148_car.jpg,car,3,00005339,307,138,364,168,v3_no_ambiguous
/Users/sameerkarur/Documents/Git/Data_science/07_IITK_AIML_Capstone/project1_autonomous_driving/data/part1/crops/00002259_149_bus.jpg,bus,2,00002259,528,117,692,201,v3_no_ambiguous
/Users/sameerkarur/Documents/Git/Data_science/07_IITK_AIML_Capstone/project1_autonomous_driving/data/part1/crops/00003353_150_work_van.jpg,work_van,8,00003353,64,132,208,227,v3_no_ambiguous
/Users/sameerkarur/Documents/Git/Data_science/07_IITK_AIML_Capstone/project1_autonomous_driving/data/part1/crops/00000617_151_articulated_truck.jpg,articulated_truck,0,00000617,2,98,672,343,v3_no_ambiguous
/Users/sameerkarur/Documents/Git/Data_science/07_IITK_AIML_Capstone/project1_autonomous_driving/data/part1/crops/00000986_152_bus.jpg,bus,2,00000986,158,133,328,218,v3_no_ambiguous
/Users/sameerkarur/Documents/Git/Data_science/07_IITK_AIML_Capstone/project1_autonomous_driving/data/part1/crops/00002900_153_pickup_truck.jpg,pickup_truck,6,00002900,666,267,708,292,v3_no_ambiguous
/Users/sameerkarur/Documents/Git/Data_science/07_IITK_AIML_Capstone/project1_autonomous_driving/data/part1/crops/00004815_154_car.jpg,car,3,00004815,98,85,192,131,v3_no_ambiguous
/Users/sameerkarur/Documents/Git/Data_science/07_IITK_AIML_Capstone/project1_autonomous_driving/data/part1/crops/00004663_155_pickup_truck.jpg,pickup_truck,6,00004663,58,40,110,67,v3_no_ambiguous
/Users/sameerkarur/Documents/Git/Data_science/07_IITK_AIML_Capstone/project1_autonomous_driving/data/part1/crops/00001570_156_bus.jpg,bus,2,00001570,87,84,256,143,v3_no_ambiguous
/Users/sameerkarur/Documents/Git/Data_science/07_IITK_AIML_Capstone/project1_autonomous_driving/data/part1/crops/00001326_157_bicycle.jpg,bicycle,1,00001326,263,173,304,257,v3_no_ambiguous
/Users/sameerkarur/Documents/Git/Data_science/07_IITK_AIML_Capstone/project1_autonomous_driving/data/part1/crops/00002104_158_pickup_truck.jpg,pickup_truck,6,00002104,376,120,454,181,v3_no_ambiguous
/Users/sameerkarur/Documents/Git/Data_science/07_IITK_AIML_Capstone/project1_autonomous_driving/data/part1/crops/00005111_159_car.jpg,car,3,00005111,375,182,469,214,v3_no_ambiguous
/Users/sameerkarur/Documents/Git/Data_science/07_IITK_AIML_Capstone/project1_autonomous_driving/data/part1/crops/00004542_160_single_unit_truck.jpg,single_unit_truck,7,00004542,452,152,525,184,v3_no_ambiguous
/Users/sameerkarur/Documents/Git/Data_science/07_IITK_AIML_Capstone/project1_autonomous_driving/data/part1/crops/00005614_161_car.jpg,car,3,00005614,431,282,544,418,v3_no_ambiguous
/Users/sameerkarur/Documents/Git/Data_science/07_IITK_AIML_Capstone/project1_autonomous_driving/data/part1/crops/00001040_162_bicycle.jpg,bicycle,1,00001040,384,152,423,255,v3_no_ambiguous
/Users/sameerkarur/Documents/Git/Data_science/07_IITK_AIML_Capstone/project1_autonomous_driving/data/part1/crops/00002683_163_articulated_truck.jpg,articulated_truck,0,00002683,118,87,200,170,v3_no_ambiguous
/Users/sameerkarur/Documents/Git/Data_science/07_IITK_AIML_Capstone/project1_autonomous_driving/data/part1/crops/00000103_164_bus.jpg,bus,2,00000103,324,143,601,261,v3_no_ambiguous
/Users/sameerkarur/Documents/Git/Data_science/07_IITK_AIML_Capstone/project1_autonomous_driving/data/part1/crops/00001953_165_articulated_truck.jpg,articulated_truck,0,00001953,396,19,468,54,v3_no_ambiguous
/Users/sameerkarur/Documents/Git/Data_science/07_IITK_AIML_Capstone/project1_autonomous_driving/data/part1/crops/00002893_166_car.jpg,car,3,00002893,285,134,406,181,v3_no_ambiguous
/Users/sameerkarur/Documents/Git/Data_science/07_IITK_AIML_Capstone/project1_autonomous_driving/data/part1/crops/00001405_167_pedestrian.jpg,pedestrian,5,00001405,271,413,321,478,v3_no_ambiguous
/Users/sameerkarur/Documents/Git/Data_science/07_IITK_AIML_Capstone/project1_autonomous_driving/data/part1/crops/00001690_168_car.jpg,car,3,00001690,333,247,488,433,v3_no_ambiguous
/Users/sameerkarur/Documents/Git/Data_science/07_IITK_AIML_Capstone/project1_autonomous_driving/data/part1/crops/00004783_169_pickup_truck.jpg,pickup_truck,6,00004783,244,80,333,128,v3_no_ambiguous
/Users/sameerkarur/Documents/Git/Data_science/07_IITK_AIML_Capstone/project1_autonomous_driving/data/part1/crops/00004553_170_bus.jpg,bus,2,00004553,230,147,268,178,v3_no_ambiguous
/Users/sameerkarur/Documents/Git/Data_science/07_IITK_AIML_Capstone/project1_autonomous_driving/data/part1/crops/00001565_171_work_van.jpg,work_van,8,00001565,519,216,632,309,v3_no_ambiguous
/Users/sameerkarur/Documents/Git/Data_science/07_IITK_AIML_Capstone/project1_autonomous_driving/data/part1/crops/00001497_172_car.jpg,car,3,00001497,460,228,529,296,v3_no_ambiguous
/Users/sameerkarur/Documents/Git/Data_science/07_IITK_AIML_Capstone/project1_autonomous_driving/data/part1/crops/00004407_173_pickup_truck.jpg,pickup_truck,6,00004407,203,61,292,99,v3_no_ambiguous
/Users/sameerkarur/Documents/Git/Data_science/07_IITK_AIML_Capstone/project1_autonomous_driving/data/part1/crops/00001999_174_work_van.jpg,work_van,8,00001999,631,191,694,254,v3_no_ambiguous
/Users/sameerkarur/Documents/Git/Data_science/07_IITK_AIML_Capstone/project1_autonomous_driving/data/part1/crops/00000962_175_car.jpg,car,3,00000962,548,145,655,206,v3_no_ambiguous
/Users/sameerkarur/Documents/Git/Data_science/07_IITK_AIML_Capstone/project1_autonomous_driving/data/part1/crops/00002765_176_work_van.jpg,work_van,8,00002765,88,149,360,332,v3_no_ambiguous
/Users/sameerkarur/Documents/Git/Data_science/07_IITK_AIML_Capstone/project1_autonomous_driving/data/part1/crops/00002604_177_pickup_truck.jpg,pickup_truck,6,00002604,19,294,223,444,v3_no_ambiguous
/Users/sameerkarur/Documents/Git/Data_science/07_IITK_AIML_Capstone/project1_autonomous_driving/data/part1/crops/00003807_178_single_unit_truck.jpg,single_unit_truck,7,00003807,210,61,312,105,v3_no_ambiguous
/Users/sameerkarur/Documents/Git/Data_science/07_IITK_AIML_Capstone/project1_autonomous_driving/data/part1/crops/00004466_179_car.jpg,car,3,00004466,568,150,633,181,v3_no_ambiguous
/Users/sameerkarur/Documents/Git/Data_science/07_IITK_AIML_Capstone/project1_autonomous_driving/data/part1/crops/00003391_180_bicycle.jpg,bicycle,1,00003391,530,47,613,113,v3_no_ambiguous
/Users/sameerkarur/Documents/Git/Data_science/07_IITK_AIML_Capstone/project1_autonomous_driving/data/part1/crops/00002865_181_single_unit_truck.jpg,single_unit_truck,7,00002865,580,178,715,343,v3_no_ambiguous
/Users/sameerkarur/Documents/Git/Data_science/07_IITK_AIML_Capstone/project1_autonomous_driving/data/part1/crops/00000588_182_pickup_truck.jpg,pickup_truck,6,00000588,1,335,128,469,v3_no_ambiguous
/Users/sameerkarur/Documents/Git/Data_science/07_IITK_AIML_Capstone/project1_autonomous_driving/data/part1/crops/00003062_183_pickup_truck.jpg,pickup_truck,6,00003062,2,208,69,293,v3_no_ambiguous
/Users/sameerkarur/Documents/Git/Data_science/07_IITK_AIML_Capstone/project1_autonomous_driving/data/part1/crops/00003340_184_car.jpg,car,3,00003340,243,60,322,98,v3_no_ambiguous
/Users/sameerkarur/Documents/Git/Data_science/07_IITK_AIML_Capstone/project1_autonomous_driving/data/part1/crops/00000369_185_car.jpg,car,3,00000369,642,168,685,202,v3_no_ambiguous
/Users/sameerkarur/Documents/Git/Data_science/07_IITK_AIML_Capstone/project1_autonomous_driving/data/part1/crops/00004541_186_pickup_truck.jpg,pickup_truck,6,00004541,209,116,311,169,v3_no_ambiguous
/Users/sameerkarur/Documents/Git/Data_science/07_IITK_AIML_Capstone/project1_autonomous_driving/data/part1/crops/00004343_187_motorcycle.jpg,motorcycle,4,00004343,532,101,561,139,v3_no_ambiguous
/Users/sameerkarur/Documents/Git/Data_science/07_IITK_AIML_Capstone/project1_autonomous_driving/data/part1/crops/00002352_188_pedestrian.jpg,pedestrian,5,00002352,189,433,246,477,v3_no_ambiguous
/Users/sameerkarur/Documents/Git/Data_science/07_IITK_AIML_Capstone/project1_autonomous_driving/data/part1/crops/00004266_189_pickup_truck.jpg,pickup_truck,6,00004266,523,148,666,212,v3_no_ambiguous
/Users/sameerkarur/Documents/Git/Data_science/07_IITK_AIML_Capstone/project1_autonomous_driving/data/part1/crops/00003859_190_single_unit_truck.jpg,single_unit_truck,7,00003859,148,63,360,167,v3_no_ambiguous
/Users/sameerkarur/Documents/Git/Data_science/07_IITK_AIML_Capstone/project1_autonomous_driving/data/part1/crops/00003468_191_car.jpg,car,3,00003468,125,349,225,454,v3_no_ambiguous
/Users/sameerkarur/Documents/Git/Data_science/07_IITK_AIML_Capstone/project1_autonomous_driving/data/part1/crops/00004850_192_pickup_truck.jpg,pickup_truck,6,00004850,68,112,167,193,v3_no_ambiguous
/Users/sameerkarur/Documents/Git/Data_science/07_IITK_AIML_Capstone/project1_autonomous_driving/data/part1/crops/00002538_193_car.jpg,car,3,00002538,0,100,89,149,v3_no_ambiguous
/Users/sameerkarur/Documents/Git/Data_science/07_IITK_AIML_Capstone/project1_autonomous_driving/data/part1/crops/00004449_194_car.jpg,car,3,00004449,297,151,391,198,v3_no_ambiguous
/Users/sameerkarur/Documents/Git/Data_science/07_IITK_AIML_Capstone/project1_autonomous_driving/data/part1/crops/00005172_195_car.jpg,car,3,00005172,368,209,477,248,v3_no_ambiguous
/Users/sameerkarur/Documents/Git/Data_science/07_IITK_AIML_Capstone/project1_autonomous_driving/data/part1/crops/00004252_196_car.jpg,car,3,00004252,187,207,424,352,v3_no_ambiguous
/Users/sameerkarur/Documents/Git/Data_science/07_IITK_AIML_Capstone/project1_autonomous_driving/data/part1/crops/00001103_197_car.jpg,car,3,00001103,312,171,537,346,v3_no_ambiguous
/Users/sameerkarur/Documents/Git/Data_science/07_IITK_AIML_Capstone/project1_autonomous_driving/data/part1/crops/00000701_198_pickup_truck.jpg,pickup_truck,6,00000701,242,82,340,153,v3_no_ambiguous
/Users/sameerkarur/Documents/Git/Data_science/07_IITK_AIML_Capstone/project1_autonomous_driving/data/part1/crops/00000392_199_bicycle.jpg,bicycle,1,00000392,282,182,321,268,v3_no_ambiguous
/Users/sameerkarur/Documents/Git/Data_science/07_IITK_AIML_Capstone/project1_autonomous_driving/data/part1/crops/00002792_200_bus.jpg,bus,2,00002792,212,61,255,95,v3_no_ambiguous
/Users/sameerkarur/Documents/Git/Data_science/07_IITK_AIML_Capstone/project1_autonomous_driving/data/part1/crops/00004505_201_pickup_truck.jpg,pickup_truck,6,00004505,226,318,435,448,v3_no_ambiguous
/Users/sameerkarur/Documents/Git/Data_science/07_IITK_AIML_Capstone/project1_autonomous_driving/data/part1/crops/00002353_202_bus.jpg,bus,2,00002353,257,112,558,284,v3_no_ambiguous
/Users/sameerkarur/Documents/Git/Data_science/07_IITK_AIML_Capstone/project1_autonomous_driving/data/part1/crops/00001509_203_work_van.jpg,work_van,8,00001509,593,178,713,234,v3_no_ambiguous
/Users/sameerkarur/Documents/Git/Data_science/07_IITK_AIML_Capstone/project1_autonomous_driving/data/part1/crops/00004829_204_work_van.jpg,work_van,8,00004829,37,107,153,189,v3_no_ambiguous
/Users/sameerkarur/Documents/Git/Data_science/07_IITK_AIML_Capstone/project1_autonomous_driving/data/part1/crops/00003966_205_pickup_truck.jpg,pickup_truck,6,00003966,247,105,340,157,v3_no_ambiguous
/Users/sameerkarur/Documents/Git/Data_science/07_IITK_AIML_Capstone/project1_autonomous_driving/data/part1/crops/00002165_206_car.jpg,car,3,00002165,41,119,78,143,v3_no_ambiguous
/Users/sameerkarur/Documents/Git/Data_science/07_IITK_AIML_Capstone/project1_autonomous_driving/data/part1/crops/00000674_207_pickup_truck.jpg,pickup_truck,6,00000674,37,163,235,270,v3_no_ambiguous
/Users/sameerkarur/Documents/Git/Data_science/07_IITK_AIML_Capstone/project1_autonomous_driving/data/part1/crops/00004544_208_bus.jpg,bus,2,00004544,352,174,565,387,v3_no_ambiguous
/Users/sameerkarur/Documents/Git/Data_science/07_IITK_AIML_Capstone/project1_autonomous_driving/data/part1/crops/00000198_209_pickup_truck.jpg,pickup_truck,6,00000198,0,233,245,420,v3_no_ambiguous
/Users/sameerkarur/Documents/Git/Data_science/07_IITK_AIML_Capstone/project1_autonomous_driving/data/part1/crops/00004971_210_work_van.jpg,work_van,8,00004971,277,74,459,157,v3_no_ambiguous
/Users/sameerkarur/Documents/Git/Data_science/07_IITK_AIML_Capstone/project1_autonomous_driving/data/part1/crops/00004032_211_work_van.jpg,work_van,8,00004032,169,257,271,351,v3_no_ambiguous
/Users/sameerkarur/Documents/Git/Data_science/07_IITK_AIML_Capstone/project1_autonomous_driving/data/part1/crops/00001246_212_work_van.jpg,work_van,8,00001246,423,77,497,127,v3_no_ambiguous
/Users/sameerkarur/Documents/Git/Data_science/07_IITK_AIML_Capstone/project1_autonomous_driving/data/part1/crops/00002372_213_work_van.jpg,work_van,8,00002372,267,221,414,313,v3_no_ambiguous
/Users/sameerkarur/Documents/Git/Data_science/07_IITK_AIML_Capstone/project1_autonomous_driving/data/part1/crops/00003458_214_single_unit_truck.jpg,single_unit_truck,7,00003458,406,43,450,80,v3_no_ambiguous
/Users/sameerkarur/Documents/Git/Data_science/07_IITK_AIML_Capstone/project1_autonomous_driving/data/part1/crops/00002101_215_work_van.jpg,work_van,8,00002101,76,44,104,71,v3_no_ambiguous
/Users/sameerkarur/Documents/Git/Data_science/07_IITK_AIML_Capstone/project1_autonomous_driving/data/part1/crops/00000617_216_articulated_truck.jpg,articulated_truck,0,00000617,181,51,283,87,v3_no_ambiguous
/Users/sameerkarur/Documents/Git/Data_science/07_IITK_AIML_Capstone/project1_autonomous_driving/data/part1/crops/00003632_217_pickup_truck.jpg,pickup_truck,6,00003632,258,46,306,70,v3_no_ambiguous
/Users/sameerkarur/Documents/Git/Data_science/07_IITK_AIML_Capstone/project1_autonomous_driving/data/part1/crops/00002322_218_car.jpg,car,3,00002322,304,159,501,241,v3_no_ambiguous
/Users/sameerkarur/Documents/Git/Data_science/07_IITK_AIML_Capstone/project1_autonomous_driving/data/part1/crops/00005180_219_car.jpg,car,3,00005180,23,108,101,147,v3_no_ambiguous
/Users/sameerkarur/Documents/Git/Data_science/07_IITK_AIML_Capstone/project1_autonomous_driving/data/part1/crops/00001357_220_bicycle.jpg,bicycle,1,00001357,366,136,408,240,v3_no_ambiguous
/Users/sameerkarur/Documents/Git/Data_science/07_IITK_AIML_Capstone/project1_autonomous_driving/data/part1/crops/00004968_221_articulated_truck.jpg,articulated_truck,0,00004968,328,33,364,58,v3_no_ambiguous
/Users/sameerkarur/Documents/Git/Data_science/07_IITK_AIML_Capstone/project1_autonomous_driving/data/part1/crops/00002732_222_bus.jpg,bus,2,00002732,400,111,710,317,v3_no_ambiguous
/Users/sameerkarur/Documents/Git/Data_science/07_IITK_AIML_Capstone/project1_autonomous_driving/data/part1/crops/00000341_223_pickup_truck.jpg,pickup_truck,6,00000341,110,221,306,372,v3_no_ambiguous
/Users/sameerkarur/Documents/Git/Data_science/07_IITK_AIML_Capstone/project1_autonomous_driving/data/part1/crops/00004473_224_pedestrian.jpg,pedestrian,5,00004473,603,193,690,285,v3_no_ambiguous
/Users/sameerkarur/Documents/Git/Data_science/07_IITK_AIML_Capstone/project1_autonomous_driving/data/part1/crops/00000514_225_pickup_truck.jpg,pickup_truck,6,00000514,113,36,256,108,v3_no_ambiguous
/Users/sameerkarur/Documents/Git/Data_science/07_IITK_AIML_Capstone/project1_autonomous_driving/data/part1/crops/00005147_226_single_unit_truck.jpg,single_unit_truck,7,00005147,238,48,338,102,v3_no_ambiguous
/Users/sameerkarur/Documents/Git/Data_science/07_IITK_AIML_Capstone/project1_autonomous_driving/data/part1/crops/00004927_227_car.jpg,car,3,00004927,397,89,442,113,v3_no_ambiguous
/Users/sameerkarur/Documents/Git/Data_science/07_IITK_AIML_Capstone/project1_autonomous_driving/data/part1/crops/00002020_228_articulated_truck.jpg,articulated_truck,0,00002020,0,32,335,289,v3_no_ambiguous
/Users/sameerkarur/Documents/Git/Data_science/07_IITK_AIML_Capstone/project1_autonomous_driving/data/part1/crops/00003673_229_articulated_truck.jpg,articulated_truck,0,00003673,3,217,498,451,v3_no_ambiguous
/Users/sameerkarur/Documents/Git/Data_science/07_IITK_AIML_Capstone/project1_autonomous_driving/data/part1/crops/00005577_230_single_unit_truck.jpg,single_unit_truck,7,00005577,364,123,433,158,v3_no_ambiguous
/Users/sameerkarur/Documents/Git/Data_science/07_IITK_AIML_Capstone/project1_autonomous_driving/data/part1/crops/00004100_231_car.jpg,car,3,00004100,115,62,194,98,v3_no_ambiguous
/Users/sameerkarur/Documents/Git/Data_science/07_IITK_AIML_Capstone/project1_autonomous_driving/data/part1/crops/00000966_232_articulated_truck.jpg,articulated_truck,0,00000966,11,31,136,80,v3_no_ambiguous
/Users/sameerkarur/Documents/Git/Data_science/07_IITK_AIML_Capstone/project1_autonomous_driving/data/part1/crops/00000953_233_work_van.jpg,work_van,8,00000953,347,116,444,186,v3_no_ambiguous
/Users/sameerkarur/Documents/Git/Data_science/07_IITK_AIML_Capstone/project1_autonomous_driving/data/part1/crops/00000184_234_bicycle.jpg,bicycle,1,00000184,537,65,604,148,v3_no_ambiguous
/Users/sameerkarur/Documents/Git/Data_science/07_IITK_AIML_Capstone/project1_autonomous_driving/data/part1/crops/00004581_235_articulated_truck.jpg,articulated_truck,0,00004581,38,162,162,283,v3_no_ambiguous
/Users/sameerkarur/Documents/Git/Data_science/07_IITK_AIML_Capstone/project1_autonomous_driving/data/part1/crops/00000226_236_articulated_truck.jpg,articulated_truck,0,00000226,475,2,539,29,v3_no_ambiguous
/Users/sameerkarur/Documents/Git/Data_science/07_IITK_AIML_Capstone/project1_autonomous_driving/data/part1/crops/00002083_237_car.jpg,car,3,00002083,362,167,429,203,v3_no_ambiguous
/Users/sameerkarur/Documents/Git/Data_science/07_IITK_AIML_Capstone/project1_autonomous_driving/data/part1/crops/00002366_238_car.jpg,car,3,00002366,413,60,449,87,v3_no_ambiguous
/Users/sameerkarur/Documents/Git/Data_science/07_IITK_AIML_Capstone/project1_autonomous_driving/data/part1/crops/00004280_239_car.jpg,car,3,00004280,253,41,345,97,v3_no_ambiguous
/Users/sameerkarur/Documents/Git/Data_science/07_IITK_AIML_Capstone/project1_autonomous_driving/data/part1/crops/00004459_240_car.jpg,car,3,00004459,242,175,289,250,v3_no_ambiguous
/Users/sameerkarur/Documents/Git/Data_science/07_IITK_AIML_Capstone/project1_autonomous_driving/data/part1/crops/00005081_241_bus.jpg,bus,2,00005081,210,146,615,332,v3_no_ambiguous
/Users/sameerkarur/Documents/Git/Data_science/07_IITK_AIML_Capstone/project1_autonomous_driving/data/part1/crops/00003910_242_car.jpg,car,3,00003910,375,223,431,292,v3_no_ambiguous
/Users/sameerkarur/Documents/Git/Data_science/07_IITK_AIML_Capstone/project1_autonomous_driving/data/part1/crops/00004351_243_pickup_truck.jpg,pickup_truck,6,00004351,132,234,320,345,v3_no_ambiguous
/Users/sameerkarur/Documents/Git/Data_science/07_IITK_AIML_Capstone/project1_autonomous_driving/data/part1/crops/00003962_244_work_van.jpg,work_van,8,00003962,54,51,120,82,v3_no_ambiguous
/Users/sameerkarur/Documents/Git/Data_science/07_IITK_AIML_Capstone/project1_autonomous_driving/data/part1/crops/00001992_245_pedestrian.jpg,pedestrian,5,00001992,556,362,596,431,v3_no_ambiguous
/Users/sameerkarur/Documents/Git/Data_science/07_IITK_AIML_Capstone/project1_autonomous_driving/data/part1/crops/00004442_246_articulated_truck.jpg,articulated_truck,0,00004442,8,33,146,86,v3_no_ambiguous
/Users/sameerkarur/Documents/Git/Data_science/07_IITK_AIML_Capstone/project1_autonomous_driving/data/part1/crops/00004425_247_work_van.jpg,work_van,8,00004425,278,139,542,260,v3_no_ambiguous
/Users/sameerkarur/Documents/Git/Data_science/07_IITK_AIML_Capstone/project1_autonomous_driving/data/part1/crops/00002183_248_pickup_truck.jpg,pickup_truck,6,00002183,132,97,246,166,v3_no_ambiguous
/Users/sameerkarur/Documents/Git/Data_science/07_IITK_AIML_Capstone/project1_autonomous_driving/data/part1/crops/00000012_249_car.jpg,car,3,00000012,80,110,213,176,v3_no_ambiguous
/Users/sameerkarur/Documents/Git/Data_science/07_IITK_AIML_Capstone/project1_autonomous_driving/data/part1/crops/00001348_250_single_unit_truck.jpg,single_unit_truck,7,00001348,396,1,463,44,v3_no_ambiguous
/Users/sameerkarur/Documents/Git/Data_science/07_IITK_AIML_Capstone/project1_autonomous_driving/data/part1/crops/00001203_251_car.jpg,car,3,00001203,68,141,187,193,v3_no_ambiguous
/Users/sameerkarur/Documents/Git/Data_science/07_IITK_AIML_Capstone/project1_autonomous_driving/data/part1/crops/00001671_252_articulated_truck.jpg,articulated_truck,0,00001671,432,85,711,401,v3_no_ambiguous
/Users/sameerkarur/Documents/Git/Data_science/07_IITK_AIML_Capstone/project1_autonomous_driving/data/part1/crops/00003903_253_pickup_truck.jpg,pickup_truck,6,00003903,22,156,206,267,v3_no_ambiguous
/Users/sameerkarur/Documents/Git/Data_science/07_IITK_AIML_Capstone/project1_autonomous_driving/data/part1/crops/00004118_254_single_unit_truck.jpg,single_unit_truck,7,00004118,337,222,627,392,v3_no_ambiguous
/Users/sameerkarur/Documents/Git/Data_science/07_IITK_AIML_Capstone/project1_autonomous_driving/data/part1/crops/00001670_255_work_van.jpg,work_van,8,00001670,72,44,114,72,v3_no_ambiguous
/Users/sameerkarur/Documents/Git/Data_science/07_IITK_AIML_Capstone/project1_autonomous_driving/data/part1/crops/00005225_256_car.jpg,car,3,00005225,475,77,574,115,v3_no_ambiguous
/Users/sameerkarur/Documents/Git/Data_science/07_IITK_AIML_Capstone/project1_autonomous_driving/data/part1/crops/00003283_257_pickup_truck.jpg,pickup_truck,6,00003283,134,45,259,91,v3_no_ambiguous
/Users/sameerkarur/Documents/Git/Data_science/07_IITK_AIML_Capstone/project1_autonomous_driving/data/part1/crops/00001757_258_car.jpg,car,3,00001757,390,128,575,208,v3_no_ambiguous
/Users/sameerkarur/Documents/Git/Data_science/07_IITK_AIML_Capstone/project1_autonomous_driving/data/part1/crops/00005467_259_bus.jpg,bus,2,00005467,2,84,514,376,v3_no_ambiguous
/Users/sameerkarur/Documents/Git/Data_science/07_IITK_AIML_Capstone/project1_autonomous_driving/data/part1/crops/00001727_260_pickup_truck.jpg,pickup_truck,6,00001727,4,186,57,219,v3_no_ambiguous
/Users/sameerkarur/Documents/Git/Data_science/07_IITK_AIML_Capstone/project1_autonomous_driving/data/part1/crops/00000648_261_car.jpg,car,3,00000648,627,102,713,163,v3_no_ambiguous
/Users/sameerkarur/Documents/Git/Data_science/07_IITK_AIML_Capstone/project1_autonomous_driving/data/part1/crops/00000917_262_bus.jpg,bus,2,00000917,345,65,580,195,v3_no_ambiguous
/Users/sameerkarur/Documents/Git/Data_science/07_IITK_AIML_Capstone/project1_autonomous_driving/data/part1/crops/00004743_263_pedestrian.jpg,pedestrian,5,00004743,177,418,260,475,v3_no_ambiguous
/Users/sameerkarur/Documents/Git/Data_science/07_IITK_AIML_Capstone/project1_autonomous_driving/data/part1/crops/00003132_264_car.jpg,car,3,00003132,195,2,247,35,v3_no_ambiguous
/Users/sameerkarur/Documents/Git/Data_science/07_IITK_AIML_Capstone/project1_autonomous_driving/data/part1/crops/00000395_265_articulated_truck.jpg,articulated_truck,0,00000395,224,15,339,88,v3_no_ambiguous
/Users/sameerkarur/Documents/Git/Data_science/07_IITK_AIML_Capstone/project1_autonomous_driving/data/part1/crops/00002818_266_articulated_truck.jpg,articulated_truck,0,00002818,277,76,339,152,v3_no_ambiguous
/Users/sameerkarur/Documents/Git/Data_science/07_IITK_AIML_Capstone/project1_autonomous_driving/data/part1/crops/00004657_267_pickup_truck.jpg,pickup_truck,6,00004657,245,56,338,98,v3_no_ambiguous
/Users/sameerkarur/Documents/Git/Data_science/07_IITK_AIML_Capstone/project1_autonomous_driving/data/part1/crops/00001074_268_work_van.jpg,work_van,8,00001074,204,57,309,121,v3_no_ambiguous
/Users/sameerkarur/Documents/Git/Data_science/07_IITK_AIML_Capstone/project1_autonomous_driving/data/part1/crops/00001471_269_pickup_truck.jpg,pickup_truck,6,00001471,111,92,271,154,v3_no_ambiguous
/Users/sameerkarur/Documents/Git/Data_science/07_IITK_AIML_Capstone/project1_autonomous_driving/data/part1/crops/00002114_270_car.jpg,car,3,00002114,70,130,219,201,v3_no_ambiguous
/Users/sameerkarur/Documents/Git/Data_science/07_IITK_AIML_Capstone/project1_autonomous_driving/data/part1/crops/00004670_271_car.jpg,car,3,00004670,187,68,274,112,v3_no_ambiguous
/Users/sameerkarur/Documents/Git/Data_science/07_IITK_AIML_Capstone/project1_autonomous_driving/data/part1/crops/00002080_272_car.jpg,car,3,00002080,266,136,435,213,v3_no_ambiguous
/Users/sameerkarur/Documents/Git/Data_science/07_IITK_AIML_Capstone/project1_autonomous_driving/data/part1/crops/00002435_273_pickup_truck.jpg,pickup_truck,6,00002435,310,58,579,187,v3_no_ambiguous
/Users/sameerkarur/Documents/Git/Data_science/07_IITK_AIML_Capstone/project1_autonomous_driving/data/part1/crops/00001851_274_car.jpg,car,3,00001851,679,176,713,214,v3_no_ambiguous
/Users/sameerkarur/Documents/Git/Data_science/07_IITK_AIML_Capstone/project1_autonomous_driving/data/part1/crops/00002618_275_articulated_truck.jpg,articulated_truck,0,00002618,559,169,714,365,v3_no_ambiguous
/Users/sameerkarur/Documents/Git/Data_science/07_IITK_AIML_Capstone/project1_autonomous_driving/data/part1/crops/00003123_276_pickup_truck.jpg,pickup_truck,6,00003123,197,107,549,303,v3_no_ambiguous
/Users/sameerkarur/Documents/Git/Data_science/07_IITK_AIML_Capstone/project1_autonomous_driving/data/part1/crops/00001829_277_car.jpg,car,3,00001829,1,49,37,73,v3_no_ambiguous
/Users/sameerkarur/Documents/Git/Data_science/07_IITK_AIML_Capstone/project1_autonomous_driving/data/part1/crops/00001807_278_car.jpg,car,3,00001807,117,39,220,92,v3_no_ambiguous
/Users/sameerkarur/Documents/Git/Data_science/07_IITK_AIML_Capstone/project1_autonomous_driving/data/part1/crops/00005010_279_car.jpg,car,3,00005010,604,306,710,434,v3_no_ambiguous
/Users/sameerkarur/Documents/Git/Data_science/07_IITK_AIML_Capstone/project1_autonomous_driving/data/part1/crops/00002246_280_articulated_truck.jpg,articulated_truck,0,00002246,515,82,669,124,v3_no_ambiguous
/Users/sameerkarur/Documents/Git/Data_science/07_IITK_AIML_Capstone/project1_autonomous_driving/data/part1/crops/00000924_281_work_van.jpg,work_van,8,00000924,492,58,521,83,v3_no_ambiguous
/Users/sameerkarur/Documents/Git/Data_science/07_IITK_AIML_Capstone/project1_autonomous_driving/data/part1/crops/00002232_282_car.jpg,car,3,00002232,537,155,714,291,v3_no_ambiguous
/Users/sameerkarur/Documents/Git/Data_science/07_IITK_AIML_Capstone/project1_autonomous_driving/data/part1/crops/00003987_283_pickup_truck.jpg,pickup_truck,6,00003987,234,70,308,109,v3_no_ambiguous
/Users/sameerkarur/Documents/Git/Data_science/07_IITK_AIML_Capstone/project1_autonomous_driving/data/part1/crops/00004236_284_pickup_truck.jpg,pickup_truck,6,00004236,451,61,503,104,v3_no_ambiguous
/Users/sameerkarur/Documents/Git/Data_science/07_IITK_AIML_Capstone/project1_autonomous_driving/data/part1/crops/00005299_285_bus.jpg,bus,2,00005299,102,78,273,144,v3_no_ambiguous
/Users/sameerkarur/Documents/Git/Data_science/07_IITK_AIML_Capstone/project1_autonomous_driving/data/part1/crops/00004513_286_car.jpg,car,3,00004513,118,98,263,164,v3_no_ambiguous
/Users/sameerkarur/Documents/Git/Data_science/07_IITK_AIML_Capstone/project1_autonomous_driving/data/part1/crops/00000347_287_car.jpg,car,3,00000347,95,140,219,189,v3_no_ambiguous
/Users/sameerkarur/Documents/Git/Data_science/07_IITK_AIML_Capstone/project1_autonomous_driving/data/part1/crops/00002419_288_pickup_truck.jpg,pickup_truck,6,00002419,109,38,241,101,v3_no_ambiguous
/Users/sameerkarur/Documents/Git/Data_science/07_IITK_AIML_Capstone/project1_autonomous_driving/data/part1/crops/00004355_289_single_unit_truck.jpg,single_unit_truck,7,00004355,63,122,146,203,v3_no_ambiguous
/Users/sameerkarur/Documents/Git/Data_science/07_IITK_AIML_Capstone/project1_autonomous_driving/data/part1/crops/00001617_290_bus.jpg,bus,2,00001617,0,125,348,372,v3_no_ambiguous
/Users/sameerkarur/Documents/Git/Data_science/07_IITK_AIML_Capstone/project1_autonomous_driving/data/part1/crops/00002645_291_articulated_truck.jpg,articulated_truck,0,00002645,11,41,129,89,v3_no_ambiguous
/Users/sameerkarur/Documents/Git/Data_science/07_IITK_AIML_Capstone/project1_autonomous_driving/data/part1/crops/00002924_292_work_van.jpg,work_van,8,00002924,196,61,288,110,v3_no_ambiguous
/Users/sameerkarur/Documents/Git/Data_science/07_IITK_AIML_Capstone/project1_autonomous_driving/data/part1/crops/00001405_293_bus.jpg,bus,2,00001405,342,161,718,478,v3_no_ambiguous
/Users/sameerkarur/Documents/Git/Data_science/07_IITK_AIML_Capstone/project1_autonomous_driving/data/part1/crops/00001327_294_car.jpg,car,3,00001327,93,238,301,386,v3_no_ambiguous
/Users/sameerkarur/Documents/Git/Data_science/07_IITK_AIML_Capstone/project1_autonomous_driving/data/part1/crops/00001544_295_car.jpg,car,3,00001544,476,411,642,478,v3_no_ambiguous
/Users/sameerkarur/Documents/Git/Data_science/07_IITK_AIML_Capstone/project1_autonomous_driving/data/part1/crops/00005204_296_bus.jpg,bus,2,00005204,186,147,439,314,v3_no_ambiguous
/Users/sameerkarur/Documents/Git/Data_science/07_IITK_AIML_Capstone/project1_autonomous_driving/data/part1/crops/00000879_297_work_van.jpg,work_van,8,00000879,76,45,111,70,v3_no_ambiguous
/Users/sameerkarur/Documents/Git/Data_science/07_IITK_AIML_Capstone/project1_autonomous_driving/data/part1/crops/00000232_298_pedestrian.jpg,pedestrian,5,00000232,124,179,153,218,v3_no_ambiguous
/Users/sameerkarur/Documents/Git/Data_science/07_IITK_AIML_Capstone/project1_autonomous_driving/data/part1/crops/00004035_299_pickup_truck.jpg,pickup_truck,6,00004035,92,103,166,155,v3_no_ambiguous
/Users/sameerkarur/Documents/Git/Data_science/07_IITK_AIML_Capstone/project1_autonomous_driving/data/part1/crops/00002666_300_work_van.jpg,work_van,8,00002666,127,86,202,125,v3_no_ambiguous
/Users/sameerkarur/Documents/Git/Data_science/07_IITK_AIML_Capstone/project1_autonomous_driving/data/part1/crops/00003479_301_bus.jpg,bus,2,00003479,198,144,508,290,v3_no_ambiguous
/Users/sameerkarur/Documents/Git/Data_science/07_IITK_AIML_Capstone/project1_autonomous_driving/data/part1/crops/00001154_302_car.jpg,car,3,00001154,629,176,677,220,v3_no_ambiguous
/Users/sameerkarur/Documents/Git/Data_science/07_IITK_AIML_Capstone/project1_autonomous_driving/data/part1/crops/00002620_303_work_van.jpg,work_van,8,00002620,204,77,281,121,v3_no_ambiguous
/Users/sameerkarur/Documents/Git/Data_science/07_IITK_AIML_Capstone/project1_autonomous_driving/data/part1/crops/00000354_304_car.jpg,car,3,00000354,296,183,394,311,v3_no_ambiguous
/Users/sameerkarur/Documents/Git/Data_science/07_IITK_AIML_Capstone/project1_autonomous_driving/data/part1/crops/00005110_305_articulated_truck.jpg,articulated_truck,0,00005110,180,83,326,170,v3_no_ambiguous
/Users/sameerkarur/Documents/Git/Data_science/07_IITK_AIML_Capstone/project1_autonomous_driving/data/part1/crops/00001889_306_bus.jpg,bus,2,00001889,3,157,615,478,v3_no_ambiguous
/Users/sameerkarur/Documents/Git/Data_science/07_IITK_AIML_Capstone/project1_autonomous_driving/data/part1/crops/00002860_307_pickup_truck.jpg,pickup_truck,6,00002860,112,94,275,156,v3_no_ambiguous
/Users/sameerkarur/Documents/Git/Data_science/07_IITK_AIML_Capstone/project1_autonomous_driving/data/part1/crops/00004415_308_car.jpg,car,3,00004415,431,166,693,388,v3_no_ambiguous
/Users/sameerkarur/Documents/Git/Data_science/07_IITK_AIML_Capstone/project1_autonomous_driving/data/part1/crops/00002473_309_pickup_truck.jpg,pickup_truck,6,00002473,289,23,472,102,v3_no_ambiguous
/Users/sameerkarur/Documents/Git/Data_science/07_IITK_AIML_Capstone/project1_autonomous_driving/data/part1/crops/00004043_310_bicycle.jpg,bicycle,1,00004043,226,129,268,207,v3_no_ambiguous
/Users/sameerkarur/Documents/Git/Data_science/07_IITK_AIML_Capstone/project1_autonomous_driving/data/part1/crops/00000207_311_car.jpg,car,3,00000207,664,293,715,375,v3_no_ambiguous
/Users/sameerkarur/Documents/Git/Data_science/07_IITK_AIML_Capstone/project1_autonomous_driving/data/part1/crops/00001179_312_car.jpg,car,3,00001179,164,194,254,241,v3_no_ambiguous
/Users/sameerkarur/Documents/Git/Data_science/07_IITK_AIML_Capstone/project1_autonomous_driving/data/part1/crops/00000999_313_articulated_truck.jpg,articulated_truck,0,00000999,14,29,233,108,v3_no_ambiguous
/Users/sameerkarur/Documents/Git/Data_science/07_IITK_AIML_Capstone/project1_autonomous_driving/data/part1/crops/00000155_314_car.jpg,car,3,00000155,447,111,522,170,v3_no_ambiguous
/Users/sameerkarur/Documents/Git/Data_science/07_IITK_AIML_Capstone/project1_autonomous_driving/data/part1/crops/00004053_315_articulated_truck.jpg,articulated_truck,0,00004053,0,2,495,159,v3_no_ambiguous
/Users/sameerkarur/Documents/Git/Data_science/07_IITK_AIML_Capstone/project1_autonomous_driving/data/part1/crops/00003513_316_car.jpg,car,3,00003513,579,160,638,187,v3_no_ambiguous
/Users/sameerkarur/Documents/Git/Data_science/07_IITK_AIML_Capstone/project1_autonomous_driving/data/part1/crops/00001812_317_car.jpg,car,3,00001812,339,263,480,426,v3_no_ambiguous
/Users/sameerkarur/Documents/Git/Data_science/07_IITK_AIML_Capstone/project1_autonomous_driving/data/part1/crops/00000979_318_car.jpg,car,3,00000979,218,231,503,343,v3_no_ambiguous
/Users/sameerkarur/Documents/Git/Data_science/07_IITK_AIML_Capstone/project1_autonomous_driving/data/part1/crops/00001546_319_pedestrian.jpg,pedestrian,5,00001546,225,243,269,315,v3_no_ambiguous
/Users/sameerkarur/Documents/Git/Data_science/07_IITK_AIML_Capstone/project1_autonomous_driving/data/part1/crops/00000160_320_car.jpg,car,3,00000160,420,346,519,470,v3_no_ambiguous
/Users/sameerkarur/Documents/Git/Data_science/07_IITK_AIML_Capstone/project1_autonomous_driving/data/part1/crops/00000276_321_single_unit_truck.jpg,single_unit_truck,7,00000276,435,91,474,116,v3_no_ambiguous
/Users/sameerkarur/Documents/Git/Data_science/07_IITK_AIML_Capstone/project1_autonomous_driving/data/part1/crops/00005218_322_pickup_truck.jpg,pickup_truck,6,00005218,19,49,108,88,v3_no_ambiguous
/Users/sameerkarur/Documents/Git/Data_science/07_IITK_AIML_Capstone/project1_autonomous_driving/data/part1/crops/00001061_323_bus.jpg,bus,2,00001061,227,129,708,286,v3_no_ambiguous
/Users/sameerkarur/Documents/Git/Data_science/07_IITK_AIML_Capstone/project1_autonomous_driving/data/part1/crops/00002126_324_pickup_truck.jpg,pickup_truck,6,00002126,425,162,510,224,v3_no_ambiguous
/Users/sameerkarur/Documents/Git/Data_science/07_IITK_AIML_Capstone/project1_autonomous_driving/data/part1/crops/00000232_325_car.jpg,car,3,00000232,548,77,593,117,v3_no_ambiguous
/Users/sameerkarur/Documents/Git/Data_science/07_IITK_AIML_Capstone/project1_autonomous_driving/data/part1/crops/00003413_326_work_van.jpg,work_van,8,00003413,513,109,627,222,v3_no_ambiguous
/Users/sameerkarur/Documents/Git/Data_science/07_IITK_AIML_Capstone/project1_autonomous_driving/data/part1/crops/00000700_327_pickup_truck.jpg,pickup_truck,6,00000700,475,183,709,386,v3_no_ambiguous
/Users/sameerkarur/Documents/Git/Data_science/07_IITK_AIML_Capstone/project1_autonomous_driving/data/part1/crops/00004868_328_single_unit_truck.jpg,single_unit_truck,7,00004868,325,102,429,157,v3_no_ambiguous
/Users/sameerkarur/Documents/Git/Data_science/07_IITK_AIML_Capstone/project1_autonomous_driving/data/part1/crops/00000799_329_pickup_truck.jpg,pickup_truck,6,00000799,17,133,152,192,v3_no_ambiguous
/Users/sameerkarur/Documents/Git/Data_science/07_IITK_AIML_Capstone/project1_autonomous_driving/data/part1/crops/00005415_330_work_van.jpg,work_van,8,00005415,191,256,292,356,v3_no_ambiguous
/Users/sameerkarur/Documents/Git/Data_science/07_IITK_AIML_Capstone/project1_autonomous_driving/data/part1/crops/00001225_331_bus.jpg,bus,2,00001225,187,151,465,276,v3_no_ambiguous
/Users/sameerkarur/Documents/Git/Data_science/07_IITK_AIML_Capstone/project1_autonomous_driving/data/part1/crops/00001872_332_pickup_truck.jpg,pickup_truck,6,00001872,289,181,405,247,v3_no_ambiguous
/Users/sameerkarur/Documents/Git/Data_science/07_IITK_AIML_Capstone/project1_autonomous_driving/data/part1/crops/00004094_333_motorcycle.jpg,motorcycle,4,00004094,184,233,246,317,v3_no_ambiguous
/Users/sameerkarur/Documents/Git/Data_science/07_IITK_AIML_Capstone/project1_autonomous_driving/data/part1/crops/00001435_334_car.jpg,car,3,00001435,125,130,274,194,v3_no_ambiguous
/Users/sameerkarur/Documents/Git/Data_science/07_IITK_AIML_Capstone/project1_autonomous_driving/data/part1/crops/00003512_335_articulated_truck.jpg,articulated_truck,0,00003512,616,93,710,125,v3_no_ambiguous
/Users/sameerkarur/Documents/Git/Data_science/07_IITK_AIML_Capstone/project1_autonomous_driving/data/part1/crops/00002941_336_car.jpg,car,3,00002941,614,134,639,159,v3_no_ambiguous
/Users/sameerkarur/Documents/Git/Data_science/07_IITK_AIML_Capstone/project1_autonomous_driving/data/part1/crops/00002707_337_car.jpg,car,3,00002707,561,15,624,57,v3_no_ambiguous
/Users/sameerkarur/Documents/Git/Data_science/07_IITK_AIML_Capstone/project1_autonomous_driving/data/part1/crops/00001570_338_car.jpg,car,3,00001570,438,133,515,157,v3_no_ambiguous
/Users/sameerkarur/Documents/Git/Data_science/07_IITK_AIML_Capstone/project1_autonomous_driving/data/part1/crops/00002224_339_car.jpg,car,3,00002224,120,54,223,92,v3_no_ambiguous
/Users/sameerkarur/Documents/Git/Data_science/07_IITK_AIML_Capstone/project1_autonomous_driving/data/part1/crops/00004163_340_car.jpg,car,3,00004163,602,163,638,201,v3_no_ambiguous
/Users/sameerkarur/Documents/Git/Data_science/07_IITK_AIML_Capstone/project1_autonomous_driving/data/part1/crops/00000317_341_bus.jpg,bus,2,00000317,526,123,614,165,v3_no_ambiguous
/Users/sameerkarur/Documents/Git/Data_science/07_IITK_AIML_Capstone/project1_autonomous_driving/data/part1/crops/00002515_342_pickup_truck.jpg,pickup_truck,6,00002515,196,222,448,311,v3_no_ambiguous
/Users/sameerkarur/Documents/Git/Data_science/07_IITK_AIML_Capstone/project1_autonomous_driving/data/part1/crops/00003207_343_articulated_truck.jpg,articulated_truck,0,00003207,496,79,616,111,v3_no_ambiguous
/Users/sameerkarur/Documents/Git/Data_science/07_IITK_AIML_Capstone/project1_autonomous_driving/data/part1/crops/00002992_344_pickup_truck.jpg,pickup_truck,6,00002992,359,96,590,256,v3_no_ambiguous
/Users/sameerkarur/Documents/Git/Data_science/07_IITK_AIML_Capstone/project1_autonomous_driving/data/part1/crops/00000270_345_car.jpg,car,3,00000270,198,61,295,142,v3_no_ambiguous
/Users/sameerkarur/Documents/Git/Data_science/07_IITK_AIML_Capstone/project1_autonomous_driving/data/part1/crops/00003376_346_work_van.jpg,work_van,8,00003376,460,140,639,238,v3_no_ambiguous
/Users/sameerkarur/Documents/Git/Data_science/07_IITK_AIML_Capstone/project1_autonomous_driving/data/part1/crops/00000959_347_bus.jpg,bus,2,00000959,67,215,401,428,v3_no_ambiguous
/Users/sameerkarur/Documents/Git/Data_science/07_IITK_AIML_Capstone/project1_autonomous_driving/data/part1/crops/00003389_348_bus.jpg,bus,2,00003389,277,1,634,129,v3_no_ambiguous
/Users/sameerkarur/Documents/Git/Data_science/07_IITK_AIML_Capstone/project1_autonomous_driving/data/part1/crops/00000242_349_single_unit_truck.jpg,single_unit_truck,7,00000242,652,125,710,217,v3_no_ambiguous
/Users/sameerkarur/Documents/Git/Data_science/07_IITK_AIML_Capstone/project1_autonomous_driving/data/part1/crops/00000217_350_single_unit_truck.jpg,single_unit_truck,7,00000217,344,84,418,161,v3_no_ambiguous
/Users/sameerkarur/Documents/Git/Data_science/07_IITK_AIML_Capstone/project1_autonomous_driving/data/part1/crops/00003517_351_car.jpg,car,3,00003517,99,113,162,171,v3_no_ambiguous
/Users/sameerkarur/Documents/Git/Data_science/07_IITK_AIML_Capstone/project1_autonomous_driving/data/part1/crops/00002317_352_articulated_truck.jpg,articulated_truck,0,00002317,126,10,221,34,v3_no_ambiguous
/Users/sameerkarur/Documents/Git/Data_science/07_IITK_AIML_Capstone/project1_autonomous_driving/data/part1/crops/00005623_353_car.jpg,car,3,00005623,145,342,259,465,v3_no_ambiguous
/Users/sameerkarur/Documents/Git/Data_science/07_IITK_AIML_Capstone/project1_autonomous_driving/data/part1/crops/00002943_354_articulated_truck.jpg,articulated_truck,0,00002943,386,38,685,281,v3_no_ambiguous
/Users/sameerkarur/Documents/Git/Data_science/07_IITK_AIML_Capstone/project1_autonomous_driving/data/part1/crops/00005012_355_car.jpg,car,3,00005012,105,43,156,68,v3_no_ambiguous
/Users/sameerkarur/Documents/Git/Data_science/07_IITK_AIML_Capstone/project1_autonomous_driving/data/part1/crops/00002355_356_car.jpg,car,3,00002355,468,158,522,198,v3_no_ambiguous
/Users/sameerkarur/Documents/Git/Data_science/07_IITK_AIML_Capstone/project1_autonomous_driving/data/part1/crops/00001983_357_pickup_truck.jpg,pickup_truck,6,00001983,431,161,507,216,v3_no_ambiguous
/Users/sameerkarur/Documents/Git/Data_science/07_IITK_AIML_Capstone/project1_autonomous_driving/data/part1/crops/00003306_358_work_van.jpg,work_van,8,00003306,392,61,654,196,v3_no_ambiguous
/Users/sameerkarur/Documents/Git/Data_science/07_IITK_AIML_Capstone/project1_autonomous_driving/data/part1/crops/00001624_359_work_van.jpg,work_van,8,00001624,213,88,338,152,v3_no_ambiguous
/Users/sameerkarur/Documents/Git/Data_science/07_IITK_AIML_Capstone/project1_autonomous_driving/data/part1/crops/00001329_360_bus.jpg,bus,2,00001329,302,116,435,168,v3_no_ambiguous
/Users/sameerkarur/Documents/Git/Data_science/07_IITK_AIML_Capstone/project1_autonomous_driving/data/part1/crops/00001127_361_single_unit_truck.jpg,single_unit_truck,7,00001127,266,124,360,159,v3_no_ambiguous
/Users/sameerkarur/Documents/Git/Data_science/07_IITK_AIML_Capstone/project1_autonomous_driving/data/part1/crops/00001379_362_articulated_truck.jpg,articulated_truck,0,00001379,1,74,250,191,v3_no_ambiguous
/Users/sameerkarur/Documents/Git/Data_science/07_IITK_AIML_Capstone/project1_autonomous_driving/data/part1/crops/00003367_363_pickup_truck.jpg,pickup_truck,6,00003367,616,154,661,181,v3_no_ambiguous
/Users/sameerkarur/Documents/Git/Data_science/07_IITK_AIML_Capstone/project1_autonomous_driving/data/part1/crops/00005281_364_bicycle.jpg,bicycle,1,00005281,262,194,292,255,v3_no_ambiguous
/Users/sameerkarur/Documents/Git/Data_science/07_IITK_AIML_Capstone/project1_autonomous_driving/data/part1/crops/00003246_365_articulated_truck.jpg,articulated_truck,0,00003246,83,14,711,180,v3_no_ambiguous
/Users/sameerkarur/Documents/Git/Data_science/07_IITK_AIML_Capstone/project1_autonomous_driving/data/part1/crops/00003020_366_bicycle.jpg,bicycle,1,00003020,107,178,155,249,v3_no_ambiguous
/Users/sameerkarur/Documents/Git/Data_science/07_IITK_AIML_Capstone/project1_autonomous_driving/data/part1/crops/00002155_367_car.jpg,car,3,00002155,474,289,622,402,v3_no_ambiguous
/Users/sameerkarur/Documents/Git/Data_science/07_IITK_AIML_Capstone/project1_autonomous_driving/data/part1/crops/00002300_368_bus.jpg,bus,2,00002300,146,164,290,262,v3_no_ambiguous
/Users/sameerkarur/Documents/Git/Data_science/07_IITK_AIML_Capstone/project1_autonomous_driving/data/part1/crops/00002545_369_car.jpg,car,3,00002545,600,163,640,202,v3_no_ambiguous
/Users/sameerkarur/Documents/Git/Data_science/07_IITK_AIML_Capstone/project1_autonomous_driving/data/part1/crops/00001846_370_bus.jpg,bus,2,00001846,382,176,717,380,v3_no_ambiguous
/Users/sameerkarur/Documents/Git/Data_science/07_IITK_AIML_Capstone/project1_autonomous_driving/data/part1/crops/00004987_371_car.jpg,car,3,00004987,267,128,383,205,v3_no_ambiguous
/Users/sameerkarur/Documents/Git/Data_science/07_IITK_AIML_Capstone/project1_autonomous_driving/data/part1/crops/00002740_372_single_unit_truck.jpg,single_unit_truck,7,00002740,253,39,286,74,v3_no_ambiguous
/Users/sameerkarur/Documents/Git/Data_science/07_IITK_AIML_Capstone/project1_autonomous_driving/data/part1/crops/00003092_373_bus.jpg,bus,2,00003092,394,5,716,312,v3_no_ambiguous
/Users/sameerkarur/Documents/Git/Data_science/07_IITK_AIML_Capstone/project1_autonomous_driving/data/part1/crops/00000565_374_articulated_truck.jpg,articulated_truck,0,00000565,1,181,410,428,v3_no_ambiguous
/Users/sameerkarur/Documents/Git/Data_science/07_IITK_AIML_Capstone/project1_autonomous_driving/data/part1/crops/00000577_375_articulated_truck.jpg,articulated_truck,0,00000577,506,137,715,305,v3_no_ambiguous
/Users/sameerkarur/Documents/Git/Data_science/07_IITK_AIML_Capstone/project1_autonomous_driving/data/part1/crops/00005296_376_bus.jpg,bus,2,00005296,0,160,447,477,v3_no_ambiguous
/Users/sameerkarur/Documents/Git/Data_science/07_IITK_AIML_Capstone/project1_autonomous_driving/data/part1/crops/00004667_377_articulated_truck.jpg,articulated_truck,0,00004667,618,92,713,125,v3_no_ambiguous
/Users/sameerkarur/Documents/Git/Data_science/07_IITK_AIML_Capstone/project1_autonomous_driving/data/part1/crops/00000751_378_pickup_truck.jpg,pickup_truck,6,00000751,133,202,232,257,v3_no_ambiguous
/Users/sameerkarur/Documents/Git/Data_science/07_IITK_AIML_Capstone/project1_autonomous_driving/data/part1/crops/00001851_379_car.jpg,car,3,00001851,439,207,527,253,v3_no_ambiguous
/Users/sameerkarur/Documents/Git/Data_science/07_IITK_AIML_Capstone/project1_autonomous_driving/data/part1/crops/00001001_380_car.jpg,car,3,00001001,640,271,713,360,v3_no_ambiguous
/Users/sameerkarur/Documents/Git/Data_science/07_IITK_AIML_Capstone/project1_autonomous_driving/data/part1/crops/00001935_381_pickup_truck.jpg,pickup_truck,6,00001935,114,237,295,344,v3_no_ambiguous
/Users/sameerkarur/Documents/Git/Data_science/07_IITK_AIML_Capstone/project1_autonomous_driving/data/part1/crops/00004723_382_pickup_truck.jpg,pickup_truck,6,00004723,95,308,358,478,v3_no_ambiguous
/Users/sameerkarur/Documents/Git/Data_science/07_IITK_AIML_Capstone/project1_autonomous_driving/data/part1/crops/00002348_383_bus.jpg,bus,2,00002348,32,21,296,275,v3_no_ambiguous
/Users/sameerkarur/Documents/Git/Data_science/07_IITK_AIML_Capstone/project1_autonomous_driving/data/part1/crops/00000662_384_articulated_truck.jpg,articulated_truck,0,00000662,100,25,274,91,v3_no_ambiguous
/Users/sameerkarur/Documents/Git/Data_science/07_IITK_AIML_Capstone/project1_autonomous_driving/data/part1/crops/00004150_385_bicycle.jpg,bicycle,1,00004150,278,152,344,274,v3_no_ambiguous
/Users/sameerkarur/Documents/Git/Data_science/07_IITK_AIML_Capstone/project1_autonomous_driving/data/part1/crops/00000882_386_bus.jpg,bus,2,00000882,26,52,227,225,v3_no_ambiguous
/Users/sameerkarur/Documents/Git/Data_science/07_IITK_AIML_Capstone/project1_autonomous_driving/data/part1/crops/00002676_387_car.jpg,car,3,00002676,673,147,707,182,v3_no_ambiguous
/Users/sameerkarur/Documents/Git/Data_science/07_IITK_AIML_Capstone/project1_autonomous_driving/data/part1/crops/00001477_388_car.jpg,car,3,00001477,559,123,629,180,v3_no_ambiguous
/Users/sameerkarur/Documents/Git/Data_science/07_IITK_AIML_Capstone/project1_autonomous_driving/data/part1/crops/00000136_389_work_van.jpg,work_van,8,00000136,75,44,115,71,v3_no_ambiguous
/Users/sameerkarur/Documents/Git/Data_science/07_IITK_AIML_Capstone/project1_autonomous_driving/data/part1/crops/00000218_390_car.jpg,car,3,00000218,195,4,257,35,v3_no_ambiguous
/Users/sameerkarur/Documents/Git/Data_science/07_IITK_AIML_Capstone/project1_autonomous_driving/data/part1/crops/00002287_391_car.jpg,car,3,00002287,140,235,369,363,v3_no_ambiguous
/Users/sameerkarur/Documents/Git/Data_science/07_IITK_AIML_Capstone/project1_autonomous_driving/data/part1/crops/00002766_392_single_unit_truck.jpg,single_unit_truck,7,00002766,42,128,71,162,v3_no_ambiguous
/Users/sameerkarur/Documents/Git/Data_science/07_IITK_AIML_Capstone/project1_autonomous_driving/data/part1/crops/00000016_393_car.jpg,car,3,00000016,260,252,424,379,v3_no_ambiguous
/Users/sameerkarur/Documents/Git/Data_science/07_IITK_AIML_Capstone/project1_autonomous_driving/data/part1/crops/00001888_394_pickup_truck.jpg,pickup_truck,6,00001888,222,89,341,150,v3_no_ambiguous
/Users/sameerkarur/Documents/Git/Data_science/07_IITK_AIML_Capstone/project1_autonomous_driving/data/part1/crops/00000708_395_single_unit_truck.jpg,single_unit_truck,7,00000708,142,182,262,261,v3_no_ambiguous
/Users/sameerkarur/Documents/Git/Data_science/07_IITK_AIML_Capstone/project1_autonomous_driving/data/part1/crops/00004334_396_articulated_truck.jpg,articulated_truck,0,00004334,410,33,719,340,v3_no_ambiguous
/Users/sameerkarur/Documents/Git/Data_science/07_IITK_AIML_Capstone/project1_autonomous_driving/data/part1/crops/00005106_397_pickup_truck.jpg,pickup_truck,6,00005106,112,162,465,302,v3_no_ambiguous
/Users/sameerkarur/Documents/Git/Data_science/07_IITK_AIML_Capstone/project1_autonomous_driving/data/part1/crops/00002040_398_car.jpg,car,3,00002040,103,127,156,151,v3_no_ambiguous
/Users/sameerkarur/Documents/Git/Data_science/07_IITK_AIML_Capstone/project1_autonomous_driving/data/part1/crops/00001977_399_car.jpg,car,3,00001977,93,182,257,274,v3_no_ambiguous
/Users/sameerkarur/Documents/Git/Data_science/07_IITK_AIML_Capstone/project1_autonomous_driving/data/part1/crops/00004925_400_work_van.jpg,work_van,8,00004925,104,89,173,156,v3_no_ambiguous
/Users/sameerkarur/Documents/Git/Data_science/07_IITK_AIML_Capstone/project1_autonomous_driving/data/part1/crops/00001627_401_pickup_truck.jpg,pickup_truck,6,00001627,272,241,440,327,v3_no_ambiguous
/Users/sameerkarur/Documents/Git/Data_science/07_IITK_AIML_Capstone/project1_autonomous_driving/data/part1/crops/00003287_402_car.jpg,car,3,00003287,132,96,208,142,v3_no_ambiguous
/Users/sameerkarur/Documents/Git/Data_science/07_IITK_AIML_Capstone/project1_autonomous_driving/data/part1/crops/00005419_403_car.jpg,car,3,00005419,586,210,715,421,v3_no_ambiguous
/Users/sameerkarur/Documents/Git/Data_science/07_IITK_AIML_Capstone/project1_autonomous_driving/data/part1/crops/00001489_404_car.jpg,car,3,00001489,42,82,126,139,v3_no_ambiguous
/Users/sameerkarur/Documents/Git/Data_science/07_IITK_AIML_Capstone/project1_autonomous_driving/data/part1/crops/00000731_405_car.jpg,car,3,00000731,143,20,220,61,v3_no_ambiguous
/Users/sameerkarur/Documents/Git/Data_science/07_IITK_AIML_Capstone/project1_autonomous_driving/data/part1/crops/00003848_406_motorcycle.jpg,motorcycle,4,00003848,1,221,71,303,v3_no_ambiguous
/Users/sameerkarur/Documents/Git/Data_science/07_IITK_AIML_Capstone/project1_autonomous_driving/data/part1/crops/00004988_407_car.jpg,car,3,00004988,470,282,639,426,v3_no_ambiguous
/Users/sameerkarur/Documents/Git/Data_science/07_IITK_AIML_Capstone/project1_autonomous_driving/data/part1/crops/00003416_408_pickup_truck.jpg,pickup_truck,6,00003416,87,126,224,187,v3_no_ambiguous
/Users/sameerkarur/Documents/Git/Data_science/07_IITK_AIML_Capstone/project1_autonomous_driving/data/part1/crops/00004812_409_bus.jpg,bus,2,00004812,289,159,510,291,v3_no_ambiguous
/Users/sameerkarur/Documents/Git/Data_science/07_IITK_AIML_Capstone/project1_autonomous_driving/data/part1/crops/00002324_410_bus.jpg,bus,2,00002324,1,104,148,222,v3_no_ambiguous
/Users/sameerkarur/Documents/Git/Data_science/07_IITK_AIML_Capstone/project1_autonomous_driving/data/part1/crops/00005132_411_bus.jpg,bus,2,00005132,47,37,172,101,v3_no_ambiguous
/Users/sameerkarur/Documents/Git/Data_science/07_IITK_AIML_Capstone/project1_autonomous_driving/data/part1/crops/00001988_412_bus.jpg,bus,2,00001988,1,156,408,478,v3_no_ambiguous
/Users/sameerkarur/Documents/Git/Data_science/07_IITK_AIML_Capstone/project1_autonomous_driving/data/part1/crops/00004660_413_pedestrian.jpg,pedestrian,5,00004660,108,261,137,322,v3_no_ambiguous
/Users/sameerkarur/Documents/Git/Data_science/07_IITK_AIML_Capstone/project1_autonomous_driving/data/part1/crops/00002571_414_articulated_truck.jpg,articulated_truck,0,00002571,0,53,239,159,v3_no_ambiguous
/Users/sameerkarur/Documents/Git/Data_science/07_IITK_AIML_Capstone/project1_autonomous_driving/data/part1/crops/00003036_415_car.jpg,car,3,00003036,537,344,711,478,v3_no_ambiguous
/Users/sameerkarur/Documents/Git/Data_science/07_IITK_AIML_Capstone/project1_autonomous_driving/data/part1/crops/00003730_416_single_unit_truck.jpg,single_unit_truck,7,00003730,156,175,329,288,v3_no_ambiguous
/Users/sameerkarur/Documents/Git/Data_science/07_IITK_AIML_Capstone/project1_autonomous_driving/data/part1/crops/00000923_417_pickup_truck.jpg,pickup_truck,6,00000923,191,43,384,128,v3_no_ambiguous
/Users/sameerkarur/Documents/Git/Data_science/07_IITK_AIML_Capstone/project1_autonomous_driving/data/part1/crops/00002467_418_pedestrian.jpg,pedestrian,5,00002467,63,376,117,455,v3_no_ambiguous
/Users/sameerkarur/Documents/Git/Data_science/07_IITK_AIML_Capstone/project1_autonomous_driving/data/part1/crops/00000222_419_pedestrian.jpg,pedestrian,5,00000222,2,405,73,459,v3_no_ambiguous
/Users/sameerkarur/Documents/Git/Data_science/07_IITK_AIML_Capstone/project1_autonomous_driving/data/part1/crops/00004038_420_pickup_truck.jpg,pickup_truck,6,00004038,192,56,270,94,v3_no_ambiguous
/Users/sameerkarur/Documents/Git/Data_science/07_IITK_AIML_Capstone/project1_autonomous_driving/data/part1/crops/00004421_421_car.jpg,car,3,00004421,323,185,430,312,v3_no_ambiguous
/Users/sameerkarur/Documents/Git/Data_science/07_IITK_AIML_Capstone/project1_autonomous_driving/data/part1/crops/00005023_422_articulated_truck.jpg,articulated_truck,0,00005023,25,37,335,125,v3_no_ambiguous
/Users/sameerkarur/Documents/Git/Data_science/07_IITK_AIML_Capstone/project1_autonomous_driving/data/part1/crops/00003249_423_articulated_truck.jpg,articulated_truck,0,00003249,116,48,204,94,v3_no_ambiguous
/Users/sameerkarur/Documents/Git/Data_science/07_IITK_AIML_Capstone/project1_autonomous_driving/data/part1/crops/00002022_424_car.jpg,car,3,00002022,584,163,631,191,v3_no_ambiguous
/Users/sameerkarur/Documents/Git/Data_science/07_IITK_AIML_Capstone/project1_autonomous_driving/data/part1/crops/00000225_425_single_unit_truck.jpg,single_unit_truck,7,00000225,7,118,183,311,v3_no_ambiguous
/Users/sameerkarur/Documents/Git/Data_science/07_IITK_AIML_Capstone/project1_autonomous_driving/data/part1/crops/00002049_426_car.jpg,car,3,00002049,4,256,104,325,v3_no_ambiguous
/Users/sameerkarur/Documents/Git/Data_science/07_IITK_AIML_Capstone/project1_autonomous_driving/data/part1/crops/00004166_427_work_van.jpg,work_van,8,00004166,379,142,538,226,v3_no_ambiguous
/Users/sameerkarur/Documents/Git/Data_science/07_IITK_AIML_Capstone/project1_autonomous_driving/data/part1/crops/00002027_428_pickup_truck.jpg,pickup_truck,6,00002027,112,44,242,105,v3_no_ambiguous
/Users/sameerkarur/Documents/Git/Data_science/07_IITK_AIML_Capstone/project1_autonomous_driving/data/part1/crops/00003573_429_car.jpg,car,3,00003573,125,56,228,97,v3_no_ambiguous
/Users/sameerkarur/Documents/Git/Data_science/07_IITK_AIML_Capstone/project1_autonomous_driving/data/part1/crops/00002985_430_bus.jpg,bus,2,00002985,410,133,568,207,v3_no_ambiguous
/Users/sameerkarur/Documents/Git/Data_science/07_IITK_AIML_Capstone/project1_autonomous_driving/data/part1/crops/00000052_431_car.jpg,car,3,00000052,325,236,448,323,v3_no_ambiguous
/Users/sameerkarur/Documents/Git/Data_science/07_IITK_AIML_Capstone/project1_autonomous_driving/data/part1/crops/00000479_432_car.jpg,car,3,00000479,439,208,529,256,v3_no_ambiguous
/Users/sameerkarur/Documents/Git/Data_science/07_IITK_AIML_Capstone/project1_autonomous_driving/data/part1/crops/00004632_433_work_van.jpg,work_van,8,00004632,168,175,220,252,v3_no_ambiguous
/Users/sameerkarur/Documents/Git/Data_science/07_IITK_AIML_Capstone/project1_autonomous_driving/data/part1/crops/00004213_434_single_unit_truck.jpg,single_unit_truck,7,00004213,88,14,233,102,v3_no_ambiguous
/Users/sameerkarur/Documents/Git/Data_science/07_IITK_AIML_Capstone/project1_autonomous_driving/data/part1/crops/00003828_435_bus.jpg,bus,2,00003828,398,176,713,394,v3_no_ambiguous
/Users/sameerkarur/Documents/Git/Data_science/07_IITK_AIML_Capstone/project1_autonomous_driving/data/part1/crops/00002113_436_articulated_truck.jpg,articulated_truck,0,00002113,650,98,712,129,v3_no_ambiguous
/Users/sameerkarur/Documents/Git/Data_science/07_IITK_AIML_Capstone/project1_autonomous_driving/data/part1/crops/00001998_437_bus.jpg,bus,2,00001998,522,131,715,362,v3_no_ambiguous
/Users/sameerkarur/Documents/Git/Data_science/07_IITK_AIML_Capstone/project1_autonomous_driving/data/part1/crops/00004361_438_work_van.jpg,work_van,8,00004361,181,164,326,261,v3_no_ambiguous
/Users/sameerkarur/Documents/Git/Data_science/07_IITK_AIML_Capstone/project1_autonomous_driving/data/part1/crops/00004589_439_single_unit_truck.jpg,single_unit_truck,7,00004589,409,93,456,126,v3_no_ambiguous
/Users/sameerkarur/Documents/Git/Data_science/07_IITK_AIML_Capstone/project1_autonomous_driving/data/part1/crops/00000022_440_car.jpg,car,3,00000022,281,142,514,367,v3_no_ambiguous
/Users/sameerkarur/Documents/Git/Data_science/07_IITK_AIML_Capstone/project1_autonomous_driving/data/part1/crops/00004254_441_bus.jpg,bus,2,00004254,484,151,716,287,v3_no_ambiguous
/Users/sameerkarur/Documents/Git/Data_science/07_IITK_AIML_Capstone/project1_autonomous_driving/data/part1/crops/00003496_442_articulated_truck.jpg,articulated_truck,0,00003496,20,29,222,104,v3_no_ambiguous
/Users/sameerkarur/Documents/Git/Data_science/07_IITK_AIML_Capstone/project1_autonomous_driving/data/part1/crops/00004987_443_work_van.jpg,work_van,8,00004987,299,57,355,93,v3_no_ambiguous
/Users/sameerkarur/Documents/Git/Data_science/07_IITK_AIML_Capstone/project1_autonomous_driving/data/part1/crops/00003157_444_bicycle.jpg,bicycle,1,00003157,253,116,293,187,v3_no_ambiguous
/Users/sameerkarur/Documents/Git/Data_science/07_IITK_AIML_Capstone/project1_autonomous_driving/data/part1/crops/00004882_445_articulated_truck.jpg,articulated_truck,0,00004882,644,93,712,121,v3_no_ambiguous
/Users/sameerkarur/Documents/Git/Data_science/07_IITK_AIML_Capstone/project1_autonomous_driving/data/part1/crops/00005644_446_car.jpg,car,3,00005644,1,279,158,409,v3_no_ambiguous
/Users/sameerkarur/Documents/Git/Data_science/07_IITK_AIML_Capstone/project1_autonomous_driving/data/part1/crops/00004434_447_pickup_truck.jpg,pickup_truck,6,00004434,33,91,166,147,v3_no_ambiguous
/Users/sameerkarur/Documents/Git/Data_science/07_IITK_AIML_Capstone/project1_autonomous_driving/data/part1/crops/00000048_448_pickup_truck.jpg,pickup_truck,6,00000048,92,104,170,155,v3_no_ambiguous
/Users/sameerkarur/Documents/Git/Data_science/07_IITK_AIML_Capstone/project1_autonomous_driving/data/part1/crops/00001738_449_car.jpg,car,3,00001738,519,79,610,113,v3_no_ambiguous
/Users/sameerkarur/Documents/Git/Data_science/07_IITK_AIML_Capstone/project1_autonomous_driving/data/part1/crops/00003448_450_pickup_truck.jpg,pickup_truck,6,00003448,83,96,146,128,v3_no_ambiguous
/Users/sameerkarur/Documents/Git/Data_science/07_IITK_AIML_Capstone/project1_autonomous_driving/data/part1/crops/00003796_451_pickup_truck.jpg,pickup_truck,6,00003796,576,162,630,187,v3_no_ambiguous
/Users/sameerkarur/Documents/Git/Data_science/07_IITK_AIML_Capstone/project1_autonomous_driving/data/part1/crops/00002600_452_car.jpg,car,3,00002600,185,90,237,121,v3_no_ambiguous
/Users/sameerkarur/Documents/Git/Data_science/07_IITK_AIML_Capstone/project1_autonomous_driving/data/part1/crops/00005373_453_pickup_truck.jpg,pickup_truck,6,00005373,520,121,552,145,v3_no_ambiguous
/Users/sameerkarur/Documents/Git/Data_science/07_IITK_AIML_Capstone/project1_autonomous_driving/data/part1/crops/00003589_454_car.jpg,car,3,00003589,454,163,491,193,v3_no_ambiguous
/Users/sameerkarur/Documents/Git/Data_science/07_IITK_AIML_Capstone/project1_autonomous_driving/data/part1/crops/00000290_455_work_van.jpg,work_van,8,00000290,404,34,523,87,v3_no_ambiguous
/Users/sameerkarur/Documents/Git/Data_science/07_IITK_AIML_Capstone/project1_autonomous_driving/data/part1/crops/00003561_456_car.jpg,car,3,00003561,600,163,635,206,v3_no_ambiguous
/Users/sameerkarur/Documents/Git/Data_science/07_IITK_AIML_Capstone/project1_autonomous_driving/data/part1/crops/00004483_457_pickup_truck.jpg,pickup_truck,6,00004483,306,199,448,266,v3_no_ambiguous
/Users/sameerkarur/Documents/Git/Data_science/07_IITK_AIML_Capstone/project1_autonomous_driving/data/part1/crops/00003260_458_car.jpg,car,3,00003260,418,182,490,232,v3_no_ambiguous
/Users/sameerkarur/Documents/Git/Data_science/07_IITK_AIML_Capstone/project1_autonomous_driving/data/part1/crops/00002436_459_articulated_truck.jpg,articulated_truck,0,00002436,0,3,336,106,v3_no_ambiguous
/Users/sameerkarur/Documents/Git/Data_science/07_IITK_AIML_Capstone/project1_autonomous_driving/data/part1/crops/00004386_460_pickup_truck.jpg,pickup_truck,6,00004386,161,147,273,220,v3_no_ambiguous
/Users/sameerkarur/Documents/Git/Data_science/07_IITK_AIML_Capstone/project1_autonomous_driving/data/part1/crops/00001009_461_pickup_truck.jpg,pickup_truck,6,00001009,134,78,256,155,v3_no_ambiguous
/Users/sameerkarur/Documents/Git/Data_science/07_IITK_AIML_Capstone/project1_autonomous_driving/data/part1/crops/00000305_462_car.jpg,car,3,00000305,267,95,377,151,v3_no_ambiguous
/Users/sameerkarur/Documents/Git/Data_science/07_IITK_AIML_Capstone/project1_autonomous_driving/data/part1/crops/00000346_463_car.jpg,car,3,00000346,611,132,639,158,v3_no_ambiguous
/Users/sameerkarur/Documents/Git/Data_science/07_IITK_AIML_Capstone/project1_autonomous_driving/data/part1/crops/00004800_464_pickup_truck.jpg,pickup_truck,6,00004800,4,217,331,385,v3_no_ambiguous
/Users/sameerkarur/Documents/Git/Data_science/07_IITK_AIML_Capstone/project1_autonomous_driving/data/part1/crops/00000996_465_pickup_truck.jpg,pickup_truck,6,00000996,94,46,152,70,v3_no_ambiguous
/Users/sameerkarur/Documents/Git/Data_science/07_IITK_AIML_Capstone/project1_autonomous_driving/data/part1/crops/00003704_466_pickup_truck.jpg,pickup_truck,6,00003704,563,161,619,188,v3_no_ambiguous
/Users/sameerkarur/Documents/Git/Data_science/07_IITK_AIML_Capstone/project1_autonomous_driving/data/part1/crops/00005604_467_car.jpg,car,3,00005604,2,142,58,195,v3_no_ambiguous
/Users/sameerkarur/Documents/Git/Data_science/07_IITK_AIML_Capstone/project1_autonomous_driving/data/part1/crops/00001405_468_pedestrian.jpg,pedestrian,5,00001405,121,278,152,344,v3_no_ambiguous
/Users/sameerkarur/Documents/Git/Data_science/07_IITK_AIML_Capstone/project1_autonomous_driving/data/part1/crops/00002537_469_work_van.jpg,work_van,8,00002537,24,94,77,131,v3_no_ambiguous
/Users/sameerkarur/Documents/Git/Data_science/07_IITK_AIML_Capstone/project1_autonomous_driving/data/part1/crops/00004031_470_pickup_truck.jpg,pickup_truck,6,00004031,256,148,558,264,v3_no_ambiguous
/Users/sameerkarur/Documents/Git/Data_science/07_IITK_AIML_Capstone/project1_autonomous_driving/data/part1/crops/00003359_471_motorcycle.jpg,motorcycle,4,00003359,336,217,373,291,v3_no_ambiguous
/Users/sameerkarur/Documents/Git/Data_science/07_IITK_AIML_Capstone/project1_autonomous_driving/data/part1/crops/00000181_472_articulated_truck.jpg,articulated_truck,0,00000181,3,33,354,299,v3_no_ambiguous
/Users/sameerkarur/Documents/Git/Data_science/07_IITK_AIML_Capstone/project1_autonomous_driving/data/part1/crops/00001964_473_pickup_truck.jpg,pickup_truck,6,00001964,30,194,81,240,v3_no_ambiguous
/Users/sameerkarur/Documents/Git/Data_science/07_IITK_AIML_Capstone/project1_autonomous_driving/data/part1/crops/00002316_474_articulated_truck.jpg,articulated_truck,0,00002316,516,3,718,99,v3_no_ambiguous
/Users/sameerkarur/Documents/Git/Data_science/07_IITK_AIML_Capstone/project1_autonomous_driving/data/part1/crops/00000771_475_bus.jpg,bus,2,00000771,123,67,562,217,v3_no_ambiguous
/Users/sameerkarur/Documents/Git/Data_science/07_IITK_AIML_Capstone/project1_autonomous_driving/data/part1/crops/00001564_476_pickup_truck.jpg,pickup_truck,6,00001564,364,151,713,376,v3_no_ambiguous
/Users/sameerkarur/Documents/Git/Data_science/07_IITK_AIML_Capstone/project1_autonomous_driving/data/part1/crops/00004639_477_articulated_truck.jpg,articulated_truck,0,00004639,479,2,574,35,v3_no_ambiguous
/Users/sameerkarur/Documents/Git/Data_science/07_IITK_AIML_Capstone/project1_autonomous_driving/data/part1/crops/00003271_478_bus.jpg,bus,2,00003271,427,135,616,239,v3_no_ambiguous
/Users/sameerkarur/Documents/Git/Data_science/07_IITK_AIML_Capstone/project1_autonomous_driving/data/part1/crops/00002903_479_bicycle.jpg,bicycle,1,00002903,324,36,375,93,v3_no_ambiguous
/Users/sameerkarur/Documents/Git/Data_science/07_IITK_AIML_Capstone/project1_autonomous_driving/data/part1/crops/00002102_480_car.jpg,car,3,00002102,587,119,712,190,v3_no_ambiguous
/Users/sameerkarur/Documents/Git/Data_science/07_IITK_AIML_Capstone/project1_autonomous_driving/data/part1/crops/00002409_481_car.jpg,car,3,00002409,119,26,175,51,v3_no_ambiguous
/Users/sameerkarur/Documents/Git/Data_science/07_IITK_AIML_Capstone/project1_autonomous_driving/data/part1/crops/00002814_482_pickup_truck.jpg,pickup_truck,6,00002814,121,75,256,160,v3_no_ambiguous
/Users/sameerkarur/Documents/Git/Data_science/07_IITK_AIML_Capstone/project1_autonomous_driving/data/part1/crops/00002352_483_pedestrian.jpg,pedestrian,5,00002352,186,381,234,433,v3_no_ambiguous
/Users/sameerkarur/Documents/Git/Data_science/07_IITK_AIML_Capstone/project1_autonomous_driving/data/part1/crops/00004821_484_bicycle.jpg,bicycle,1,00004821,261,421,377,475,v3_no_ambiguous
/Users/sameerkarur/Documents/Git/Data_science/07_IITK_AIML_Capstone/project1_autonomous_driving/data/part1/crops/00001363_485_pickup_truck.jpg,pickup_truck,6,00001363,127,93,290,156,v3_no_ambiguous
/Users/sameerkarur/Documents/Git/Data_science/07_IITK_AIML_Capstone/project1_autonomous_driving/data/part1/crops/00002411_486_car.jpg,car,3,00002411,245,88,278,114,v3_no_ambiguous
/Users/sameerkarur/Documents/Git/Data_science/07_IITK_AIML_Capstone/project1_autonomous_driving/data/part1/crops/00004621_487_pickup_truck.jpg,pickup_truck,6,00004621,194,153,271,219,v3_no_ambiguous
/Users/sameerkarur/Documents/Git/Data_science/07_IITK_AIML_Capstone/project1_autonomous_driving/data/part1/crops/00003227_488_bus.jpg,bus,2,00003227,138,75,428,233,v3_no_ambiguous
/Users/sameerkarur/Documents/Git/Data_science/07_IITK_AIML_Capstone/project1_autonomous_driving/data/part1/crops/00005498_489_work_van.jpg,work_van,8,00005498,320,161,360,187,v3_no_ambiguous
/Users/sameerkarur/Documents/Git/Data_science/07_IITK_AIML_Capstone/project1_autonomous_driving/data/part1/crops/00005399_490_pickup_truck.jpg,pickup_truck,6,00005399,115,121,206,170,v3_no_ambiguous
/Users/sameerkarur/Documents/Git/Data_science/07_IITK_AIML_Capstone/project1_autonomous_driving/data/part1/crops/00003255_491_work_van.jpg,work_van,8,00003255,486,119,571,203,v3_no_ambiguous
/Users/sameerkarur/Documents/Git/Data_science/07_IITK_AIML_Capstone/project1_autonomous_driving/data/part1/crops/00000012_492_car.jpg,car,3,00000012,119,165,324,300,v3_no_ambiguous
/Users/sameerkarur/Documents/Git/Data_science/07_IITK_AIML_Capstone/project1_autonomous_driving/data/part1/crops/00004105_493_car.jpg,car,3,00004105,130,303,343,479,v3_no_ambiguous
/Users/sameerkarur/Documents/Git/Data_science/07_IITK_AIML_Capstone/project1_autonomous_driving/data/part1/crops/00004899_494_pickup_truck.jpg,pickup_truck,6,00004899,138,61,230,97,v3_no_ambiguous
/Users/sameerkarur/Documents/Git/Data_science/07_IITK_AIML_Capstone/project1_autonomous_driving/data/part1/crops/00003813_495_bicycle.jpg,bicycle,1,00003813,101,307,184,418,v3_no_ambiguous
/Users/sameerkarur/Documents/Git/Data_science/07_IITK_AIML_Capstone/project1_autonomous_driving/data/part1/crops/00003891_496_work_van.jpg,work_van,8,00003891,212,225,540,471,v3_no_ambiguous
/Users/sameerkarur/Documents/Git/Data_science/07_IITK_AIML_Capstone/project1_autonomous_driving/data/part1/crops/00002963_497_car.jpg,car,3,00002963,1,224,175,330,v3_no_ambiguous
/Users/sameerkarur/Documents/Git/Data_science/07_IITK_AIML_Capstone/project1_autonomous_driving/data/part1/crops/00002441_498_work_van.jpg,work_van,8,00002441,557,42,612,71,v3_no_ambiguous
/Users/sameerkarur/Documents/Git/Data_science/07_IITK_AIML_Capstone/project1_autonomous_driving/data/part1/crops/00004566_499_articulated_truck.jpg,articulated_truck,0,00004566,128,91,430,271,v3_no_ambiguous
/Users/sameerkarur/Documents/Git/Data_science/07_IITK_AIML_Capstone/project1_autonomous_driving/data/part1/crops/00000937_500_car.jpg,car,3,00000937,29,120,84,153,v3_no_ambiguous
/Users/sameerkarur/Documents/Git/Data_science/07_IITK_AIML_Capstone/project1_autonomous_driving/data/part1/crops/00000483_501_car.jpg,car,3,00000483,123,107,249,168,v3_no_ambiguous
/Users/sameerkarur/Documents/Git/Data_science/07_IITK_AIML_Capstone/project1_autonomous_driving/data/part1/crops/00003415_502_bus.jpg,bus,2,00003415,3,284,391,478,v3_no_ambiguous
/Users/sameerkarur/Documents/Git/Data_science/07_IITK_AIML_Capstone/project1_autonomous_driving/data/part1/crops/00002407_503_bus.jpg,bus,2,00002407,0,196,287,479,v3_no_ambiguous
/Users/sameerkarur/Documents/Git/Data_science/07_IITK_AIML_Capstone/project1_autonomous_driving/data/part1/crops/00003450_504_single_unit_truck.jpg,single_unit_truck,7,00003450,334,188,684,414,v3_no_ambiguous
/Users/sameerkarur/Documents/Git/Data_science/07_IITK_AIML_Capstone/project1_autonomous_driving/data/part1/crops/00000762_505_articulated_truck.jpg,articulated_truck,0,00000762,508,3,633,59,v3_no_ambiguous
/Users/sameerkarur/Documents/Git/Data_science/07_IITK_AIML_Capstone/project1_autonomous_driving/data/part1/crops/00003615_506_articulated_truck.jpg,articulated_truck,0,00003615,535,2,698,54,v3_no_ambiguous
/Users/sameerkarur/Documents/Git/Data_science/07_IITK_AIML_Capstone/project1_autonomous_driving/data/part1/crops/00002155_507_car.jpg,car,3,00002155,267,104,323,128,v3_no_ambiguous
/Users/sameerkarur/Documents/Git/Data_science/07_IITK_AIML_Capstone/project1_autonomous_driving/data/part1/crops/00003590_508_bus.jpg,bus,2,00003590,1,137,375,479,v3_no_ambiguous
/Users/sameerkarur/Documents/Git/Data_science/07_IITK_AIML_Capstone/project1_autonomous_driving/data/part1/crops/00002153_509_articulated_truck.jpg,articulated_truck,0,00002153,1,90,228,254,v3_no_ambiguous
/Users/sameerkarur/Documents/Git/Data_science/07_IITK_AIML_Capstone/project1_autonomous_driving/data/part1/crops/00004042_510_pickup_truck.jpg,pickup_truck,6,00004042,125,227,278,331,v3_no_ambiguous
/Users/sameerkarur/Documents/Git/Data_science/07_IITK_AIML_Capstone/project1_autonomous_driving/data/part1/crops/00005327_511_articulated_truck.jpg,articulated_truck,0,00005327,275,169,718,455,v3_no_ambiguous
/Users/sameerkarur/Documents/Git/Data_science/07_IITK_AIML_Capstone/project1_autonomous_driving/data/part1/crops/00000725_512_articulated_truck.jpg,articulated_truck,0,00000725,607,92,710,127,v3_no_ambiguous
/Users/sameerkarur/Documents/Git/Data_science/07_IITK_AIML_Capstone/project1_autonomous_driving/data/part1/crops/00003398_513_pickup_truck.jpg,pickup_truck,6,00003398,271,78,340,126,v3_no_ambiguous
/Users/sameerkarur/Documents/Git/Data_science/07_IITK_AIML_Capstone/project1_autonomous_driving/data/part1/crops/00005414_514_car.jpg,car,3,00005414,362,31,402,69,v3_no_ambiguous
/Users/sameerkarur/Documents/Git/Data_science/07_IITK_AIML_Capstone/project1_autonomous_driving/data/part1/crops/00003483_515_articulated_truck.jpg,articulated_truck,0,00003483,188,113,289,152,v3_no_ambiguous
/Users/sameerkarur/Documents/Git/Data_science/07_IITK_AIML_Capstone/project1_autonomous_driving/data/part1/crops/00003569_516_pickup_truck.jpg,pickup_truck,6,00003569,126,211,223,274,v3_no_ambiguous
/Users/sameerkarur/Documents/Git/Data_science/07_IITK_AIML_Capstone/project1_autonomous_driving/data/part1/crops/00003837_517_car.jpg,car,3,00003837,32,101,117,140,v3_no_ambiguous
/Users/sameerkarur/Documents/Git/Data_science/07_IITK_AIML_Capstone/project1_autonomous_driving/data/part1/crops/00004882_518_single_unit_truck.jpg,single_unit_truck,7,00004882,0,181,139,317,v3_no_ambiguous
/Users/sameerkarur/Documents/Git/Data_science/07_IITK_AIML_Capstone/project1_autonomous_driving/data/part1/crops/00001582_519_work_van.jpg,work_van,8,00001582,13,188,357,430,v3_no_ambiguous
/Users/sameerkarur/Documents/Git/Data_science/07_IITK_AIML_Capstone/project1_autonomous_driving/data/part1/crops/00002996_520_articulated_truck.jpg,articulated_truck,0,00002996,444,223,718,420,v3_no_ambiguous
/Users/sameerkarur/Documents/Git/Data_science/07_IITK_AIML_Capstone/project1_autonomous_driving/data/part1/crops/00000610_521_pickup_truck.jpg,pickup_truck,6,00000610,25,193,271,298,v3_no_ambiguous
/Users/sameerkarur/Documents/Git/Data_science/07_IITK_AIML_Capstone/project1_autonomous_driving/data/part1/crops/00004667_522_car.jpg,car,3,00004667,384,203,473,266,v3_no_ambiguous
/Users/sameerkarur/Documents/Git/Data_science/07_IITK_AIML_Capstone/project1_autonomous_driving/data/part1/crops/00001169_523_articulated_truck.jpg,articulated_truck,0,00001169,254,150,717,443,v3_no_ambiguous
/Users/sameerkarur/Documents/Git/Data_science/07_IITK_AIML_Capstone/project1_autonomous_driving/data/part1/crops/00002398_524_bus.jpg,bus,2,00002398,139,94,355,236,v3_no_ambiguous
/Users/sameerkarur/Documents/Git/Data_science/07_IITK_AIML_Capstone/project1_autonomous_driving/data/part1/crops/00001087_525_pickup_truck.jpg,pickup_truck,6,00001087,44,269,266,401,v3_no_ambiguous
/Users/sameerkarur/Documents/Git/Data_science/07_IITK_AIML_Capstone/project1_autonomous_driving/data/part1/crops/00004192_526_bus.jpg,bus,2,00004192,328,165,719,390,v3_no_ambiguous
/Users/sameerkarur/Documents/Git/Data_science/07_IITK_AIML_Capstone/project1_autonomous_driving/data/part1/crops/00000414_527_pickup_truck.jpg,pickup_truck,6,00000414,269,49,510,156,v3_no_ambiguous
/Users/sameerkarur/Documents/Git/Data_science/07_IITK_AIML_Capstone/project1_autonomous_driving/data/part1/crops/00002988_528_work_van.jpg,work_van,8,00002988,330,28,392,65,v3_no_ambiguous
/Users/sameerkarur/Documents/Git/Data_science/07_IITK_AIML_Capstone/project1_autonomous_driving/data/part1/crops/00003234_529_pickup_truck.jpg,pickup_truck,6,00003234,140,95,280,160,v3_no_ambiguous
/Users/sameerkarur/Documents/Git/Data_science/07_IITK_AIML_Capstone/project1_autonomous_driving/data/part1/crops/00003399_530_single_unit_truck.jpg,single_unit_truck,7,00003399,447,103,604,220,v3_no_ambiguous
/Users/sameerkarur/Documents/Git/Data_science/07_IITK_AIML_Capstone/project1_autonomous_driving/data/part1/crops/00000573_531_work_van.jpg,work_van,8,00000573,273,73,316,101,v3_no_ambiguous
/Users/sameerkarur/Documents/Git/Data_science/07_IITK_AIML_Capstone/project1_autonomous_driving/data/part1/crops/00001139_532_work_van.jpg,work_van,8,00001139,170,65,301,160,v3_no_ambiguous
/Users/sameerkarur/Documents/Git/Data_science/07_IITK_AIML_Capstone/project1_autonomous_driving/data/part1/crops/00000905_533_car.jpg,car,3,00000905,600,164,640,203,v3_no_ambiguous
/Users/sameerkarur/Documents/Git/Data_science/07_IITK_AIML_Capstone/project1_autonomous_driving/data/part1/crops/00003944_534_car.jpg,car,3,00003944,83,96,224,155,v3_no_ambiguous
/Users/sameerkarur/Documents/Git/Data_science/07_IITK_AIML_Capstone/project1_autonomous_driving/data/part1/crops/00000747_535_pickup_truck.jpg,pickup_truck,6,00000747,42,50,133,87,v3_no_ambiguous
/Users/sameerkarur/Documents/Git/Data_science/07_IITK_AIML_Capstone/project1_autonomous_driving/data/part1/crops/00000574_536_pickup_truck.jpg,pickup_truck,6,00000574,293,129,386,197,v3_no_ambiguous
/Users/sameerkarur/Documents/Git/Data_science/07_IITK_AIML_Capstone/project1_autonomous_driving/data/part1/crops/00002356_537_car.jpg,car,3,00002356,66,94,164,139,v3_no_ambiguous
/Users/sameerkarur/Documents/Git/Data_science/07_IITK_AIML_Capstone/project1_autonomous_driving/data/part1/crops/00003899_538_articulated_truck.jpg,articulated_truck,0,00003899,123,47,597,162,v3_no_ambiguous
/Users/sameerkarur/Documents/Git/Data_science/07_IITK_AIML_Capstone/project1_autonomous_driving/data/part1/crops/00003737_539_articulated_truck.jpg,articulated_truck,0,00003737,1,98,128,223,v3_no_ambiguous
/Users/sameerkarur/Documents/Git/Data_science/07_IITK_AIML_Capstone/project1_autonomous_driving/data/part1/crops/00003229_540_bus.jpg,bus,2,00003229,316,139,499,325,v3_no_ambiguous
/Users/sameerkarur/Documents/Git/Data_science/07_IITK_AIML_Capstone/project1_autonomous_driving/data/part1/crops/00001431_541_car.jpg,car,3,00001431,80,129,209,190,v3_no_ambiguous
/Users/sameerkarur/Documents/Git/Data_science/07_IITK_AIML_Capstone/project1_autonomous_driving/data/part1/crops/00001248_542_pickup_truck.jpg,pickup_truck,6,00001248,350,78,532,138,v3_no_ambiguous
/Users/sameerkarur/Documents/Git/Data_science/07_IITK_AIML_Capstone/project1_autonomous_driving/data/part1/crops/00002213_543_work_van.jpg,work_van,8,00002213,441,96,713,254,v3_no_ambiguous
/Users/sameerkarur/Documents/Git/Data_science/07_IITK_AIML_Capstone/project1_autonomous_driving/data/part1/crops/00002215_544_bicycle.jpg,bicycle,1,00002215,541,56,617,126,v3_no_ambiguous
/Users/sameerkarur/Documents/Git/Data_science/07_IITK_AIML_Capstone/project1_autonomous_driving/data/part1/crops/00001960_545_car.jpg,car,3,00001960,623,164,670,198,v3_no_ambiguous
/Users/sameerkarur/Documents/Git/Data_science/07_IITK_AIML_Capstone/project1_autonomous_driving/data/part1/crops/00004448_546_bus.jpg,bus,2,00004448,348,119,485,180,v3_no_ambiguous
/Users/sameerkarur/Documents/Git/Data_science/07_IITK_AIML_Capstone/project1_autonomous_driving/data/part1/crops/00005472_547_car.jpg,car,3,00005472,338,271,468,438,v3_no_ambiguous
/Users/sameerkarur/Documents/Git/Data_science/07_IITK_AIML_Capstone/project1_autonomous_driving/data/part1/crops/00001516_548_bus.jpg,bus,2,00001516,177,8,214,49,v3_no_ambiguous
/Users/sameerkarur/Documents/Git/Data_science/07_IITK_AIML_Capstone/project1_autonomous_driving/data/part1/crops/00004715_549_single_unit_truck.jpg,single_unit_truck,7,00004715,36,148,111,206,v3_no_ambiguous
/Users/sameerkarur/Documents/Git/Data_science/07_IITK_AIML_Capstone/project1_autonomous_driving/data/part1/crops/00003128_550_bus.jpg,bus,2,00003128,326,131,628,321,v3_no_ambiguous
/Users/sameerkarur/Documents/Git/Data_science/07_IITK_AIML_Capstone/project1_autonomous_driving/data/part1/crops/00003550_551_bus.jpg,bus,2,00003550,192,150,543,311,v3_no_ambiguous
/Users/sameerkarur/Documents/Git/Data_science/07_IITK_AIML_Capstone/project1_autonomous_driving/data/part1/crops/00003740_552_pickup_truck.jpg,pickup_truck,6,00003740,219,281,416,393,v3_no_ambiguous
/Users/sameerkarur/Documents/Git/Data_science/07_IITK_AIML_Capstone/project1_autonomous_driving/data/part1/crops/00003238_553_bicycle.jpg,bicycle,1,00003238,349,129,382,198,v3_no_ambiguous
/Users/sameerkarur/Documents/Git/Data_science/07_IITK_AIML_Capstone/project1_autonomous_driving/data/part1/crops/00000955_554_car.jpg,car,3,00000955,193,1,266,32,v3_no_ambiguous
/Users/sameerkarur/Documents/Git/Data_science/07_IITK_AIML_Capstone/project1_autonomous_driving/data/part1/crops/00002967_555_articulated_truck.jpg,articulated_truck,0,00002967,616,96,711,124,v3_no_ambiguous
/Users/sameerkarur/Documents/Git/Data_science/07_IITK_AIML_Capstone/project1_autonomous_driving/data/part1/crops/00003720_556_car.jpg,car,3,00003720,475,232,655,318,v3_no_ambiguous
/Users/sameerkarur/Documents/Git/Data_science/07_IITK_AIML_Capstone/project1_autonomous_driving/data/part1/crops/00000803_557_single_unit_truck.jpg,single_unit_truck,7,00000803,269,22,387,81,v3_no_ambiguous
/Users/sameerkarur/Documents/Git/Data_science/07_IITK_AIML_Capstone/project1_autonomous_driving/data/part1/crops/00001222_558_car.jpg,car,3,00001222,594,230,663,318,v3_no_ambiguous
/Users/sameerkarur/Documents/Git/Data_science/07_IITK_AIML_Capstone/project1_autonomous_driving/data/part1/crops/00003505_559_work_van.jpg,work_van,8,00003505,422,398,549,479,v3_no_ambiguous
/Users/sameerkarur/Documents/Git/Data_science/07_IITK_AIML_Capstone/project1_autonomous_driving/data/part1/crops/00005030_560_car.jpg,car,3,00005030,649,256,696,288,v3_no_ambiguous
/Users/sameerkarur/Documents/Git/Data_science/07_IITK_AIML_Capstone/project1_autonomous_driving/data/part1/crops/00002167_561_single_unit_truck.jpg,single_unit_truck,7,00002167,576,5,718,98,v3_no_ambiguous
/Users/sameerkarur/Documents/Git/Data_science/07_IITK_AIML_Capstone/project1_autonomous_driving/data/part1/crops/00005583_562_work_van.jpg,work_van,8,00005583,76,46,115,71,v3_no_ambiguous
/Users/sameerkarur/Documents/Git/Data_science/07_IITK_AIML_Capstone/project1_autonomous_driving/data/part1/crops/00003633_563_work_van.jpg,work_van,8,00003633,667,263,712,289,v3_no_ambiguous
/Users/sameerkarur/Documents/Git/Data_science/07_IITK_AIML_Capstone/project1_autonomous_driving/data/part1/crops/00003279_564_bus.jpg,bus,2,00003279,206,61,260,126,v3_no_ambiguous
/Users/sameerkarur/Documents/Git/Data_science/07_IITK_AIML_Capstone/project1_autonomous_driving/data/part1/crops/00000768_565_car.jpg,car,3,00000768,424,45,475,71,v3_no_ambiguous
/Users/sameerkarur/Documents/Git/Data_science/07_IITK_AIML_Capstone/project1_autonomous_driving/data/part1/crops/00003207_566_pickup_truck.jpg,pickup_truck,6,00003207,10,229,139,401,v3_no_ambiguous
/Users/sameerkarur/Documents/Git/Data_science/07_IITK_AIML_Capstone/project1_autonomous_driving/data/part1/crops/00002852_567_bus.jpg,bus,2,00002852,256,157,325,240,v3_no_ambiguous
/Users/sameerkarur/Documents/Git/Data_science/07_IITK_AIML_Capstone/project1_autonomous_driving/data/part1/crops/00000609_568_car.jpg,car,3,00000609,37,34,96,61,v3_no_ambiguous
/Users/sameerkarur/Documents/Git/Data_science/07_IITK_AIML_Capstone/project1_autonomous_driving/data/part1/crops/00004588_569_car.jpg,car,3,00004588,573,163,629,187,v3_no_ambiguous
/Users/sameerkarur/Documents/Git/Data_science/07_IITK_AIML_Capstone/project1_autonomous_driving/data/part1/crops/00001058_570_car.jpg,car,3,00001058,366,40,413,82,v3_no_ambiguous
/Users/sameerkarur/Documents/Git/Data_science/07_IITK_AIML_Capstone/project1_autonomous_driving/data/part1/crops/00002765_571_work_van.jpg,work_van,8,00002765,283,94,338,119,v3_no_ambiguous
/Users/sameerkarur/Documents/Git/Data_science/07_IITK_AIML_Capstone/project1_autonomous_driving/data/part1/crops/00002984_572_pickup_truck.jpg,pickup_truck,6,00002984,43,64,159,139,v3_no_ambiguous
/Users/sameerkarur/Documents/Git/Data_science/07_IITK_AIML_Capstone/project1_autonomous_driving/data/part1/crops/00000000_573_articulated_truck.jpg,articulated_truck,0,00000000,43,25,109,55,v3_no_ambiguous
/Users/sameerkarur/Documents/Git/Data_science/07_IITK_AIML_Capstone/project1_autonomous_driving/data/part1/crops/00001688_574_work_van.jpg,work_van,8,00001688,101,85,245,158,v3_no_ambiguous
/Users/sameerkarur/Documents/Git/Data_science/07_IITK_AIML_Capstone/project1_autonomous_driving/data/part1/crops/00003846_575_work_van.jpg,work_van,8,00003846,59,50,129,88,v3_no_ambiguous
/Users/sameerkarur/Documents/Git/Data_science/07_IITK_AIML_Capstone/project1_autonomous_driving/data/part1/crops/00001744_576_car.jpg,car,3,00001744,611,134,642,158,v3_no_ambiguous
/Users/sameerkarur/Documents/Git/Data_science/07_IITK_AIML_Capstone/project1_autonomous_driving/data/part1/crops/00004219_577_single_unit_truck.jpg,single_unit_truck,7,00004219,226,113,257,143,v3_no_ambiguous
/Users/sameerkarur/Documents/Git/Data_science/07_IITK_AIML_Capstone/project1_autonomous_driving/data/part1/crops/00005104_578_car.jpg,car,3,00005104,301,94,514,186,v3_no_ambiguous
/Users/sameerkarur/Documents/Git/Data_science/07_IITK_AIML_Capstone/project1_autonomous_driving/data/part1/crops/00003380_579_articulated_truck.jpg,articulated_truck,0,00003380,400,35,714,365,v3_no_ambiguous
/Users/sameerkarur/Documents/Git/Data_science/07_IITK_AIML_Capstone/project1_autonomous_driving/data/part1/crops/00004191_580_pickup_truck.jpg,pickup_truck,6,00004191,325,251,673,479,v3_no_ambiguous
/Users/sameerkarur/Documents/Git/Data_science/07_IITK_AIML_Capstone/project1_autonomous_driving/data/part1/crops/00001938_581_pickup_truck.jpg,pickup_truck,6,00001938,238,55,338,94,v3_no_ambiguous
/Users/sameerkarur/Documents/Git/Data_science/07_IITK_AIML_Capstone/project1_autonomous_driving/data/part1/crops/00002769_582_pedestrian.jpg,pedestrian,5,00002769,550,356,591,433,v3_no_ambiguous
/Users/sameerkarur/Documents/Git/Data_science/07_IITK_AIML_Capstone/project1_autonomous_driving/data/part1/crops/00000392_583_car.jpg,car,3,00000392,215,22,274,59,v3_no_ambiguous
/Users/sameerkarur/Documents/Git/Data_science/07_IITK_AIML_Capstone/project1_autonomous_driving/data/part1/crops/00000824_584_car.jpg,car,3,00000824,610,86,635,113,v3_no_ambiguous
/Users/sameerkarur/Documents/Git/Data_science/07_IITK_AIML_Capstone/project1_autonomous_driving/data/part1/crops/00002335_585_articulated_truck.jpg,articulated_truck,0,00002335,1,94,138,225,v3_no_ambiguous
/Users/sameerkarur/Documents/Git/Data_science/07_IITK_AIML_Capstone/project1_autonomous_driving/data/part1/crops/00003779_586_articulated_truck.jpg,articulated_truck,0,00003779,138,87,637,222,v3_no_ambiguous
/Users/sameerkarur/Documents/Git/Data_science/07_IITK_AIML_Capstone/project1_autonomous_driving/data/part1/crops/00000704_587_pedestrian.jpg,pedestrian,5,00000704,26,355,109,427,v3_no_ambiguous
/Users/sameerkarur/Documents/Git/Data_science/07_IITK_AIML_Capstone/project1_autonomous_driving/data/part1/crops/00000310_588_car.jpg,car,3,00000310,283,48,347,72,v3_no_ambiguous
/Users/sameerkarur/Documents/Git/Data_science/07_IITK_AIML_Capstone/project1_autonomous_driving/data/part1/crops/00001123_589_pickup_truck.jpg,pickup_truck,6,00001123,362,138,453,190,v3_no_ambiguous
/Users/sameerkarur/Documents/Git/Data_science/07_IITK_AIML_Capstone/project1_autonomous_driving/data/part1/crops/00005573_590_bus.jpg,bus,2,00005573,407,47,464,100,v3_no_ambiguous
/Users/sameerkarur/Documents/Git/Data_science/07_IITK_AIML_Capstone/project1_autonomous_driving/data/part1/crops/00001053_591_pickup_truck.jpg,pickup_truck,6,00001053,548,176,616,208,v3_no_ambiguous
/Users/sameerkarur/Documents/Git/Data_science/07_IITK_AIML_Capstone/project1_autonomous_driving/data/part1/crops/00003126_592_car.jpg,car,3,00003126,270,204,319,235,v3_no_ambiguous
/Users/sameerkarur/Documents/Git/Data_science/07_IITK_AIML_Capstone/project1_autonomous_driving/data/part1/crops/00001502_593_bicycle.jpg,bicycle,1,00001502,392,21,417,81,v3_no_ambiguous
/Users/sameerkarur/Documents/Git/Data_science/07_IITK_AIML_Capstone/project1_autonomous_driving/data/part1/crops/00000759_594_car.jpg,car,3,00000759,46,124,141,170,v3_no_ambiguous
/Users/sameerkarur/Documents/Git/Data_science/07_IITK_AIML_Capstone/project1_autonomous_driving/data/part1/crops/00002947_595_articulated_truck.jpg,articulated_truck,0,00002947,291,0,328,39,v3_no_ambiguous
/Users/sameerkarur/Documents/Git/Data_science/07_IITK_AIML_Capstone/project1_autonomous_driving/data/part1/crops/00002689_596_car.jpg,car,3,00002689,458,91,530,148,v3_no_ambiguous
/Users/sameerkarur/Documents/Git/Data_science/07_IITK_AIML_Capstone/project1_autonomous_driving/data/part1/crops/00000026_597_single_unit_truck.jpg,single_unit_truck,7,00000026,118,42,160,75,v3_no_ambiguous
/Users/sameerkarur/Documents/Git/Data_science/07_IITK_AIML_Capstone/project1_autonomous_driving/data/part1/crops/00000043_598_work_van.jpg,work_van,8,00000043,314,28,396,66,v3_no_ambiguous
/Users/sameerkarur/Documents/Git/Data_science/07_IITK_AIML_Capstone/project1_autonomous_driving/data/part1/crops/00000932_599_pickup_truck.jpg,pickup_truck,6,00000932,94,215,396,397,v3_no_ambiguous
/Users/sameerkarur/Documents/Git/Data_science/07_IITK_AIML_Capstone/project1_autonomous_driving/data/part1/crops/00000484_600_pickup_truck.jpg,pickup_truck,6,00000484,298,143,435,217,v3_no_ambiguous
/Users/sameerkarur/Documents/Git/Data_science/07_IITK_AIML_Capstone/project1_autonomous_driving/data/part1/crops/00000973_601_pickup_truck.jpg,pickup_truck,6,00000973,401,102,710,382,v3_no_ambiguous
/Users/sameerkarur/Documents/Git/Data_science/07_IITK_AIML_Capstone/project1_autonomous_driving/data/part1/crops/00001200_602_single_unit_truck.jpg,single_unit_truck,7,00001200,269,157,530,295,v3_no_ambiguous
/Users/sameerkarur/Documents/Git/Data_science/07_IITK_AIML_Capstone/project1_autonomous_driving/data/part1/crops/00002342_603_bus.jpg,bus,2,00002342,230,198,445,330,v3_no_ambiguous
/Users/sameerkarur/Documents/Git/Data_science/07_IITK_AIML_Capstone/project1_autonomous_driving/data/part1/crops/00003704_604_bicycle.jpg,bicycle,1,00003704,37,356,83,425,v3_no_ambiguous
/Users/sameerkarur/Documents/Git/Data_science/07_IITK_AIML_Capstone/project1_autonomous_driving/data/part1/crops/00004065_605_work_van.jpg,work_van,8,00004065,403,37,531,91,v3_no_ambiguous
/Users/sameerkarur/Documents/Git/Data_science/07_IITK_AIML_Capstone/project1_autonomous_driving/data/part1/crops/00003754_606_car.jpg,car,3,00003754,415,40,574,115,v3_no_ambiguous
/Users/sameerkarur/Documents/Git/Data_science/07_IITK_AIML_Capstone/project1_autonomous_driving/data/part1/crops/00000312_607_pickup_truck.jpg,pickup_truck,6,00000312,94,73,224,145,v3_no_ambiguous
/Users/sameerkarur/Documents/Git/Data_science/07_IITK_AIML_Capstone/project1_autonomous_driving/data/part1/crops/00004353_608_pickup_truck.jpg,pickup_truck,6,00004353,69,215,153,281,v3_no_ambiguous
/Users/sameerkarur/Documents/Git/Data_science/07_IITK_AIML_Capstone/project1_autonomous_driving/data/part1/crops/00003022_609_bicycle.jpg,bicycle,1,00003022,425,145,454,208,v3_no_ambiguous
/Users/sameerkarur/Documents/Git/Data_science/07_IITK_AIML_Capstone/project1_autonomous_driving/data/part1/crops/00000944_610_car.jpg,car,3,00000944,376,187,470,219,v3_no_ambiguous
/Users/sameerkarur/Documents/Git/Data_science/07_IITK_AIML_Capstone/project1_autonomous_driving/data/part1/crops/00005338_611_articulated_truck.jpg,articulated_truck,0,00005338,108,134,414,298,v3_no_ambiguous
/Users/sameerkarur/Documents/Git/Data_science/07_IITK_AIML_Capstone/project1_autonomous_driving/data/part1/crops/00001597_612_work_van.jpg,work_van,8,00001597,165,184,397,433,v3_no_ambiguous
/Users/sameerkarur/Documents/Git/Data_science/07_IITK_AIML_Capstone/project1_autonomous_driving/data/part1/crops/00003157_613_pedestrian.jpg,pedestrian,5,00003157,545,125,583,221,v3_no_ambiguous
/Users/sameerkarur/Documents/Git/Data_science/07_IITK_AIML_Capstone/project1_autonomous_driving/data/part1/crops/00003507_614_car.jpg,car,3,00003507,1,256,227,357,v3_no_ambiguous
/Users/sameerkarur/Documents/Git/Data_science/07_IITK_AIML_Capstone/project1_autonomous_driving/data/part1/crops/00000251_615_bus.jpg,bus,2,00000251,128,96,190,151,v3_no_ambiguous
/Users/sameerkarur/Documents/Git/Data_science/07_IITK_AIML_Capstone/project1_autonomous_driving/data/part1/crops/00003725_616_pickup_truck.jpg,pickup_truck,6,00003725,18,151,224,263,v3_no_ambiguous
/Users/sameerkarur/Documents/Git/Data_science/07_IITK_AIML_Capstone/project1_autonomous_driving/data/part1/crops/00005260_617_car.jpg,car,3,00005260,464,90,510,119,v3_no_ambiguous
/Users/sameerkarur/Documents/Git/Data_science/07_IITK_AIML_Capstone/project1_autonomous_driving/data/part1/crops/00002765_618_car.jpg,car,3,00002765,602,235,643,264,v3_no_ambiguous
/Users/sameerkarur/Documents/Git/Data_science/07_IITK_AIML_Capstone/project1_autonomous_driving/data/part1/crops/00000504_619_car.jpg,car,3,00000504,329,141,423,188,v3_no_ambiguous
/Users/sameerkarur/Documents/Git/Data_science/07_IITK_AIML_Capstone/project1_autonomous_driving/data/part1/crops/00001847_620_car.jpg,car,3,00001847,541,238,638,297,v3_no_ambiguous
/Users/sameerkarur/Documents/Git/Data_science/07_IITK_AIML_Capstone/project1_autonomous_driving/data/part1/crops/00003362_621_articulated_truck.jpg,articulated_truck,0,00003362,3,57,370,271,v3_no_ambiguous
/Users/sameerkarur/Documents/Git/Data_science/07_IITK_AIML_Capstone/project1_autonomous_driving/data/part1/crops/00004396_622_pickup_truck.jpg,pickup_truck,6,00004396,294,131,407,194,v3_no_ambiguous
/Users/sameerkarur/Documents/Git/Data_science/07_IITK_AIML_Capstone/project1_autonomous_driving/data/part1/crops/00000087_623_bus.jpg,bus,2,00000087,263,181,533,393,v3_no_ambiguous
/Users/sameerkarur/Documents/Git/Data_science/07_IITK_AIML_Capstone/project1_autonomous_driving/data/part1/crops/00005262_624_work_van.jpg,work_van,8,00005262,284,195,382,329,v3_no_ambiguous
/Users/sameerkarur/Documents/Git/Data_science/07_IITK_AIML_Capstone/project1_autonomous_driving/data/part1/crops/00003017_625_bus.jpg,bus,2,00003017,300,165,673,357,v3_no_ambiguous
/Users/sameerkarur/Documents/Git/Data_science/07_IITK_AIML_Capstone/project1_autonomous_driving/data/part1/crops/00004458_626_pickup_truck.jpg,pickup_truck,6,00004458,431,174,710,368,v3_no_ambiguous
/Users/sameerkarur/Documents/Git/Data_science/07_IITK_AIML_Capstone/project1_autonomous_driving/data/part1/crops/00003815_627_single_unit_truck.jpg,single_unit_truck,7,00003815,265,20,324,47,v3_no_ambiguous
/Users/sameerkarur/Documents/Git/Data_science/07_IITK_AIML_Capstone/project1_autonomous_driving/data/part1/crops/00002836_628_car.jpg,car,3,00002836,1,245,226,353,v3_no_ambiguous
/Users/sameerkarur/Documents/Git/Data_science/07_IITK_AIML_Capstone/project1_autonomous_driving/data/part1/crops/00001056_629_car.jpg,car,3,00001056,577,192,715,277,v3_no_ambiguous
/Users/sameerkarur/Documents/Git/Data_science/07_IITK_AIML_Capstone/project1_autonomous_driving/data/part1/crops/00001607_630_car.jpg,car,3,00001607,491,262,676,406,v3_no_ambiguous
/Users/sameerkarur/Documents/Git/Data_science/07_IITK_AIML_Capstone/project1_autonomous_driving/data/part1/crops/00000710_631_car.jpg,car,3,00000710,384,198,463,238,v3_no_ambiguous
/Users/sameerkarur/Documents/Git/Data_science/07_IITK_AIML_Capstone/project1_autonomous_driving/data/part1/crops/00004150_632_pedestrian.jpg,pedestrian,5,00004150,515,134,564,246,v3_no_ambiguous
/Users/sameerkarur/Documents/Git/Data_science/07_IITK_AIML_Capstone/project1_autonomous_driving/data/part1/crops/00002181_633_car.jpg,car,3,00002181,545,162,716,274,v3_no_ambiguous
/Users/sameerkarur/Documents/Git/Data_science/07_IITK_AIML_Capstone/project1_autonomous_driving/data/part1/crops/00003828_634_bus.jpg,bus,2,00003828,121,147,176,181,v3_no_ambiguous
/Users/sameerkarur/Documents/Git/Data_science/07_IITK_AIML_Capstone/project1_autonomous_driving/data/part1/crops/00001426_635_pickup_truck.jpg,pickup_truck,6,00001426,207,107,305,163,v3_no_ambiguous
/Users/sameerkarur/Documents/Git/Data_science/07_IITK_AIML_Capstone/project1_autonomous_driving/data/part1/crops/00005383_636_car.jpg,car,3,00005383,308,107,338,143,v3_no_ambiguous
/Users/sameerkarur/Documents/Git/Data_science/07_IITK_AIML_Capstone/project1_autonomous_driving/data/part1/crops/00000479_637_work_van.jpg,work_van,8,00000479,567,157,637,191,v3_no_ambiguous
/Users/sameerkarur/Documents/Git/Data_science/07_IITK_AIML_Capstone/project1_autonomous_driving/data/part1/crops/00005558_638_single_unit_truck.jpg,single_unit_truck,7,00005558,355,168,617,283,v3_no_ambiguous
/Users/sameerkarur/Documents/Git/Data_science/07_IITK_AIML_Capstone/project1_autonomous_driving/data/part1/crops/00003245_639_bus.jpg,bus,2,00003245,438,144,627,229,v3_no_ambiguous
/Users/sameerkarur/Documents/Git/Data_science/07_IITK_AIML_Capstone/project1_autonomous_driving/data/part1/crops/00000922_640_car.jpg,car,3,00000922,93,106,220,160,v3_no_ambiguous
/Users/sameerkarur/Documents/Git/Data_science/07_IITK_AIML_Capstone/project1_autonomous_driving/data/part1/crops/00000628_641_car.jpg,car,3,00000628,638,207,688,270,v3_no_ambiguous
/Users/sameerkarur/Documents/Git/Data_science/07_IITK_AIML_Capstone/project1_autonomous_driving/data/part1/crops/00004605_642_bus.jpg,bus,2,00004605,275,130,664,347,v3_no_ambiguous
/Users/sameerkarur/Documents/Git/Data_science/07_IITK_AIML_Capstone/project1_autonomous_driving/data/part1/crops/00005273_643_bicycle.jpg,bicycle,1,00005273,280,165,318,249,v3_no_ambiguous
/Users/sameerkarur/Documents/Git/Data_science/07_IITK_AIML_Capstone/project1_autonomous_driving/data/part1/crops/00005201_644_motorcycle.jpg,motorcycle,4,00005201,381,127,452,187,v3_no_ambiguous
/Users/sameerkarur/Documents/Git/Data_science/07_IITK_AIML_Capstone/project1_autonomous_driving/data/part1/crops/00004888_645_single_unit_truck.jpg,single_unit_truck,7,00004888,571,67,698,141,v3_no_ambiguous
/Users/sameerkarur/Documents/Git/Data_science/07_IITK_AIML_Capstone/project1_autonomous_driving/data/part1/crops/00003749_646_car.jpg,car,3,00003749,92,31,167,62,v3_no_ambiguous
/Users/sameerkarur/Documents/Git/Data_science/07_IITK_AIML_Capstone/project1_autonomous_driving/data/part1/crops/00003525_647_articulated_truck.jpg,articulated_truck,0,00003525,82,0,525,175,v3_no_ambiguous
/Users/sameerkarur/Documents/Git/Data_science/07_IITK_AIML_Capstone/project1_autonomous_driving/data/part1/crops/00000531_648_work_van.jpg,work_van,8,00000531,42,147,103,223,v3_no_ambiguous
/Users/sameerkarur/Documents/Git/Data_science/07_IITK_AIML_Capstone/project1_autonomous_driving/data/part1/crops/00002119_649_pickup_truck.jpg,pickup_truck,6,00002119,562,182,641,225,v3_no_ambiguous
/Users/sameerkarur/Documents/Git/Data_science/07_IITK_AIML_Capstone/project1_autonomous_driving/data/part1/crops/00003722_650_car.jpg,car,3,00003722,126,369,314,478,v3_no_ambiguous
/Users/sameerkarur/Documents/Git/Data_science/07_IITK_AIML_Capstone/project1_autonomous_driving/data/part1/crops/00002521_651_car.jpg,car,3,00002521,289,253,428,361,v3_no_ambiguous
/Users/sameerkarur/Documents/Git/Data_science/07_IITK_AIML_Capstone/project1_autonomous_driving/data/part1/crops/00004988_652_pickup_truck.jpg,pickup_truck,6,00004988,561,161,628,190,v3_no_ambiguous
/Users/sameerkarur/Documents/Git/Data_science/07_IITK_AIML_Capstone/project1_autonomous_driving/data/part1/crops/00001896_653_pickup_truck.jpg,pickup_truck,6,00001896,48,96,170,150,v3_no_ambiguous
/Users/sameerkarur/Documents/Git/Data_science/07_IITK_AIML_Capstone/project1_autonomous_driving/data/part1/crops/00000316_654_car.jpg,car,3,00000316,214,91,328,138,v3_no_ambiguous
/Users/sameerkarur/Documents/Git/Data_science/07_IITK_AIML_Capstone/project1_autonomous_driving/data/part1/crops/00003208_655_car.jpg,car,3,00003208,62,112,126,142,v3_no_ambiguous
/Users/sameerkarur/Documents/Git/Data_science/07_IITK_AIML_Capstone/project1_autonomous_driving/data/part1/crops/00003500_656_work_van.jpg,work_van,8,00003500,181,93,263,128,v3_no_ambiguous
/Users/sameerkarur/Documents/Git/Data_science/07_IITK_AIML_Capstone/project1_autonomous_driving/data/part1/crops/00000737_657_pickup_truck.jpg,pickup_truck,6,00000737,67,163,267,251,v3_no_ambiguous
/Users/sameerkarur/Documents/Git/Data_science/07_IITK_AIML_Capstone/project1_autonomous_driving/data/part1/crops/00000356_658_pickup_truck.jpg,pickup_truck,6,00000356,556,188,716,358,v3_no_ambiguous
/Users/sameerkarur/Documents/Git/Data_science/07_IITK_AIML_Capstone/project1_autonomous_driving/data/part1/crops/00000859_659_work_van.jpg,work_van,8,00000859,411,57,487,93,v3_no_ambiguous
/Users/sameerkarur/Documents/Git/Data_science/07_IITK_AIML_Capstone/project1_autonomous_driving/data/part1/crops/00000178_660_bus.jpg,bus,2,00000178,10,150,625,479,v3_no_ambiguous
/Users/sameerkarur/Documents/Git/Data_science/07_IITK_AIML_Capstone/project1_autonomous_driving/data/part1/crops/00003000_661_pickup_truck.jpg,pickup_truck,6,00003000,218,78,326,138,v3_no_ambiguous
/Users/sameerkarur/Documents/Git/Data_science/07_IITK_AIML_Capstone/project1_autonomous_driving/data/part1/crops/00003261_662_car.jpg,car,3,00003261,95,313,435,466,v3_no_ambiguous
/Users/sameerkarur/Documents/Git/Data_science/07_IITK_AIML_Capstone/project1_autonomous_driving/data/part1/crops/00004082_663_articulated_truck.jpg,articulated_truck,0,00004082,318,85,441,160,v3_no_ambiguous
/Users/sameerkarur/Documents/Git/Data_science/07_IITK_AIML_Capstone/project1_autonomous_driving/data/part1/crops/00003315_664_single_unit_truck.jpg,single_unit_truck,7,00003315,0,168,514,479,v3_no_ambiguous
/Users/sameerkarur/Documents/Git/Data_science/07_IITK_AIML_Capstone/project1_autonomous_driving/data/part1/crops/00004323_665_bus.jpg,bus,2,00004323,216,154,647,361,v3_no_ambiguous
/Users/sameerkarur/Documents/Git/Data_science/07_IITK_AIML_Capstone/project1_autonomous_driving/data/part1/crops/00000112_666_articulated_truck.jpg,articulated_truck,0,00000112,0,94,130,225,v3_no_ambiguous
/Users/sameerkarur/Documents/Git/Data_science/07_IITK_AIML_Capstone/project1_autonomous_driving/data/part1/crops/00004722_667_car.jpg,car,3,00004722,541,85,572,113,v3_no_ambiguous
/Users/sameerkarur/Documents/Git/Data_science/07_IITK_AIML_Capstone/project1_autonomous_driving/data/part1/crops/00001773_668_pickup_truck.jpg,pickup_truck,6,00001773,108,114,209,171,v3_no_ambiguous
/Users/sameerkarur/Documents/Git/Data_science/07_IITK_AIML_Capstone/project1_autonomous_driving/data/part1/crops/00004868_669_single_unit_truck.jpg,single_unit_truck,7,00004868,598,224,681,276,v3_no_ambiguous
/Users/sameerkarur/Documents/Git/Data_science/07_IITK_AIML_Capstone/project1_autonomous_driving/data/part1/crops/00000994_670_car.jpg,car,3,00000994,224,148,290,183,v3_no_ambiguous
/Users/sameerkarur/Documents/Git/Data_science/07_IITK_AIML_Capstone/project1_autonomous_driving/data/part1/crops/00001139_671_car.jpg,car,3,00001139,492,82,535,125,v3_no_ambiguous
/Users/sameerkarur/Documents/Git/Data_science/07_IITK_AIML_Capstone/project1_autonomous_driving/data/part1/crops/00002571_672_single_unit_truck.jpg,single_unit_truck,7,00002571,150,68,364,167,v3_no_ambiguous
/Users/sameerkarur/Documents/Git/Data_science/07_IITK_AIML_Capstone/project1_autonomous_driving/data/part1/crops/00003918_673_work_van.jpg,work_van,8,00003918,262,206,617,479,v3_no_ambiguous
/Users/sameerkarur/Documents/Git/Data_science/07_IITK_AIML_Capstone/project1_autonomous_driving/data/part1/crops/00003620_674_pickup_truck.jpg,pickup_truck,6,00003620,55,285,334,476,v3_no_ambiguous
/Users/sameerkarur/Documents/Git/Data_science/07_IITK_AIML_Capstone/project1_autonomous_driving/data/part1/crops/00001365_675_car.jpg,car,3,00001365,480,210,592,280,v3_no_ambiguous
/Users/sameerkarur/Documents/Git/Data_science/07_IITK_AIML_Capstone/project1_autonomous_driving/data/part1/crops/00004835_676_car.jpg,car,3,00004835,237,55,298,80,v3_no_ambiguous
/Users/sameerkarur/Documents/Git/Data_science/07_IITK_AIML_Capstone/project1_autonomous_driving/data/part1/crops/00005339_677_car.jpg,car,3,00005339,597,234,660,311,v3_no_ambiguous
/Users/sameerkarur/Documents/Git/Data_science/07_IITK_AIML_Capstone/project1_autonomous_driving/data/part1/crops/00001309_678_articulated_truck.jpg,articulated_truck,0,00001309,463,7,548,33,v3_no_ambiguous
/Users/sameerkarur/Documents/Git/Data_science/07_IITK_AIML_Capstone/project1_autonomous_driving/data/part1/crops/00004528_679_pickup_truck.jpg,pickup_truck,6,00004528,191,261,399,422,v3_no_ambiguous
/Users/sameerkarur/Documents/Git/Data_science/07_IITK_AIML_Capstone/project1_autonomous_driving/data/part1/crops/00000997_680_car.jpg,car,3,00000997,175,105,248,140,v3_no_ambiguous
/Users/sameerkarur/Documents/Git/Data_science/07_IITK_AIML_Capstone/project1_autonomous_driving/data/part1/crops/00001097_681_pickup_truck.jpg,pickup_truck,6,00001097,563,166,626,194,v3_no_ambiguous
/Users/sameerkarur/Documents/Git/Data_science/07_IITK_AIML_Capstone/project1_autonomous_driving/data/part1/crops/00000618_682_car.jpg,car,3,00000618,510,116,710,200,v3_no_ambiguous
/Users/sameerkarur/Documents/Git/Data_science/07_IITK_AIML_Capstone/project1_autonomous_driving/data/part1/crops/00000311_683_articulated_truck.jpg,articulated_truck,0,00000311,58,36,270,86,v3_no_ambiguous
/Users/sameerkarur/Documents/Git/Data_science/07_IITK_AIML_Capstone/project1_autonomous_driving/data/part1/crops/00004136_684_car.jpg,car,3,00004136,397,137,461,170,v3_no_ambiguous
/Users/sameerkarur/Documents/Git/Data_science/07_IITK_AIML_Capstone/project1_autonomous_driving/data/part1/crops/00002601_685_bus.jpg,bus,2,00002601,113,46,157,75,v3_no_ambiguous
/Users/sameerkarur/Documents/Git/Data_science/07_IITK_AIML_Capstone/project1_autonomous_driving/data/part1/crops/00001687_686_pickup_truck.jpg,pickup_truck,6,00001687,0,93,109,150,v3_no_ambiguous
/Users/sameerkarur/Documents/Git/Data_science/07_IITK_AIML_Capstone/project1_autonomous_driving/data/part1/crops/00003090_687_pickup_truck.jpg,pickup_truck,6,00003090,298,144,686,478,v3_no_ambiguous
/Users/sameerkarur/Documents/Git/Data_science/07_IITK_AIML_Capstone/project1_autonomous_driving/data/part1/crops/00005516_688_bus.jpg,bus,2,00005516,124,75,423,234,v3_no_ambiguous
/Users/sameerkarur/Documents/Git/Data_science/07_IITK_AIML_Capstone/project1_autonomous_driving/data/part1/crops/00004373_689_car.jpg,car,3,00004373,601,171,658,200,v3_no_ambiguous
/Users/sameerkarur/Documents/Git/Data_science/07_IITK_AIML_Capstone/project1_autonomous_driving/data/part1/crops/00003701_690_car.jpg,car,3,00003701,376,178,462,206,v3_no_ambiguous
/Users/sameerkarur/Documents/Git/Data_science/07_IITK_AIML_Capstone/project1_autonomous_driving/data/part1/crops/00002336_691_pedestrian.jpg,pedestrian,5,00002336,314,253,361,339,v3_no_ambiguous
/Users/sameerkarur/Documents/Git/Data_science/07_IITK_AIML_Capstone/project1_autonomous_driving/data/part1/crops/00005217_692_car.jpg,car,3,00005217,463,254,708,386,v3_no_ambiguous
/Users/sameerkarur/Documents/Git/Data_science/07_IITK_AIML_Capstone/project1_autonomous_driving/data/part1/crops/00002101_693_car.jpg,car,3,00002101,0,123,59,165,v3_no_ambiguous
/Users/sameerkarur/Documents/Git/Data_science/07_IITK_AIML_Capstone/project1_autonomous_driving/data/part1/crops/00000863_694_articulated_truck.jpg,articulated_truck,0,00000863,25,45,234,110,v3_no_ambiguous
/Users/sameerkarur/Documents/Git/Data_science/07_IITK_AIML_Capstone/project1_autonomous_driving/data/part1/crops/00001776_695_car.jpg,car,3,00001776,284,43,323,79,v3_no_ambiguous
/Users/sameerkarur/Documents/Git/Data_science/07_IITK_AIML_Capstone/project1_autonomous_driving/data/part1/crops/00001002_696_car.jpg,car,3,00001002,621,80,668,118,v3_no_ambiguous
/Users/sameerkarur/Documents/Git/Data_science/07_IITK_AIML_Capstone/project1_autonomous_driving/data/part1/crops/00003072_697_car.jpg,car,3,00003072,431,86,570,140,v3_no_ambiguous
/Users/sameerkarur/Documents/Git/Data_science/07_IITK_AIML_Capstone/project1_autonomous_driving/data/part1/crops/00002690_698_car.jpg,car,3,00002690,537,394,711,479,v3_no_ambiguous
/Users/sameerkarur/Documents/Git/Data_science/07_IITK_AIML_Capstone/project1_autonomous_driving/data/part1/crops/00000513_699_pickup_truck.jpg,pickup_truck,6,00000513,376,141,544,213,v3_no_ambiguous
/Users/sameerkarur/Documents/Git/Data_science/07_IITK_AIML_Capstone/project1_autonomous_driving/data/part1/crops/00000401_700_articulated_truck.jpg,articulated_truck,0,00000401,1,39,216,144,v3_no_ambiguous
/Users/sameerkarur/Documents/Git/Data_science/07_IITK_AIML_Capstone/project1_autonomous_driving/data/part1/crops/00003874_701_single_unit_truck.jpg,single_unit_truck,7,00003874,564,133,714,350,v3_no_ambiguous
/Users/sameerkarur/Documents/Git/Data_science/07_IITK_AIML_Capstone/project1_autonomous_driving/data/part1/crops/00005128_702_pickup_truck.jpg,pickup_truck,6,00005128,565,206,705,295,v3_no_ambiguous
/Users/sameerkarur/Documents/Git/Data_science/07_IITK_AIML_Capstone/project1_autonomous_driving/data/part1/crops/00001913_703_bus.jpg,bus,2,00001913,98,130,576,396,v3_no_ambiguous
/Users/sameerkarur/Documents/Git/Data_science/07_IITK_AIML_Capstone/project1_autonomous_driving/data/part1/crops/00004144_704_bus.jpg,bus,2,00004144,113,129,166,178,v3_no_ambiguous
/Users/sameerkarur/Documents/Git/Data_science/07_IITK_AIML_Capstone/project1_autonomous_driving/data/part1/crops/00000744_705_car.jpg,car,3,00000744,154,24,224,56,v3_no_ambiguous
/Users/sameerkarur/Documents/Git/Data_science/07_IITK_AIML_Capstone/project1_autonomous_driving/data/part1/crops/00000826_706_bus.jpg,bus,2,00000826,261,1,644,147,v3_no_ambiguous
/Users/sameerkarur/Documents/Git/Data_science/07_IITK_AIML_Capstone/project1_autonomous_driving/data/part1/crops/00002061_707_work_van.jpg,work_van,8,00002061,12,116,46,158,v3_no_ambiguous
/Users/sameerkarur/Documents/Git/Data_science/07_IITK_AIML_Capstone/project1_autonomous_driving/data/part1/crops/00004849_708_articulated_truck.jpg,articulated_truck,0,00004849,284,22,338,60,v3_no_ambiguous
/Users/sameerkarur/Documents/Git/Data_science/07_IITK_AIML_Capstone/project1_autonomous_driving/data/part1/crops/00000743_709_car.jpg,car,3,00000743,223,83,312,124,v3_no_ambiguous
/Users/sameerkarur/Documents/Git/Data_science/07_IITK_AIML_Capstone/project1_autonomous_driving/data/part1/crops/00003892_710_car.jpg,car,3,00003892,604,143,643,180,v3_no_ambiguous
/Users/sameerkarur/Documents/Git/Data_science/07_IITK_AIML_Capstone/project1_autonomous_driving/data/part1/crops/00005051_711_bus.jpg,bus,2,00005051,252,132,718,479,v3_no_ambiguous
/Users/sameerkarur/Documents/Git/Data_science/07_IITK_AIML_Capstone/project1_autonomous_driving/data/part1/crops/00001528_712_car.jpg,car,3,00001528,604,224,690,272,v3_no_ambiguous
/Users/sameerkarur/Documents/Git/Data_science/07_IITK_AIML_Capstone/project1_autonomous_driving/data/part1/crops/00003422_713_pickup_truck.jpg,pickup_truck,6,00003422,51,277,235,410,v3_no_ambiguous
/Users/sameerkarur/Documents/Git/Data_science/07_IITK_AIML_Capstone/project1_autonomous_driving/data/part1/crops/00000027_714_pickup_truck.jpg,pickup_truck,6,00000027,221,111,584,309,v3_no_ambiguous
/Users/sameerkarur/Documents/Git/Data_science/07_IITK_AIML_Capstone/project1_autonomous_driving/data/part1/crops/00004708_715_pickup_truck.jpg,pickup_truck,6,00004708,229,102,557,282,v3_no_ambiguous
/Users/sameerkarur/Documents/Git/Data_science/07_IITK_AIML_Capstone/project1_autonomous_driving/data/part1/crops/00005274_716_work_van.jpg,work_van,8,00005274,78,44,113,70,v3_no_ambiguous
/Users/sameerkarur/Documents/Git/Data_science/07_IITK_AIML_Capstone/project1_autonomous_driving/data/part1/crops/00002693_717_pickup_truck.jpg,pickup_truck,6,00002693,112,129,230,178,v3_no_ambiguous
/Users/sameerkarur/Documents/Git/Data_science/07_IITK_AIML_Capstone/project1_autonomous_driving/data/part1/crops/00003113_718_car.jpg,car,3,00003113,432,406,516,477,v3_no_ambiguous
/Users/sameerkarur/Documents/Git/Data_science/07_IITK_AIML_Capstone/project1_autonomous_driving/data/part1/crops/00001923_719_car.jpg,car,3,00001923,340,319,659,478,v3_no_ambiguous
/Users/sameerkarur/Documents/Git/Data_science/07_IITK_AIML_Capstone/project1_autonomous_driving/data/part1/crops/00002927_720_pickup_truck.jpg,pickup_truck,6,00002927,558,178,612,206,v3_no_ambiguous
/Users/sameerkarur/Documents/Git/Data_science/07_IITK_AIML_Capstone/project1_autonomous_driving/data/part1/crops/00001242_721_pedestrian.jpg,pedestrian,5,00001242,573,318,629,394,v3_no_ambiguous
/Users/sameerkarur/Documents/Git/Data_science/07_IITK_AIML_Capstone/project1_autonomous_driving/data/part1/crops/00003708_722_bus.jpg,bus,2,00003708,1,90,169,296,v3_no_ambiguous
/Users/sameerkarur/Documents/Git/Data_science/07_IITK_AIML_Capstone/project1_autonomous_driving/data/part1/crops/00002256_723_car.jpg,car,3,00002256,565,160,640,191,v3_no_ambiguous
/Users/sameerkarur/Documents/Git/Data_science/07_IITK_AIML_Capstone/project1_autonomous_driving/data/part1/crops/00003402_724_pickup_truck.jpg,pickup_truck,6,00003402,493,96,717,246,v3_no_ambiguous
/Users/sameerkarur/Documents/Git/Data_science/07_IITK_AIML_Capstone/project1_autonomous_driving/data/part1/crops/00003591_725_car.jpg,car,3,00003591,635,180,681,226,v3_no_ambiguous
/Users/sameerkarur/Documents/Git/Data_science/07_IITK_AIML_Capstone/project1_autonomous_driving/data/part1/crops/00000066_726_pickup_truck.jpg,pickup_truck,6,00000066,306,197,444,265,v3_no_ambiguous
/Users/sameerkarur/Documents/Git/Data_science/07_IITK_AIML_Capstone/project1_autonomous_driving/data/part1/crops/00001002_727_bus.jpg,bus,2,00001002,313,78,714,418,v3_no_ambiguous
/Users/sameerkarur/Documents/Git/Data_science/07_IITK_AIML_Capstone/project1_autonomous_driving/data/part1/crops/00002347_728_articulated_truck.jpg,articulated_truck,0,00002347,79,84,177,166,v3_no_ambiguous
/Users/sameerkarur/Documents/Git/Data_science/07_IITK_AIML_Capstone/project1_autonomous_driving/data/part1/crops/00002032_729_pickup_truck.jpg,pickup_truck,6,00002032,243,50,282,75,v3_no_ambiguous
/Users/sameerkarur/Documents/Git/Data_science/07_IITK_AIML_Capstone/project1_autonomous_driving/data/part1/crops/00002032_730_bicycle.jpg,bicycle,1,00002032,356,195,394,279,v3_no_ambiguous
/Users/sameerkarur/Documents/Git/Data_science/07_IITK_AIML_Capstone/project1_autonomous_driving/data/part1/crops/00000043_731_bus.jpg,bus,2,00000043,60,58,359,391,v3_no_ambiguous
/Users/sameerkarur/Documents/Git/Data_science/07_IITK_AIML_Capstone/project1_autonomous_driving/data/part1/crops/00005094_732_car.jpg,car,3,00005094,194,73,290,161,v3_no_ambiguous
/Users/sameerkarur/Documents/Git/Data_science/07_IITK_AIML_Capstone/project1_autonomous_driving/data/part1/crops/00002681_733_single_unit_truck.jpg,single_unit_truck,7,00002681,145,61,361,165,v3_no_ambiguous
/Users/sameerkarur/Documents/Git/Data_science/07_IITK_AIML_Capstone/project1_autonomous_driving/data/part1/crops/00004732_734_car.jpg,car,3,00004732,500,93,558,117,v3_no_ambiguous
/Users/sameerkarur/Documents/Git/Data_science/07_IITK_AIML_Capstone/project1_autonomous_driving/data/part1/crops/00000942_735_bus.jpg,bus,2,00000942,219,153,638,335,v3_no_ambiguous
/Users/sameerkarur/Documents/Git/Data_science/07_IITK_AIML_Capstone/project1_autonomous_driving/data/part1/crops/00001329_736_bus.jpg,bus,2,00001329,208,154,584,322,v3_no_ambiguous
/Users/sameerkarur/Documents/Git/Data_science/07_IITK_AIML_Capstone/project1_autonomous_driving/data/part1/crops/00004171_737_bus.jpg,bus,2,00004171,252,80,305,117,v3_no_ambiguous
/Users/sameerkarur/Documents/Git/Data_science/07_IITK_AIML_Capstone/project1_autonomous_driving/data/part1/crops/00004141_738_motorcycle.jpg,motorcycle,4,00004141,303,97,379,146,v3_no_ambiguous
/Users/sameerkarur/Documents/Git/Data_science/07_IITK_AIML_Capstone/project1_autonomous_driving/data/part1/crops/00003967_739_articulated_truck.jpg,articulated_truck,0,00003967,610,88,712,122,v3_no_ambiguous
/Users/sameerkarur/Documents/Git/Data_science/07_IITK_AIML_Capstone/project1_autonomous_driving/data/part1/crops/00003662_740_work_van.jpg,work_van,8,00003662,418,25,448,52,v3_no_ambiguous
/Users/sameerkarur/Documents/Git/Data_science/07_IITK_AIML_Capstone/project1_autonomous_driving/data/part1/crops/00000604_741_pickup_truck.jpg,pickup_truck,6,00000604,107,124,200,170,v3_no_ambiguous
/Users/sameerkarur/Documents/Git/Data_science/07_IITK_AIML_Capstone/project1_autonomous_driving/data/part1/crops/00002470_742_car.jpg,car,3,00002470,194,2,244,39,v3_no_ambiguous
/Users/sameerkarur/Documents/Git/Data_science/07_IITK_AIML_Capstone/project1_autonomous_driving/data/part1/crops/00004879_743_car.jpg,car,3,00004879,2,69,50,102,v3_no_ambiguous
/Users/sameerkarur/Documents/Git/Data_science/07_IITK_AIML_Capstone/project1_autonomous_driving/data/part1/crops/00004145_744_single_unit_truck.jpg,single_unit_truck,7,00004145,74,281,197,479,v3_no_ambiguous
/Users/sameerkarur/Documents/Git/Data_science/07_IITK_AIML_Capstone/project1_autonomous_driving/data/part1/crops/00002423_745_articulated_truck.jpg,articulated_truck,0,00002423,97,30,626,160,v3_no_ambiguous
/Users/sameerkarur/Documents/Git/Data_science/07_IITK_AIML_Capstone/project1_autonomous_driving/data/part1/crops/00002136_746_car.jpg,car,3,00002136,491,220,667,320,v3_no_ambiguous
/Users/sameerkarur/Documents/Git/Data_science/07_IITK_AIML_Capstone/project1_autonomous_driving/data/part1/crops/00004014_747_car.jpg,car,3,00004014,317,203,416,313,v3_no_ambiguous
/Users/sameerkarur/Documents/Git/Data_science/07_IITK_AIML_Capstone/project1_autonomous_driving/data/part1/crops/00001483_748_work_van.jpg,work_van,8,00001483,232,82,270,119,v3_no_ambiguous
/Users/sameerkarur/Documents/Git/Data_science/07_IITK_AIML_Capstone/project1_autonomous_driving/data/part1/crops/00003042_749_work_van.jpg,work_van,8,00003042,207,178,277,232,v3_no_ambiguous
/Users/sameerkarur/Documents/Git/Data_science/07_IITK_AIML_Capstone/project1_autonomous_driving/data/part1/crops/00005337_750_articulated_truck.jpg,articulated_truck,0,00005337,0,77,243,181,v3_no_ambiguous
/Users/sameerkarur/Documents/Git/Data_science/07_IITK_AIML_Capstone/project1_autonomous_driving/data/part1/crops/00002408_751_car.jpg,car,3,00002408,59,51,165,97,v3_no_ambiguous
/Users/sameerkarur/Documents/Git/Data_science/07_IITK_AIML_Capstone/project1_autonomous_driving/data/part1/crops/00002385_752_bus.jpg,bus,2,00002385,230,58,441,296,v3_no_ambiguous
/Users/sameerkarur/Documents/Git/Data_science/07_IITK_AIML_Capstone/project1_autonomous_driving/data/part1/crops/00000449_753_bus.jpg,bus,2,00000449,69,154,129,203,v3_no_ambiguous
/Users/sameerkarur/Documents/Git/Data_science/07_IITK_AIML_Capstone/project1_autonomous_driving/data/part1/crops/00000454_754_single_unit_truck.jpg,single_unit_truck,7,00000454,158,33,238,85,v3_no_ambiguous
/Users/sameerkarur/Documents/Git/Data_science/07_IITK_AIML_Capstone/project1_autonomous_driving/data/part1/crops/00004536_755_pickup_truck.jpg,pickup_truck,6,00004536,206,72,250,102,v3_no_ambiguous
/Users/sameerkarur/Documents/Git/Data_science/07_IITK_AIML_Capstone/project1_autonomous_driving/data/part1/crops/00005215_756_pickup_truck.jpg,pickup_truck,6,00005215,520,118,555,145,v3_no_ambiguous
/Users/sameerkarur/Documents/Git/Data_science/07_IITK_AIML_Capstone/project1_autonomous_driving/data/part1/crops/00004021_757_car.jpg,car,3,00004021,525,140,626,222,v3_no_ambiguous
/Users/sameerkarur/Documents/Git/Data_science/07_IITK_AIML_Capstone/project1_autonomous_driving/data/part1/crops/00003948_758_car.jpg,car,3,00003948,329,199,430,320,v3_no_ambiguous
/Users/sameerkarur/Documents/Git/Data_science/07_IITK_AIML_Capstone/project1_autonomous_driving/data/part1/crops/00003956_759_pickup_truck.jpg,pickup_truck,6,00003956,343,170,572,369,v3_no_ambiguous
/Users/sameerkarur/Documents/Git/Data_science/07_IITK_AIML_Capstone/project1_autonomous_driving/data/part1/crops/00002809_760_car.jpg,car,3,00002809,522,135,678,217,v3_no_ambiguous
/Users/sameerkarur/Documents/Git/Data_science/07_IITK_AIML_Capstone/project1_autonomous_driving/data/part1/crops/00001986_761_articulated_truck.jpg,articulated_truck,0,00001986,1,44,336,174,v3_no_ambiguous
/Users/sameerkarur/Documents/Git/Data_science/07_IITK_AIML_Capstone/project1_autonomous_driving/data/part1/crops/00004899_762_single_unit_truck.jpg,single_unit_truck,7,00004899,7,43,144,123,v3_no_ambiguous
/Users/sameerkarur/Documents/Git/Data_science/07_IITK_AIML_Capstone/project1_autonomous_driving/data/part1/crops/00000253_763_bus.jpg,bus,2,00000253,480,85,710,381,v3_no_ambiguous
/Users/sameerkarur/Documents/Git/Data_science/07_IITK_AIML_Capstone/project1_autonomous_driving/data/part1/crops/00003387_764_motorcycle.jpg,motorcycle,4,00003387,186,191,254,257,v3_no_ambiguous
/Users/sameerkarur/Documents/Git/Data_science/07_IITK_AIML_Capstone/project1_autonomous_driving/data/part1/crops/00001580_765_pickup_truck.jpg,pickup_truck,6,00001580,84,39,131,63,v3_no_ambiguous
/Users/sameerkarur/Documents/Git/Data_science/07_IITK_AIML_Capstone/project1_autonomous_driving/data/part1/crops/00001573_766_bus.jpg,bus,2,00001573,75,111,147,161,v3_no_ambiguous
/Users/sameerkarur/Documents/Git/Data_science/07_IITK_AIML_Capstone/project1_autonomous_driving/data/part1/crops/00004465_767_bicycle.jpg,bicycle,1,00004465,200,71,228,109,v3_no_ambiguous
/Users/sameerkarur/Documents/Git/Data_science/07_IITK_AIML_Capstone/project1_autonomous_driving/data/part1/crops/00003121_768_pickup_truck.jpg,pickup_truck,6,00003121,203,303,452,443,v3_no_ambiguous
/Users/sameerkarur/Documents/Git/Data_science/07_IITK_AIML_Capstone/project1_autonomous_driving/data/part1/crops/00001960_769_car.jpg,car,3,00001960,579,160,632,191,v3_no_ambiguous
/Users/sameerkarur/Documents/Git/Data_science/07_IITK_AIML_Capstone/project1_autonomous_driving/data/part1/crops/00004691_770_bus.jpg,bus,2,00004691,272,77,631,200,v3_no_ambiguous
/Users/sameerkarur/Documents/Git/Data_science/07_IITK_AIML_Capstone/project1_autonomous_driving/data/part1/crops/00000531_771_work_van.jpg,work_van,8,00000531,41,153,100,216,v3_no_ambiguous
/Users/sameerkarur/Documents/Git/Data_science/07_IITK_AIML_Capstone/project1_autonomous_driving/data/part1/crops/00002256_772_work_van.jpg,work_van,8,00002256,158,162,243,201,v3_no_ambiguous
/Users/sameerkarur/Documents/Git/Data_science/07_IITK_AIML_Capstone/project1_autonomous_driving/data/part1/crops/00003672_773_pickup_truck.jpg,pickup_truck,6,00003672,113,245,226,320,v3_no_ambiguous
/Users/sameerkarur/Documents/Git/Data_science/07_IITK_AIML_Capstone/project1_autonomous_driving/data/part1/crops/00004168_774_pickup_truck.jpg,pickup_truck,6,00004168,595,214,711,383,v3_no_ambiguous
/Users/sameerkarur/Documents/Git/Data_science/07_IITK_AIML_Capstone/project1_autonomous_driving/data/part1/crops/00000793_775_pickup_truck.jpg,pickup_truck,6,00000793,534,90,685,151,v3_no_ambiguous
/Users/sameerkarur/Documents/Git/Data_science/07_IITK_AIML_Capstone/project1_autonomous_driving/data/part1/crops/00003772_776_car.jpg,car,3,00003772,608,167,651,212,v3_no_ambiguous
/Users/sameerkarur/Documents/Git/Data_science/07_IITK_AIML_Capstone/project1_autonomous_driving/data/part1/crops/00002669_777_articulated_truck.jpg,articulated_truck,0,00002669,531,8,651,45,v3_no_ambiguous
/Users/sameerkarur/Documents/Git/Data_science/07_IITK_AIML_Capstone/project1_autonomous_driving/data/part1/crops/00005491_778_bus.jpg,bus,2,00005491,284,162,713,389,v3_no_ambiguous
/Users/sameerkarur/Documents/Git/Data_science/07_IITK_AIML_Capstone/project1_autonomous_driving/data/part1/crops/00005406_779_car.jpg,car,3,00005406,173,341,440,458,v3_no_ambiguous
/Users/sameerkarur/Documents/Git/Data_science/07_IITK_AIML_Capstone/project1_autonomous_driving/data/part1/crops/00005124_780_pedestrian.jpg,pedestrian,5,00005124,130,15,185,48,v3_no_ambiguous
/Users/sameerkarur/Documents/Git/Data_science/07_IITK_AIML_Capstone/project1_autonomous_driving/data/part1/crops/00000791_781_bus.jpg,bus,2,00000791,25,136,524,321,v3_no_ambiguous
/Users/sameerkarur/Documents/Git/Data_science/07_IITK_AIML_Capstone/project1_autonomous_driving/data/part1/crops/00002005_782_bus.jpg,bus,2,00002005,352,85,717,299,v3_no_ambiguous
/Users/sameerkarur/Documents/Git/Data_science/07_IITK_AIML_Capstone/project1_autonomous_driving/data/part1/crops/00004684_783_car.jpg,car,3,00004684,164,93,376,189,v3_no_ambiguous
/Users/sameerkarur/Documents/Git/Data_science/07_IITK_AIML_Capstone/project1_autonomous_driving/data/part1/crops/00003068_784_articulated_truck.jpg,articulated_truck,0,00003068,246,44,338,72,v3_no_ambiguous
/Users/sameerkarur/Documents/Git/Data_science/07_IITK_AIML_Capstone/project1_autonomous_driving/data/part1/crops/00002346_785_bus.jpg,bus,2,00002346,249,133,615,387,v3_no_ambiguous
/Users/sameerkarur/Documents/Git/Data_science/07_IITK_AIML_Capstone/project1_autonomous_driving/data/part1/crops/00000101_786_bus.jpg,bus,2,00000101,188,85,382,215,v3_no_ambiguous
/Users/sameerkarur/Documents/Git/Data_science/07_IITK_AIML_Capstone/project1_autonomous_driving/data/part1/crops/00000204_787_pickup_truck.jpg,pickup_truck,6,00000204,529,201,712,307,v3_no_ambiguous
/Users/sameerkarur/Documents/Git/Data_science/07_IITK_AIML_Capstone/project1_autonomous_driving/data/part1/crops/00003472_788_car.jpg,car,3,00003472,497,277,626,388,v3_no_ambiguous
/Users/sameerkarur/Documents/Git/Data_science/07_IITK_AIML_Capstone/project1_autonomous_driving/data/part1/crops/00001624_789_car.jpg,car,3,00001624,25,35,77,63,v3_no_ambiguous
/Users/sameerkarur/Documents/Git/Data_science/07_IITK_AIML_Capstone/project1_autonomous_driving/data/part1/crops/00004912_790_bus.jpg,bus,2,00004912,359,174,719,410,v3_no_ambiguous
/Users/sameerkarur/Documents/Git/Data_science/07_IITK_AIML_Capstone/project1_autonomous_driving/data/part1/crops/00004555_791_pickup_truck.jpg,pickup_truck,6,00004555,438,233,709,365,v3_no_ambiguous
/Users/sameerkarur/Documents/Git/Data_science/07_IITK_AIML_Capstone/project1_autonomous_driving/data/part1/crops/00003159_792_bus.jpg,bus,2,00003159,255,160,322,247,v3_no_ambiguous
/Users/sameerkarur/Documents/Git/Data_science/07_IITK_AIML_Capstone/project1_autonomous_driving/data/part1/crops/00002241_793_work_van.jpg,work_van,8,00002241,650,140,710,169,v3_no_ambiguous
/Users/sameerkarur/Documents/Git/Data_science/07_IITK_AIML_Capstone/project1_autonomous_driving/data/part1/crops/00003334_794_pickup_truck.jpg,pickup_truck,6,00003334,458,134,711,378,v3_no_ambiguous
/Users/sameerkarur/Documents/Git/Data_science/07_IITK_AIML_Capstone/project1_autonomous_driving/data/part1/crops/00002182_795_articulated_truck.jpg,articulated_truck,0,00002182,383,55,453,86,v3_no_ambiguous
/Users/sameerkarur/Documents/Git/Data_science/07_IITK_AIML_Capstone/project1_autonomous_driving/data/part1/crops/00002986_796_articulated_truck.jpg,articulated_truck,0,00002986,171,14,254,41,v3_no_ambiguous
/Users/sameerkarur/Documents/Git/Data_science/07_IITK_AIML_Capstone/project1_autonomous_driving/data/part1/crops/00001502_797_car.jpg,car,3,00001502,533,340,715,478,v3_no_ambiguous
/Users/sameerkarur/Documents/Git/Data_science/07_IITK_AIML_Capstone/project1_autonomous_driving/data/part1/crops/00002989_798_work_van.jpg,work_van,8,00002989,655,81,713,160,v3_no_ambiguous
/Users/sameerkarur/Documents/Git/Data_science/07_IITK_AIML_Capstone/project1_autonomous_driving/data/part1/crops/00001002_799_car.jpg,car,3,00001002,643,73,683,100,v3_no_ambiguous
/Users/sameerkarur/Documents/Git/Data_science/07_IITK_AIML_Capstone/project1_autonomous_driving/data/part1/crops/00003169_800_car.jpg,car,3,00003169,233,84,260,113,v3_no_ambiguous
/Users/sameerkarur/Documents/Git/Data_science/07_IITK_AIML_Capstone/project1_autonomous_driving/data/part1/crops/00004972_801_work_van.jpg,work_van,8,00004972,457,84,537,118,v3_no_ambiguous
/Users/sameerkarur/Documents/Git/Data_science/07_IITK_AIML_Capstone/project1_autonomous_driving/data/part1/crops/00000945_802_bus.jpg,bus,2,00000945,66,23,212,133,v3_no_ambiguous
/Users/sameerkarur/Documents/Git/Data_science/07_IITK_AIML_Capstone/project1_autonomous_driving/data/part1/crops/00002706_803_bus.jpg,bus,2,00002706,479,78,714,272,v3_no_ambiguous
/Users/sameerkarur/Documents/Git/Data_science/07_IITK_AIML_Capstone/project1_autonomous_driving/data/part1/crops/00000161_804_single_unit_truck.jpg,single_unit_truck,7,00000161,242,119,316,152,v3_no_ambiguous
/Users/sameerkarur/Documents/Git/Data_science/07_IITK_AIML_Capstone/project1_autonomous_driving/data/part1/crops/00001223_805_car.jpg,car,3,00001223,420,149,495,173,v3_no_ambiguous
/Users/sameerkarur/Documents/Git/Data_science/07_IITK_AIML_Capstone/project1_autonomous_driving/data/part1/crops/00001745_806_bus.jpg,bus,2,00001745,358,94,697,225,v3_no_ambiguous
/Users/sameerkarur/Documents/Git/Data_science/07_IITK_AIML_Capstone/project1_autonomous_driving/data/part1/crops/00002853_807_single_unit_truck.jpg,single_unit_truck,7,00002853,595,120,665,190,v3_no_ambiguous
/Users/sameerkarur/Documents/Git/Data_science/07_IITK_AIML_Capstone/project1_autonomous_driving/data/part1/crops/00004138_808_work_van.jpg,work_van,8,00004138,93,130,225,226,v3_no_ambiguous
/Users/sameerkarur/Documents/Git/Data_science/07_IITK_AIML_Capstone/project1_autonomous_driving/data/part1/crops/00003318_809_work_van.jpg,work_van,8,00003318,415,166,593,310,v3_no_ambiguous
/Users/sameerkarur/Documents/Git/Data_science/07_IITK_AIML_Capstone/project1_autonomous_driving/data/part1/crops/00003907_810_pickup_truck.jpg,pickup_truck,6,00003907,420,298,621,404,v3_no_ambiguous
/Users/sameerkarur/Documents/Git/Data_science/07_IITK_AIML_Capstone/project1_autonomous_driving/data/part1/crops/00000580_811_car.jpg,car,3,00000580,598,68,697,128,v3_no_ambiguous
/Users/sameerkarur/Documents/Git/Data_science/07_IITK_AIML_Capstone/project1_autonomous_driving/data/part1/crops/00005599_812_bus.jpg,bus,2,00005599,474,72,709,277,v3_no_ambiguous
/Users/sameerkarur/Documents/Git/Data_science/07_IITK_AIML_Capstone/project1_autonomous_driving/data/part1/crops/00002262_813_car.jpg,car,3,00002262,610,133,642,158,v3_no_ambiguous
/Users/sameerkarur/Documents/Git/Data_science/07_IITK_AIML_Capstone/project1_autonomous_driving/data/part1/crops/00003751_814_pickup_truck.jpg,pickup_truck,6,00003751,177,54,252,87,v3_no_ambiguous
/Users/sameerkarur/Documents/Git/Data_science/07_IITK_AIML_Capstone/project1_autonomous_driving/data/part1/crops/00001540_815_work_van.jpg,work_van,8,00001540,164,233,629,476,v3_no_ambiguous
/Users/sameerkarur/Documents/Git/Data_science/07_IITK_AIML_Capstone/project1_autonomous_driving/data/part1/crops/00005644_816_car.jpg,car,3,00005644,378,133,442,171,v3_no_ambiguous
/Users/sameerkarur/Documents/Git/Data_science/07_IITK_AIML_Capstone/project1_autonomous_driving/data/part1/crops/00002894_817_bus.jpg,bus,2,00002894,207,113,626,421,v3_no_ambiguous
/Users/sameerkarur/Documents/Git/Data_science/07_IITK_AIML_Capstone/project1_autonomous_driving/data/part1/crops/00002501_818_bus.jpg,bus,2,00002501,510,115,693,202,v3_no_ambiguous
/Users/sameerkarur/Documents/Git/Data_science/07_IITK_AIML_Capstone/project1_autonomous_driving/data/part1/crops/00004662_819_pickup_truck.jpg,pickup_truck,6,00004662,75,83,201,144,v3_no_ambiguous
/Users/sameerkarur/Documents/Git/Data_science/07_IITK_AIML_Capstone/project1_autonomous_driving/data/part1/crops/00003611_820_bus.jpg,bus,2,00003611,183,146,449,265,v3_no_ambiguous
/Users/sameerkarur/Documents/Git/Data_science/07_IITK_AIML_Capstone/project1_autonomous_driving/data/part1/crops/00000127_821_bus.jpg,bus,2,00000127,449,140,712,293,v3_no_ambiguous
/Users/sameerkarur/Documents/Git/Data_science/07_IITK_AIML_Capstone/project1_autonomous_driving/data/part1/crops/00002875_822_motorcycle.jpg,motorcycle,4,00002875,215,93,246,123,v3_no_ambiguous
/Users/sameerkarur/Documents/Git/Data_science/07_IITK_AIML_Capstone/project1_autonomous_driving/data/part1/crops/00003859_823_single_unit_truck.jpg,single_unit_truck,7,00003859,77,81,159,131,v3_no_ambiguous
/Users/sameerkarur/Documents/Git/Data_science/07_IITK_AIML_Capstone/project1_autonomous_driving/data/part1/crops/00003648_824_pickup_truck.jpg,pickup_truck,6,00003648,611,153,658,182,v3_no_ambiguous
/Users/sameerkarur/Documents/Git/Data_science/07_IITK_AIML_Capstone/project1_autonomous_driving/data/part1/crops/00000942_825_articulated_truck.jpg,articulated_truck,0,00000942,196,115,286,158,v3_no_ambiguous
/Users/sameerkarur/Documents/Git/Data_science/07_IITK_AIML_Capstone/project1_autonomous_driving/data/part1/crops/00000588_826_articulated_truck.jpg,articulated_truck,0,00000588,114,136,427,283,v3_no_ambiguous
/Users/sameerkarur/Documents/Git/Data_science/07_IITK_AIML_Capstone/project1_autonomous_driving/data/part1/crops/00000950_827_car.jpg,car,3,00000950,594,231,646,259,v3_no_ambiguous
/Users/sameerkarur/Documents/Git/Data_science/07_IITK_AIML_Capstone/project1_autonomous_driving/data/part1/crops/00004431_828_car.jpg,car,3,00004431,158,187,255,238,v3_no_ambiguous
/Users/sameerkarur/Documents/Git/Data_science/07_IITK_AIML_Capstone/project1_autonomous_driving/data/part1/crops/00004886_829_car.jpg,car,3,00004886,403,115,626,306,v3_no_ambiguous
/Users/sameerkarur/Documents/Git/Data_science/07_IITK_AIML_Capstone/project1_autonomous_driving/data/part1/crops/00000082_830_work_van.jpg,work_van,8,00000082,568,226,668,339,v3_no_ambiguous
/Users/sameerkarur/Documents/Git/Data_science/07_IITK_AIML_Capstone/project1_autonomous_driving/data/part1/crops/00001885_831_motorcycle.jpg,motorcycle,4,00001885,478,396,566,479,v3_no_ambiguous
/Users/sameerkarur/Documents/Git/Data_science/07_IITK_AIML_Capstone/project1_autonomous_driving/data/part1/crops/00005145_832_bus.jpg,bus,2,00005145,3,164,351,449,v3_no_ambiguous
/Users/sameerkarur/Documents/Git/Data_science/07_IITK_AIML_Capstone/project1_autonomous_driving/data/part1/crops/00001329_833_car.jpg,car,3,00001329,496,166,570,195,v3_no_ambiguous
/Users/sameerkarur/Documents/Git/Data_science/07_IITK_AIML_Capstone/project1_autonomous_driving/data/part1/crops/00004172_834_single_unit_truck.jpg,single_unit_truck,7,00004172,3,71,274,299,v3_no_ambiguous
/Users/sameerkarur/Documents/Git/Data_science/07_IITK_AIML_Capstone/project1_autonomous_driving/data/part1/crops/00004288_835_car.jpg,car,3,00004288,0,92,58,154,v3_no_ambiguous
/Users/sameerkarur/Documents/Git/Data_science/07_IITK_AIML_Capstone/project1_autonomous_driving/data/part1/crops/00002086_836_pickup_truck.jpg,pickup_truck,6,00002086,480,217,683,315,v3_no_ambiguous
/Users/sameerkarur/Documents/Git/Data_science/07_IITK_AIML_Capstone/project1_autonomous_driving/data/part1/crops/00002833_837_car.jpg,car,3,00002833,284,204,379,260,v3_no_ambiguous
/Users/sameerkarur/Documents/Git/Data_science/07_IITK_AIML_Capstone/project1_autonomous_driving/data/part1/crops/00002698_838_work_van.jpg,work_van,8,00002698,37,71,96,111,v3_no_ambiguous
/Users/sameerkarur/Documents/Git/Data_science/07_IITK_AIML_Capstone/project1_autonomous_driving/data/part1/crops/00000636_839_pickup_truck.jpg,pickup_truck,6,00000636,29,54,71,79,v3_no_ambiguous
/Users/sameerkarur/Documents/Git/Data_science/07_IITK_AIML_Capstone/project1_autonomous_driving/data/part1/crops/00002721_840_pickup_truck.jpg,pickup_truck,6,00002721,259,45,306,69,v3_no_ambiguous
/Users/sameerkarur/Documents/Git/Data_science/07_IITK_AIML_Capstone/project1_autonomous_driving/data/part1/crops/00000531_841_work_van.jpg,work_van,8,00000531,9,115,50,154,v3_no_ambiguous
/Users/sameerkarur/Documents/Git/Data_science/07_IITK_AIML_Capstone/project1_autonomous_driving/data/part1/crops/00000781_842_bus.jpg,bus,2,00000781,141,154,371,296,v3_no_ambiguous
/Users/sameerkarur/Documents/Git/Data_science/07_IITK_AIML_Capstone/project1_autonomous_driving/data/part1/crops/00004070_843_pickup_truck.jpg,pickup_truck,6,00004070,385,219,684,337,v3_no_ambiguous
/Users/sameerkarur/Documents/Git/Data_science/07_IITK_AIML_Capstone/project1_autonomous_driving/data/part1/crops/00001034_844_pickup_truck.jpg,pickup_truck,6,00001034,127,46,272,100,v3_no_ambiguous
/Users/sameerkarur/Documents/Git/Data_science/07_IITK_AIML_Capstone/project1_autonomous_driving/data/part1/crops/00002928_845_car.jpg,car,3,00002928,129,65,203,98,v3_no_ambiguous
/Users/sameerkarur/Documents/Git/Data_science/07_IITK_AIML_Capstone/project1_autonomous_driving/data/part1/crops/00005342_846_car.jpg,car,3,00005342,144,100,261,146,v3_no_ambiguous
/Users/sameerkarur/Documents/Git/Data_science/07_IITK_AIML_Capstone/project1_autonomous_driving/data/part1/crops/00001801_847_work_van.jpg,work_van,8,00001801,16,32,67,62,v3_no_ambiguous
/Users/sameerkarur/Documents/Git/Data_science/07_IITK_AIML_Capstone/project1_autonomous_driving/data/part1/crops/00001130_848_pickup_truck.jpg,pickup_truck,6,00001130,48,94,158,147,v3_no_ambiguous
/Users/sameerkarur/Documents/Git/Data_science/07_IITK_AIML_Capstone/project1_autonomous_driving/data/part1/crops/00002241_849_work_van.jpg,work_van,8,00002241,341,143,387,180,v3_no_ambiguous
/Users/sameerkarur/Documents/Git/Data_science/07_IITK_AIML_Capstone/project1_autonomous_driving/data/part1/crops/00002138_850_pickup_truck.jpg,pickup_truck,6,00002138,184,121,423,227,v3_no_ambiguous
/Users/sameerkarur/Documents/Git/Data_science/07_IITK_AIML_Capstone/project1_autonomous_driving/data/part1/crops/00001680_851_pickup_truck.jpg,pickup_truck,6,00001680,92,102,167,152,v3_no_ambiguous
/Users/sameerkarur/Documents/Git/Data_science/07_IITK_AIML_Capstone/project1_autonomous_driving/data/part1/crops/00000782_852_car.jpg,car,3,00000782,19,133,125,200,v3_no_ambiguous
/Users/sameerkarur/Documents/Git/Data_science/07_IITK_AIML_Capstone/project1_autonomous_driving/data/part1/crops/00001778_853_pedestrian.jpg,pedestrian,5,00001778,81,350,121,415,v3_no_ambiguous
/Users/sameerkarur/Documents/Git/Data_science/07_IITK_AIML_Capstone/project1_autonomous_driving/data/part1/crops/00003788_854_car.jpg,car,3,00003788,1,119,33,151,v3_no_ambiguous
/Users/sameerkarur/Documents/Git/Data_science/07_IITK_AIML_Capstone/project1_autonomous_driving/data/part1/crops/00003676_855_work_van.jpg,work_van,8,00003676,61,103,153,185,v3_no_ambiguous
/Users/sameerkarur/Documents/Git/Data_science/07_IITK_AIML_Capstone/project1_autonomous_driving/data/part1/crops/00004546_856_pickup_truck.jpg,pickup_truck,6,00004546,485,109,518,133,v3_no_ambiguous
/Users/sameerkarur/Documents/Git/Data_science/07_IITK_AIML_Capstone/project1_autonomous_driving/data/part1/crops/00004363_857_work_van.jpg,work_van,8,00004363,376,78,556,187,v3_no_ambiguous
/Users/sameerkarur/Documents/Git/Data_science/07_IITK_AIML_Capstone/project1_autonomous_driving/data/part1/crops/00003553_858_articulated_truck.jpg,articulated_truck,0,00003553,0,57,361,264,v3_no_ambiguous
/Users/sameerkarur/Documents/Git/Data_science/07_IITK_AIML_Capstone/project1_autonomous_driving/data/part1/crops/00001785_859_car.jpg,car,3,00001785,138,129,200,158,v3_no_ambiguous
/Users/sameerkarur/Documents/Git/Data_science/07_IITK_AIML_Capstone/project1_autonomous_driving/data/part1/crops/00004663_860_car.jpg,car,3,00004663,144,200,356,322,v3_no_ambiguous
/Users/sameerkarur/Documents/Git/Data_science/07_IITK_AIML_Capstone/project1_autonomous_driving/data/part1/crops/00000673_861_work_van.jpg,work_van,8,00000673,118,83,208,149,v3_no_ambiguous
/Users/sameerkarur/Documents/Git/Data_science/07_IITK_AIML_Capstone/project1_autonomous_driving/data/part1/crops/00001429_862_bus.jpg,bus,2,00001429,200,154,564,312,v3_no_ambiguous
/Users/sameerkarur/Documents/Git/Data_science/07_IITK_AIML_Capstone/project1_autonomous_driving/data/part1/crops/00004642_863_pickup_truck.jpg,pickup_truck,6,00004642,157,191,262,254,v3_no_ambiguous
/Users/sameerkarur/Documents/Git/Data_science/07_IITK_AIML_Capstone/project1_autonomous_driving/data/part1/crops/00005373_864_work_van.jpg,work_van,8,00005373,404,98,450,133,v3_no_ambiguous
/Users/sameerkarur/Documents/Git/Data_science/07_IITK_AIML_Capstone/project1_autonomous_driving/data/part1/crops/00005382_865_pickup_truck.jpg,pickup_truck,6,00005382,531,97,616,126,v3_no_ambiguous
/Users/sameerkarur/Documents/Git/Data_science/07_IITK_AIML_Capstone/project1_autonomous_driving/data/part1/crops/00001877_866_car.jpg,car,3,00001877,192,2,244,38,v3_no_ambiguous
/Users/sameerkarur/Documents/Git/Data_science/07_IITK_AIML_Capstone/project1_autonomous_driving/data/part1/crops/00004239_867_pickup_truck.jpg,pickup_truck,6,00004239,342,67,595,185,v3_no_ambiguous
/Users/sameerkarur/Documents/Git/Data_science/07_IITK_AIML_Capstone/project1_autonomous_driving/data/part1/crops/00000929_868_car.jpg,car,3,00000929,439,208,529,254,v3_no_ambiguous
/Users/sameerkarur/Documents/Git/Data_science/07_IITK_AIML_Capstone/project1_autonomous_driving/data/part1/crops/00003474_869_pickup_truck.jpg,pickup_truck,6,00003474,45,67,154,121,v3_no_ambiguous
/Users/sameerkarur/Documents/Git/Data_science/07_IITK_AIML_Capstone/project1_autonomous_driving/data/part1/crops/00003608_870_work_van.jpg,work_van,8,00003608,310,101,371,144,v3_no_ambiguous
/Users/sameerkarur/Documents/Git/Data_science/07_IITK_AIML_Capstone/project1_autonomous_driving/data/part1/crops/00001031_871_pickup_truck.jpg,pickup_truck,6,00001031,107,92,188,131,v3_no_ambiguous
/Users/sameerkarur/Documents/Git/Data_science/07_IITK_AIML_Capstone/project1_autonomous_driving/data/part1/crops/00001196_872_work_van.jpg,work_van,8,00001196,389,126,484,209,v3_no_ambiguous
/Users/sameerkarur/Documents/Git/Data_science/07_IITK_AIML_Capstone/project1_autonomous_driving/data/part1/crops/00004509_873_car.jpg,car,3,00004509,114,36,217,92,v3_no_ambiguous
/Users/sameerkarur/Documents/Git/Data_science/07_IITK_AIML_Capstone/project1_autonomous_driving/data/part1/crops/00004681_874_pickup_truck.jpg,pickup_truck,6,00004681,119,39,232,96,v3_no_ambiguous
/Users/sameerkarur/Documents/Git/Data_science/07_IITK_AIML_Capstone/project1_autonomous_driving/data/part1/crops/00003127_875_car.jpg,car,3,00003127,472,224,580,281,v3_no_ambiguous
/Users/sameerkarur/Documents/Git/Data_science/07_IITK_AIML_Capstone/project1_autonomous_driving/data/part1/crops/00005198_876_car.jpg,car,3,00005198,31,319,229,460,v3_no_ambiguous
/Users/sameerkarur/Documents/Git/Data_science/07_IITK_AIML_Capstone/project1_autonomous_driving/data/part1/crops/00000152_877_single_unit_truck.jpg,single_unit_truck,7,00000152,159,90,199,126,v3_no_ambiguous
/Users/sameerkarur/Documents/Git/Data_science/07_IITK_AIML_Capstone/project1_autonomous_driving/data/part1/crops/00002073_878_pickup_truck.jpg,pickup_truck,6,00002073,243,207,575,372,v3_no_ambiguous
/Users/sameerkarur/Documents/Git/Data_science/07_IITK_AIML_Capstone/project1_autonomous_driving/data/part1/crops/00001139_879_pedestrian.jpg,pedestrian,5,00001139,368,140,401,204,v3_no_ambiguous
/Users/sameerkarur/Documents/Git/Data_science/07_IITK_AIML_Capstone/project1_autonomous_driving/data/part1/crops/00004933_880_pickup_truck.jpg,pickup_truck,6,00004933,6,42,55,71,v3_no_ambiguous
/Users/sameerkarur/Documents/Git/Data_science/07_IITK_AIML_Capstone/project1_autonomous_driving/data/part1/crops/00004149_881_car.jpg,car,3,00004149,372,57,398,81,v3_no_ambiguous
/Users/sameerkarur/Documents/Git/Data_science/07_IITK_AIML_Capstone/project1_autonomous_driving/data/part1/crops/00001053_882_pickup_truck.jpg,pickup_truck,6,00001053,573,163,636,190,v3_no_ambiguous
/Users/sameerkarur/Documents/Git/Data_science/07_IITK_AIML_Capstone/project1_autonomous_driving/data/part1/crops/00000138_883_bus.jpg,bus,2,00000138,108,88,445,237,v3_no_ambiguous
/Users/sameerkarur/Documents/Git/Data_science/07_IITK_AIML_Capstone/project1_autonomous_driving/data/part1/crops/00000624_884_single_unit_truck.jpg,single_unit_truck,7,00000624,589,293,710,478,v3_no_ambiguous
/Users/sameerkarur/Documents/Git/Data_science/07_IITK_AIML_Capstone/project1_autonomous_driving/data/part1/crops/00003159_885_pedestrian.jpg,pedestrian,5,00003159,600,410,650,479,v3_no_ambiguous
/Users/sameerkarur/Documents/Git/Data_science/07_IITK_AIML_Capstone/project1_autonomous_driving/data/part1/crops/00004245_886_pickup_truck.jpg,pickup_truck,6,00004245,183,40,252,72,v3_no_ambiguous
/Users/sameerkarur/Documents/Git/Data_science/07_IITK_AIML_Capstone/project1_autonomous_driving/data/part1/crops/00003835_887_work_van.jpg,work_van,8,00003835,65,183,158,257,v3_no_ambiguous
/Users/sameerkarur/Documents/Git/Data_science/07_IITK_AIML_Capstone/project1_autonomous_driving/data/part1/crops/00001457_888_articulated_truck.jpg,articulated_truck,0,00001457,440,76,500,115,v3_no_ambiguous
/Users/sameerkarur/Documents/Git/Data_science/07_IITK_AIML_Capstone/project1_autonomous_driving/data/part1/crops/00005333_889_pickup_truck.jpg,pickup_truck,6,00005333,68,5,124,30,v3_no_ambiguous
/Users/sameerkarur/Documents/Git/Data_science/07_IITK_AIML_Capstone/project1_autonomous_driving/data/part1/crops/00003742_890_car.jpg,car,3,00003742,549,149,715,270,v3_no_ambiguous
/Users/sameerkarur/Documents/Git/Data_science/07_IITK_AIML_Capstone/project1_autonomous_driving/data/part1/crops/00003977_891_pickup_truck.jpg,pickup_truck,6,00003977,163,129,421,231,v3_no_ambiguous
/Users/sameerkarur/Documents/Git/Data_science/07_IITK_AIML_Capstone/project1_autonomous_driving/data/part1/crops/00000794_892_work_van.jpg,work_van,8,00000794,74,46,113,73,v3_no_ambiguous
/Users/sameerkarur/Documents/Git/Data_science/07_IITK_AIML_Capstone/project1_autonomous_driving/data/part1/crops/00004491_893_articulated_truck.jpg,articulated_truck,0,00004491,335,32,377,61,v3_no_ambiguous
/Users/sameerkarur/Documents/Git/Data_science/07_IITK_AIML_Capstone/project1_autonomous_driving/data/part1/crops/00004435_894_bus.jpg,bus,2,00004435,428,136,617,234,v3_no_ambiguous
/Users/sameerkarur/Documents/Git/Data_science/07_IITK_AIML_Capstone/project1_autonomous_driving/data/part1/crops/00000712_895_articulated_truck.jpg,articulated_truck,0,00000712,423,41,647,240,v3_no_ambiguous
/Users/sameerkarur/Documents/Git/Data_science/07_IITK_AIML_Capstone/project1_autonomous_driving/data/part1/crops/00003122_896_car.jpg,car,3,00003122,410,96,481,124,v3_no_ambiguous
/Users/sameerkarur/Documents/Git/Data_science/07_IITK_AIML_Capstone/project1_autonomous_driving/data/part1/crops/00005628_897_car.jpg,car,3,00005628,39,115,130,198,v3_no_ambiguous
/Users/sameerkarur/Documents/Git/Data_science/07_IITK_AIML_Capstone/project1_autonomous_driving/data/part1/crops/00000697_898_single_unit_truck.jpg,single_unit_truck,7,00000697,64,116,96,147,v3_no_ambiguous
/Users/sameerkarur/Documents/Git/Data_science/07_IITK_AIML_Capstone/project1_autonomous_driving/data/part1/crops/00000213_899_pickup_truck.jpg,pickup_truck,6,00000213,19,102,111,145,v3_no_ambiguous
/Users/sameerkarur/Documents/Git/Data_science/07_IITK_AIML_Capstone/project1_autonomous_driving/data/part1/crops/00004465_900_work_van.jpg,work_van,8,00004465,608,356,711,478,v3_no_ambiguous
/Users/sameerkarur/Documents/Git/Data_science/07_IITK_AIML_Capstone/project1_autonomous_driving/data/part1/crops/00001595_901_bus.jpg,bus,2,00001595,369,124,482,183,v3_no_ambiguous
/Users/sameerkarur/Documents/Git/Data_science/07_IITK_AIML_Capstone/project1_autonomous_driving/data/part1/crops/00000391_902_bus.jpg,bus,2,00000391,3,95,434,277,v3_no_ambiguous
/Users/sameerkarur/Documents/Git/Data_science/07_IITK_AIML_Capstone/project1_autonomous_driving/data/part1/crops/00003601_903_car.jpg,car,3,00003601,648,108,692,150,v3_no_ambiguous
/Users/sameerkarur/Documents/Git/Data_science/07_IITK_AIML_Capstone/project1_autonomous_driving/data/part1/crops/00003665_904_car.jpg,car,3,00003665,256,203,312,250,v3_no_ambiguous
/Users/sameerkarur/Documents/Git/Data_science/07_IITK_AIML_Capstone/project1_autonomous_driving/data/part1/crops/00000041_905_car.jpg,car,3,00000041,124,131,231,179,v3_no_ambiguous
/Users/sameerkarur/Documents/Git/Data_science/07_IITK_AIML_Capstone/project1_autonomous_driving/data/part1/crops/00000132_906_pickup_truck.jpg,pickup_truck,6,00000132,311,51,589,197,v3_no_ambiguous
/Users/sameerkarur/Documents/Git/Data_science/07_IITK_AIML_Capstone/project1_autonomous_driving/data/part1/crops/00002550_907_car.jpg,car,3,00002550,229,130,369,195,v3_no_ambiguous
/Users/sameerkarur/Documents/Git/Data_science/07_IITK_AIML_Capstone/project1_autonomous_driving/data/part1/crops/00004522_908_car.jpg,car,3,00004522,252,94,337,143,v3_no_ambiguous
/Users/sameerkarur/Documents/Git/Data_science/07_IITK_AIML_Capstone/project1_autonomous_driving/data/part1/crops/00003245_909_single_unit_truck.jpg,single_unit_truck,7,00003245,0,213,127,329,v3_no_ambiguous
/Users/sameerkarur/Documents/Git/Data_science/07_IITK_AIML_Capstone/project1_autonomous_driving/data/part1/crops/00000821_910_bus.jpg,bus,2,00000821,3,120,106,192,v3_no_ambiguous
/Users/sameerkarur/Documents/Git/Data_science/07_IITK_AIML_Capstone/project1_autonomous_driving/data/part1/crops/00002256_911_car.jpg,car,3,00002256,597,175,654,202,v3_no_ambiguous
/Users/sameerkarur/Documents/Git/Data_science/07_IITK_AIML_Capstone/project1_autonomous_driving/data/part1/crops/00005121_912_work_van.jpg,work_van,8,00005121,39,74,103,112,v3_no_ambiguous
/Users/sameerkarur/Documents/Git/Data_science/07_IITK_AIML_Capstone/project1_autonomous_driving/data/part1/crops/00002995_913_articulated_truck.jpg,articulated_truck,0,00002995,396,126,711,338,v3_no_ambiguous
/Users/sameerkarur/Documents/Git/Data_science/07_IITK_AIML_Capstone/project1_autonomous_driving/data/part1/crops/00000539_914_car.jpg,car,3,00000539,18,254,226,345,v3_no_ambiguous
/Users/sameerkarur/Documents/Git/Data_science/07_IITK_AIML_Capstone/project1_autonomous_driving/data/part1/crops/00002795_915_bus.jpg,bus,2,00002795,114,143,156,172,v3_no_ambiguous
/Users/sameerkarur/Documents/Git/Data_science/07_IITK_AIML_Capstone/project1_autonomous_driving/data/part1/crops/00005439_916_car.jpg,car,3,00005439,320,194,442,332,v3_no_ambiguous
/Users/sameerkarur/Documents/Git/Data_science/07_IITK_AIML_Capstone/project1_autonomous_driving/data/part1/crops/00003258_917_work_van.jpg,work_van,8,00003258,390,138,561,232,v3_no_ambiguous
/Users/sameerkarur/Documents/Git/Data_science/07_IITK_AIML_Capstone/project1_autonomous_driving/data/part1/crops/00004660_918_pedestrian.jpg,pedestrian,5,00004660,138,285,175,347,v3_no_ambiguous
/Users/sameerkarur/Documents/Git/Data_science/07_IITK_AIML_Capstone/project1_autonomous_driving/data/part1/crops/00000653_919_articulated_truck.jpg,articulated_truck,0,00000653,212,173,673,412,v3_no_ambiguous
/Users/sameerkarur/Documents/Git/Data_science/07_IITK_AIML_Capstone/project1_autonomous_driving/data/part1/crops/00002570_920_articulated_truck.jpg,articulated_truck,0,00002570,539,4,684,65,v3_no_ambiguous
/Users/sameerkarur/Documents/Git/Data_science/07_IITK_AIML_Capstone/project1_autonomous_driving/data/part1/crops/00000474_921_work_van.jpg,work_van,8,00000474,216,66,249,90,v3_no_ambiguous
/Users/sameerkarur/Documents/Git/Data_science/07_IITK_AIML_Capstone/project1_autonomous_driving/data/part1/crops/00005015_922_motorcycle.jpg,motorcycle,4,00005015,638,182,681,225,v3_no_ambiguous
/Users/sameerkarur/Documents/Git/Data_science/07_IITK_AIML_Capstone/project1_autonomous_driving/data/part1/crops/00001065_923_single_unit_truck.jpg,single_unit_truck,7,00001065,617,128,691,167,v3_no_ambiguous
/Users/sameerkarur/Documents/Git/Data_science/07_IITK_AIML_Capstone/project1_autonomous_driving/data/part1/crops/00005111_924_car.jpg,car,3,00005111,503,214,606,274,v3_no_ambiguous
/Users/sameerkarur/Documents/Git/Data_science/07_IITK_AIML_Capstone/project1_autonomous_driving/data/part1/crops/00004433_925_pickup_truck.jpg,pickup_truck,6,00004433,564,214,616,242,v3_no_ambiguous
/Users/sameerkarur/Documents/Git/Data_science/07_IITK_AIML_Capstone/project1_autonomous_driving/data/part1/crops/00004397_926_pickup_truck.jpg,pickup_truck,6,00004397,132,44,241,87,v3_no_ambiguous
/Users/sameerkarur/Documents/Git/Data_science/07_IITK_AIML_Capstone/project1_autonomous_driving/data/part1/crops/00004360_927_bicycle.jpg,bicycle,1,00004360,454,121,519,197,v3_no_ambiguous
/Users/sameerkarur/Documents/Git/Data_science/07_IITK_AIML_Capstone/project1_autonomous_driving/data/part1/crops/00005547_928_pickup_truck.jpg,pickup_truck,6,00005547,502,131,612,213,v3_no_ambiguous
/Users/sameerkarur/Documents/Git/Data_science/07_IITK_AIML_Capstone/project1_autonomous_driving/data/part1/crops/00001997_929_car.jpg,car,3,00001997,275,105,323,156,v3_no_ambiguous
/Users/sameerkarur/Documents/Git/Data_science/07_IITK_AIML_Capstone/project1_autonomous_driving/data/part1/crops/00002571_930_pickup_truck.jpg,pickup_truck,6,00002571,11,151,150,229,v3_no_ambiguous
/Users/sameerkarur/Documents/Git/Data_science/07_IITK_AIML_Capstone/project1_autonomous_driving/data/part1/crops/00003066_931_articulated_truck.jpg,articulated_truck,0,00003066,2,60,655,250,v3_no_ambiguous
/Users/sameerkarur/Documents/Git/Data_science/07_IITK_AIML_Capstone/project1_autonomous_driving/data/part1/crops/00003309_932_bus.jpg,bus,2,00003309,322,146,597,263,v3_no_ambiguous
/Users/sameerkarur/Documents/Git/Data_science/07_IITK_AIML_Capstone/project1_autonomous_driving/data/part1/crops/00000583_933_bus.jpg,bus,2,00000583,68,185,211,428,v3_no_ambiguous
/Users/sameerkarur/Documents/Git/Data_science/07_IITK_AIML_Capstone/project1_autonomous_driving/data/part1/crops/00003951_934_car.jpg,car,3,00003951,255,39,347,98,v3_no_ambiguous
/Users/sameerkarur/Documents/Git/Data_science/07_IITK_AIML_Capstone/project1_autonomous_driving/data/part1/crops/00004285_935_work_van.jpg,work_van,8,00004285,77,45,112,71,v3_no_ambiguous
/Users/sameerkarur/Documents/Git/Data_science/07_IITK_AIML_Capstone/project1_autonomous_driving/data/part1/crops/00005167_936_pickup_truck.jpg,pickup_truck,6,00005167,364,172,481,264,v3_no_ambiguous
/Users/sameerkarur/Documents/Git/Data_science/07_IITK_AIML_Capstone/project1_autonomous_driving/data/part1/crops/00001874_937_pickup_truck.jpg,pickup_truck,6,00001874,613,151,651,181,v3_no_ambiguous
/Users/sameerkarur/Documents/Git/Data_science/07_IITK_AIML_Capstone/project1_autonomous_driving/data/part1/crops/00001421_938_pickup_truck.jpg,pickup_truck,6,00001421,89,171,354,326,v3_no_ambiguous
/Users/sameerkarur/Documents/Git/Data_science/07_IITK_AIML_Capstone/project1_autonomous_driving/data/part1/crops/00003394_939_bus.jpg,bus,2,00003394,504,123,719,333,v3_no_ambiguous
/Users/sameerkarur/Documents/Git/Data_science/07_IITK_AIML_Capstone/project1_autonomous_driving/data/part1/crops/00002252_940_car.jpg,car,3,00002252,94,74,162,125,v3_no_ambiguous
/Users/sameerkarur/Documents/Git/Data_science/07_IITK_AIML_Capstone/project1_autonomous_driving/data/part1/crops/00002929_941_articulated_truck.jpg,articulated_truck,0,00002929,497,15,715,144,v3_no_ambiguous
/Users/sameerkarur/Documents/Git/Data_science/07_IITK_AIML_Capstone/project1_autonomous_driving/data/part1/crops/00000906_942_single_unit_truck.jpg,single_unit_truck,7,00000906,290,210,589,390,v3_no_ambiguous
/Users/sameerkarur/Documents/Git/Data_science/07_IITK_AIML_Capstone/project1_autonomous_driving/data/part1/crops/00000890_943_articulated_truck.jpg,articulated_truck,0,00000890,500,17,717,152,v3_no_ambiguous
/Users/sameerkarur/Documents/Git/Data_science/07_IITK_AIML_Capstone/project1_autonomous_driving/data/part1/crops/00002747_944_bus.jpg,bus,2,00002747,149,93,610,479,v3_no_ambiguous
/Users/sameerkarur/Documents/Git/Data_science/07_IITK_AIML_Capstone/project1_autonomous_driving/data/part1/crops/00002275_945_car.jpg,car,3,00002275,421,134,584,221,v3_no_ambiguous
/Users/sameerkarur/Documents/Git/Data_science/07_IITK_AIML_Capstone/project1_autonomous_driving/data/part1/crops/00004713_946_car.jpg,car,3,00004713,357,197,471,263,v3_no_ambiguous
/Users/sameerkarur/Documents/Git/Data_science/07_IITK_AIML_Capstone/project1_autonomous_driving/data/part1/crops/00000970_947_work_van.jpg,work_van,8,00000970,9,44,96,92,v3_no_ambiguous
/Users/sameerkarur/Documents/Git/Data_science/07_IITK_AIML_Capstone/project1_autonomous_driving/data/part1/crops/00005367_948_single_unit_truck.jpg,single_unit_truck,7,00005367,65,73,195,133,v3_no_ambiguous
/Users/sameerkarur/Documents/Git/Data_science/07_IITK_AIML_Capstone/project1_autonomous_driving/data/part1/crops/00005440_949_articulated_truck.jpg,articulated_truck,0,00005440,528,270,718,463,v3_no_ambiguous
/Users/sameerkarur/Documents/Git/Data_science/07_IITK_AIML_Capstone/project1_autonomous_driving/data/part1/crops/00003157_950_bicycle.jpg,bicycle,1,00003157,276,121,318,227,v3_no_ambiguous
/Users/sameerkarur/Documents/Git/Data_science/07_IITK_AIML_Capstone/project1_autonomous_driving/data/part1/crops/00005256_951_work_van.jpg,work_van,8,00005256,36,70,108,115,v3_no_ambiguous
/Users/sameerkarur/Documents/Git/Data_science/07_IITK_AIML_Capstone/project1_autonomous_driving/data/part1/crops/00002455_952_pickup_truck.jpg,pickup_truck,6,00002455,487,113,579,177,v3_no_ambiguous
/Users/sameerkarur/Documents/Git/Data_science/07_IITK_AIML_Capstone/project1_autonomous_driving/data/part1/crops/00000334_953_single_unit_truck.jpg,single_unit_truck,7,00000334,445,118,498,151,v3_no_ambiguous
/Users/sameerkarur/Documents/Git/Data_science/07_IITK_AIML_Capstone/project1_autonomous_driving/data/part1/crops/00002920_954_articulated_truck.jpg,articulated_truck,0,00002920,2,65,614,312,v3_no_ambiguous
/Users/sameerkarur/Documents/Git/Data_science/07_IITK_AIML_Capstone/project1_autonomous_driving/data/part1/crops/00004758_955_car.jpg,car,3,00004758,74,338,328,478,v3_no_ambiguous
/Users/sameerkarur/Documents/Git/Data_science/07_IITK_AIML_Capstone/project1_autonomous_driving/data/part1/crops/00002460_956_bus.jpg,bus,2,00002460,106,94,387,268,v3_no_ambiguous
/Users/sameerkarur/Documents/Git/Data_science/07_IITK_AIML_Capstone/project1_autonomous_driving/data/part1/crops/00004410_957_articulated_truck.jpg,articulated_truck,0,00004410,231,124,422,262,v3_no_ambiguous
/Users/sameerkarur/Documents/Git/Data_science/07_IITK_AIML_Capstone/project1_autonomous_driving/data/part1/crops/00000578_958_bus.jpg,bus,2,00000578,338,168,712,396,v3_no_ambiguous
/Users/sameerkarur/Documents/Git/Data_science/07_IITK_AIML_Capstone/project1_autonomous_driving/data/part1/crops/00003150_959_articulated_truck.jpg,articulated_truck,0,00003150,8,31,218,98,v3_no_ambiguous
/Users/sameerkarur/Documents/Git/Data_science/07_IITK_AIML_Capstone/project1_autonomous_driving/data/part1/crops/00002967_960_car.jpg,car,3,00002967,610,168,652,212,v3_no_ambiguous
/Users/sameerkarur/Documents/Git/Data_science/07_IITK_AIML_Capstone/project1_autonomous_driving/data/part1/crops/00003250_961_work_van.jpg,work_van,8,00003250,268,63,292,89,v3_no_ambiguous
/Users/sameerkarur/Documents/Git/Data_science/07_IITK_AIML_Capstone/project1_autonomous_driving/data/part1/crops/00000930_962_pickup_truck.jpg,pickup_truck,6,00000930,123,121,323,204,v3_no_ambiguous
/Users/sameerkarur/Documents/Git/Data_science/07_IITK_AIML_Capstone/project1_autonomous_driving/data/part1/crops/00005405_963_car.jpg,car,3,00005405,644,108,692,133,v3_no_ambiguous
/Users/sameerkarur/Documents/Git/Data_science/07_IITK_AIML_Capstone/project1_autonomous_driving/data/part1/crops/00000174_964_articulated_truck.jpg,articulated_truck,0,00000174,179,13,303,46,v3_no_ambiguous
/Users/sameerkarur/Documents/Git/Data_science/07_IITK_AIML_Capstone/project1_autonomous_driving/data/part1/crops/00001503_965_articulated_truck.jpg,articulated_truck,0,00001503,40,41,301,122,v3_no_ambiguous
/Users/sameerkarur/Documents/Git/Data_science/07_IITK_AIML_Capstone/project1_autonomous_driving/data/part1/crops/00001574_966_work_van.jpg,work_van,8,00001574,414,35,454,60,v3_no_ambiguous
/Users/sameerkarur/Documents/Git/Data_science/07_IITK_AIML_Capstone/project1_autonomous_driving/data/part1/crops/00003274_967_work_van.jpg,work_van,8,00003274,687,130,711,167,v3_no_ambiguous
/Users/sameerkarur/Documents/Git/Data_science/07_IITK_AIML_Capstone/project1_autonomous_driving/data/part1/crops/00000615_968_pickup_truck.jpg,pickup_truck,6,00000615,467,201,716,339,v3_no_ambiguous
/Users/sameerkarur/Documents/Git/Data_science/07_IITK_AIML_Capstone/project1_autonomous_driving/data/part1/crops/00000287_969_car.jpg,car,3,00000287,410,46,549,118,v3_no_ambiguous
/Users/sameerkarur/Documents/Git/Data_science/07_IITK_AIML_Capstone/project1_autonomous_driving/data/part1/crops/00005275_970_work_van.jpg,work_van,8,00005275,55,201,149,276,v3_no_ambiguous
/Users/sameerkarur/Documents/Git/Data_science/07_IITK_AIML_Capstone/project1_autonomous_driving/data/part1/crops/00005224_971_pedestrian.jpg,pedestrian,5,00005224,496,380,570,467,v3_no_ambiguous
/Users/sameerkarur/Documents/Git/Data_science/07_IITK_AIML_Capstone/project1_autonomous_driving/data/part1/crops/00001376_972_single_unit_truck.jpg,single_unit_truck,7,00001376,242,112,348,181,v3_no_ambiguous
/Users/sameerkarur/Documents/Git/Data_science/07_IITK_AIML_Capstone/project1_autonomous_driving/data/part1/crops/00004680_973_car.jpg,car,3,00004680,60,259,293,383,v3_no_ambiguous
/Users/sameerkarur/Documents/Git/Data_science/07_IITK_AIML_Capstone/project1_autonomous_driving/data/part1/crops/00001612_974_car.jpg,car,3,00001612,55,174,228,268,v3_no_ambiguous
/Users/sameerkarur/Documents/Git/Data_science/07_IITK_AIML_Capstone/project1_autonomous_driving/data/part1/crops/00004531_975_bicycle.jpg,bicycle,1,00004531,369,138,403,211,v3_no_ambiguous
/Users/sameerkarur/Documents/Git/Data_science/07_IITK_AIML_Capstone/project1_autonomous_driving/data/part1/crops/00005346_976_bicycle.jpg,bicycle,1,00005346,44,168,102,235,v3_no_ambiguous
/Users/sameerkarur/Documents/Git/Data_science/07_IITK_AIML_Capstone/project1_autonomous_driving/data/part1/crops/00003616_977_car.jpg,car,3,00003616,605,180,651,227,v3_no_ambiguous
/Users/sameerkarur/Documents/Git/Data_science/07_IITK_AIML_Capstone/project1_autonomous_driving/data/part1/crops/00004226_978_car.jpg,car,3,00004226,138,257,291,370,v3_no_ambiguous
/Users/sameerkarur/Documents/Git/Data_science/07_IITK_AIML_Capstone/project1_autonomous_driving/data/part1/crops/00004219_979_bus.jpg,bus,2,00004219,421,133,579,216,v3_no_ambiguous
/Users/sameerkarur/Documents/Git/Data_science/07_IITK_AIML_Capstone/project1_autonomous_driving/data/part1/crops/00002817_980_pickup_truck.jpg,pickup_truck,6,00002817,268,124,427,183,v3_no_ambiguous
/Users/sameerkarur/Documents/Git/Data_science/07_IITK_AIML_Capstone/project1_autonomous_driving/data/part1/crops/00004114_981_work_van.jpg,work_van,8,00004114,155,278,261,375,v3_no_ambiguous
/Users/sameerkarur/Documents/Git/Data_science/07_IITK_AIML_Capstone/project1_autonomous_driving/data/part1/crops/00000944_982_work_van.jpg,work_van,8,00000944,654,141,708,168,v3_no_ambiguous
/Users/sameerkarur/Documents/Git/Data_science/07_IITK_AIML_Capstone/project1_autonomous_driving/data/part1/crops/00004155_983_car.jpg,car,3,00004155,480,85,521,111,v3_no_ambiguous
/Users/sameerkarur/Documents/Git/Data_science/07_IITK_AIML_Capstone/project1_autonomous_driving/data/part1/crops/00000113_984_car.jpg,car,3,00000113,306,142,360,174,v3_no_ambiguous
/Users/sameerkarur/Documents/Git/Data_science/07_IITK_AIML_Capstone/project1_autonomous_driving/data/part1/crops/00000396_985_car.jpg,car,3,00000396,486,192,664,276,v3_no_ambiguous
/Users/sameerkarur/Documents/Git/Data_science/07_IITK_AIML_Capstone/project1_autonomous_driving/data/part1/crops/00002602_986_car.jpg,car,3,00002602,482,145,528,174,v3_no_ambiguous
/Users/sameerkarur/Documents/Git/Data_science/07_IITK_AIML_Capstone/project1_autonomous_driving/data/part1/crops/00005543_987_pickup_truck.jpg,pickup_truck,6,00005543,116,183,193,232,v3_no_ambiguous
/Users/sameerkarur/Documents/Git/Data_science/07_IITK_AIML_Capstone/project1_autonomous_driving/data/part1/crops/00002024_988_car.jpg,car,3,00002024,373,200,470,264,v3_no_ambiguous
/Users/sameerkarur/Documents/Git/Data_science/07_IITK_AIML_Capstone/project1_autonomous_driving/data/part1/crops/00004126_989_single_unit_truck.jpg,single_unit_truck,7,00004126,385,72,548,205,v3_no_ambiguous
/Users/sameerkarur/Documents/Git/Data_science/07_IITK_AIML_Capstone/project1_autonomous_driving/data/part1/crops/00001407_990_bus.jpg,bus,2,00001407,176,15,362,66,v3_no_ambiguous
/Users/sameerkarur/Documents/Git/Data_science/07_IITK_AIML_Capstone/project1_autonomous_driving/data/part1/crops/00000900_991_car.jpg,car,3,00000900,485,163,589,201,v3_no_ambiguous
/Users/sameerkarur/Documents/Git/Data_science/07_IITK_AIML_Capstone/project1_autonomous_driving/data/part1/crops/00005178_992_articulated_truck.jpg,articulated_truck,0,00005178,70,84,170,166,v3_no_ambiguous
/Users/sameerkarur/Documents/Git/Data_science/07_IITK_AIML_Capstone/project1_autonomous_driving/data/part1/crops/00001845_993_articulated_truck.jpg,articulated_truck,0,00001845,0,38,307,174,v3_no_ambiguous
/Users/sameerkarur/Documents/Git/Data_science/07_IITK_AIML_Capstone/project1_autonomous_driving/data/part1/crops/00002892_994_pickup_truck.jpg,pickup_truck,6,00002892,187,56,253,84,v3_no_ambiguous
/Users/sameerkarur/Documents/Git/Data_science/07_IITK_AIML_Capstone/project1_autonomous_driving/data/part1/crops/00001945_995_pickup_truck.jpg,pickup_truck,6,00001945,135,108,199,142,v3_no_ambiguous
/Users/sameerkarur/Documents/Git/Data_science/07_IITK_AIML_Capstone/project1_autonomous_driving/data/part1/crops/00000574_996_work_van.jpg,work_van,8,00000574,74,45,113,70,v3_no_ambiguous
/Users/sameerkarur/Documents/Git/Data_science/07_IITK_AIML_Capstone/project1_autonomous_driving/data/part1/crops/00003103_997_work_van.jpg,work_van,8,00003103,65,133,212,226,v3_no_ambiguous
/Users/sameerkarur/Documents/Git/Data_science/07_IITK_AIML_Capstone/project1_autonomous_driving/data/part1/crops/00005312_998_articulated_truck.jpg,articulated_truck,0,00005312,465,16,662,106,v3_no_ambiguous
/Users/sameerkarur/Documents/Git/Data_science/07_IITK_AIML_Capstone/project1_autonomous_driving/data/part1/crops/00004063_999_pickup_truck.jpg,pickup_truck,6,00004063,261,45,307,69,v3_no_ambiguous
/Users/sameerkarur/Documents/Git/Data_science/07_IITK_AIML_Capstone/project1_autonomous_driving/data/part1/crops/00001778_1000_pedestrian.jpg,pedestrian,5,00001778,0,370,38,433,v3_no_ambiguous
/Users/sameerkarur/Documents/Git/Data_science/07_IITK_AIML_Capstone/project1_autonomous_driving/data/part1/crops/00000379_1001_articulated_truck.jpg,articulated_truck,0,00000379,1,150,554,478,v3_no_ambiguous
/Users/sameerkarur/Documents/Git/Data_science/07_IITK_AIML_Capstone/project1_autonomous_driving/data/part1/crops/00000666_1002_single_unit_truck.jpg,single_unit_truck,7,00000666,597,93,666,118,v3_no_ambiguous
/Users/sameerkarur/Documents/Git/Data_science/07_IITK_AIML_Capstone/project1_autonomous_driving/data/part1/crops/00000266_1003_articulated_truck.jpg,articulated_truck,0,00000266,635,229,715,287,v3_no_ambiguous
/Users/sameerkarur/Documents/Git/Data_science/07_IITK_AIML_Capstone/project1_autonomous_driving/data/part1/crops/00003572_1004_pickup_truck.jpg,pickup_truck,6,00003572,244,47,337,90,v3_no_ambiguous
/Users/sameerkarur/Documents/Git/Data_science/07_IITK_AIML_Capstone/project1_autonomous_driving/data/part1/crops/00004254_1005_pickup_truck.jpg,pickup_truck,6,00004254,346,131,392,155,v3_no_ambiguous
/Users/sameerkarur/Documents/Git/Data_science/07_IITK_AIML_Capstone/project1_autonomous_driving/data/part1/crops/00003536_1006_car.jpg,car,3,00003536,2,71,48,109,v3_no_ambiguous
/Users/sameerkarur/Documents/Git/Data_science/07_IITK_AIML_Capstone/project1_autonomous_driving/data/part1/crops/00000218_1007_pickup_truck.jpg,pickup_truck,6,00000218,180,46,360,125,v3_no_ambiguous
/Users/sameerkarur/Documents/Git/Data_science/07_IITK_AIML_Capstone/project1_autonomous_driving/data/part1/crops/00001241_1008_bus.jpg,bus,2,00001241,273,160,612,333,v3_no_ambiguous
/Users/sameerkarur/Documents/Git/Data_science/07_IITK_AIML_Capstone/project1_autonomous_driving/data/part1/crops/00002170_1009_car.jpg,car,3,00002170,198,41,354,119,v3_no_ambiguous
/Users/sameerkarur/Documents/Git/Data_science/07_IITK_AIML_Capstone/project1_autonomous_driving/data/part1/crops/00004404_1010_bus.jpg,bus,2,00004404,270,18,338,67,v3_no_ambiguous
/Users/sameerkarur/Documents/Git/Data_science/07_IITK_AIML_Capstone/project1_autonomous_driving/data/part1/crops/00001788_1011_bicycle.jpg,bicycle,1,00001788,390,203,417,276,v3_no_ambiguous
/Users/sameerkarur/Documents/Git/Data_science/07_IITK_AIML_Capstone/project1_autonomous_driving/data/part1/crops/00000574_1012_bus.jpg,bus,2,00000574,34,120,301,289,v3_no_ambiguous
/Users/sameerkarur/Documents/Git/Data_science/07_IITK_AIML_Capstone/project1_autonomous_driving/data/part1/crops/00003159_1013_pedestrian.jpg,pedestrian,5,00003159,428,389,491,468,v3_no_ambiguous
/Users/sameerkarur/Documents/Git/Data_science/07_IITK_AIML_Capstone/project1_autonomous_driving/data/part1/crops/00004120_1014_bicycle.jpg,bicycle,1,00004120,547,51,617,117,v3_no_ambiguous
/Users/sameerkarur/Documents/Git/Data_science/07_IITK_AIML_Capstone/project1_autonomous_driving/data/part1/crops/00000560_1015_articulated_truck.jpg,articulated_truck,0,00000560,457,78,507,114,v3_no_ambiguous
/Users/sameerkarur/Documents/Git/Data_science/07_IITK_AIML_Capstone/project1_autonomous_driving/data/part1/crops/00001145_1016_articulated_truck.jpg,articulated_truck,0,00001145,126,182,671,479,v3_no_ambiguous
/Users/sameerkarur/Documents/Git/Data_science/07_IITK_AIML_Capstone/project1_autonomous_driving/data/part1/crops/00004525_1017_car.jpg,car,3,00004525,604,178,651,224,v3_no_ambiguous
/Users/sameerkarur/Documents/Git/Data_science/07_IITK_AIML_Capstone/project1_autonomous_driving/data/part1/crops/00002346_1018_single_unit_truck.jpg,single_unit_truck,7,00002346,147,65,364,168,v3_no_ambiguous
/Users/sameerkarur/Documents/Git/Data_science/07_IITK_AIML_Capstone/project1_autonomous_driving/data/part1/crops/00005006_1019_car.jpg,car,3,00005006,209,314,439,479,v3_no_ambiguous
/Users/sameerkarur/Documents/Git/Data_science/07_IITK_AIML_Capstone/project1_autonomous_driving/data/part1/crops/00000829_1020_car.jpg,car,3,00000829,532,123,712,249,v3_no_ambiguous
/Users/sameerkarur/Documents/Git/Data_science/07_IITK_AIML_Capstone/project1_autonomous_driving/data/part1/crops/00001049_1021_bus.jpg,bus,2,00001049,194,152,294,370,v3_no_ambiguous
/Users/sameerkarur/Documents/Git/Data_science/07_IITK_AIML_Capstone/project1_autonomous_driving/data/part1/crops/00003839_1022_articulated_truck.jpg,articulated_truck,0,00003839,480,114,718,409,v3_no_ambiguous
/Users/sameerkarur/Documents/Git/Data_science/07_IITK_AIML_Capstone/project1_autonomous_driving/data/part1/crops/00003669_1023_car.jpg,car,3,00003669,383,307,574,476,v3_no_ambiguous
/Users/sameerkarur/Documents/Git/Data_science/07_IITK_AIML_Capstone/project1_autonomous_driving/data/part1/crops/00001657_1024_work_van.jpg,work_van,8,00001657,176,50,252,90,v3_no_ambiguous
/Users/sameerkarur/Documents/Git/Data_science/07_IITK_AIML_Capstone/project1_autonomous_driving/data/part1/crops/00000096_1025_car.jpg,car,3,00000096,146,71,223,105,v3_no_ambiguous
/Users/sameerkarur/Documents/Git/Data_science/07_IITK_AIML_Capstone/project1_autonomous_driving/data/part1/crops/00003267_1026_work_van.jpg,work_van,8,00003267,84,0,151,25,v3_no_ambiguous
/Users/sameerkarur/Documents/Git/Data_science/07_IITK_AIML_Capstone/project1_autonomous_driving/data/part1/crops/00004071_1027_car.jpg,car,3,00004071,72,283,295,477,v3_no_ambiguous
/Users/sameerkarur/Documents/Git/Data_science/07_IITK_AIML_Capstone/project1_autonomous_driving/data/part1/crops/00001763_1028_bus.jpg,bus,2,00001763,369,102,411,126,v3_no_ambiguous
/Users/sameerkarur/Documents/Git/Data_science/07_IITK_AIML_Capstone/project1_autonomous_driving/data/part1/crops/00004830_1029_bus.jpg,bus,2,00004830,545,120,715,209,v3_no_ambiguous
/Users/sameerkarur/Documents/Git/Data_science/07_IITK_AIML_Capstone/project1_autonomous_driving/data/part1/crops/00003641_1030_pickup_truck.jpg,pickup_truck,6,00003641,360,132,439,182,v3_no_ambiguous
/Users/sameerkarur/Documents/Git/Data_science/07_IITK_AIML_Capstone/project1_autonomous_driving/data/part1/crops/00003411_1031_motorcycle.jpg,motorcycle,4,00003411,188,207,238,286,v3_no_ambiguous
/Users/sameerkarur/Documents/Git/Data_science/07_IITK_AIML_Capstone/project1_autonomous_driving/data/part1/crops/00000378_1032_car.jpg,car,3,00000378,608,167,648,209,v3_no_ambiguous
/Users/sameerkarur/Documents/Git/Data_science/07_IITK_AIML_Capstone/project1_autonomous_driving/data/part1/crops/00001176_1033_work_van.jpg,work_van,8,00001176,0,97,90,142,v3_no_ambiguous
/Users/sameerkarur/Documents/Git/Data_science/07_IITK_AIML_Capstone/project1_autonomous_driving/data/part1/crops/00002180_1034_pickup_truck.jpg,pickup_truck,6,00002180,373,63,406,94,v3_no_ambiguous
/Users/sameerkarur/Documents/Git/Data_science/07_IITK_AIML_Capstone/project1_autonomous_driving/data/part1/crops/00000924_1035_work_van.jpg,work_van,8,00000924,462,72,503,98,v3_no_ambiguous
/Users/sameerkarur/Documents/Git/Data_science/07_IITK_AIML_Capstone/project1_autonomous_driving/data/part1/crops/00002834_1036_single_unit_truck.jpg,single_unit_truck,7,00002834,2,20,70,66,v3_no_ambiguous
/Users/sameerkarur/Documents/Git/Data_science/07_IITK_AIML_Capstone/project1_autonomous_driving/data/part1/crops/00004966_1037_work_van.jpg,work_van,8,00004966,96,96,181,155,v3_no_ambiguous
/Users/sameerkarur/Documents/Git/Data_science/07_IITK_AIML_Capstone/project1_autonomous_driving/data/part1/crops/00001582_1038_car.jpg,car,3,00001582,184,76,240,100,v3_no_ambiguous
/Users/sameerkarur/Documents/Git/Data_science/07_IITK_AIML_Capstone/project1_autonomous_driving/data/part1/crops/00000696_1039_pickup_truck.jpg,pickup_truck,6,00000696,351,168,446,222,v3_no_ambiguous
/Users/sameerkarur/Documents/Git/Data_science/07_IITK_AIML_Capstone/project1_autonomous_driving/data/part1/crops/00004492_1040_pickup_truck.jpg,pickup_truck,6,00004492,13,194,52,228,v3_no_ambiguous
/Users/sameerkarur/Documents/Git/Data_science/07_IITK_AIML_Capstone/project1_autonomous_driving/data/part1/crops/00004551_1041_work_van.jpg,work_van,8,00004551,276,99,447,171,v3_no_ambiguous
/Users/sameerkarur/Documents/Git/Data_science/07_IITK_AIML_Capstone/project1_autonomous_driving/data/part1/crops/00004575_1042_car.jpg,car,3,00004575,379,147,456,195,v3_no_ambiguous
/Users/sameerkarur/Documents/Git/Data_science/07_IITK_AIML_Capstone/project1_autonomous_driving/data/part1/crops/00003499_1043_bus.jpg,bus,2,00003499,286,47,661,166,v3_no_ambiguous
/Users/sameerkarur/Documents/Git/Data_science/07_IITK_AIML_Capstone/project1_autonomous_driving/data/part1/crops/00003840_1044_work_van.jpg,work_van,8,00003840,305,239,451,351,v3_no_ambiguous
/Users/sameerkarur/Documents/Git/Data_science/07_IITK_AIML_Capstone/project1_autonomous_driving/data/part1/crops/00001019_1045_work_van.jpg,work_van,8,00001019,517,131,717,268,v3_no_ambiguous
/Users/sameerkarur/Documents/Git/Data_science/07_IITK_AIML_Capstone/project1_autonomous_driving/data/part1/crops/00003040_1046_car.jpg,car,3,00003040,31,65,84,110,v3_no_ambiguous
/Users/sameerkarur/Documents/Git/Data_science/07_IITK_AIML_Capstone/project1_autonomous_driving/data/part1/crops/00004122_1047_pickup_truck.jpg,pickup_truck,6,00004122,131,194,262,277,v3_no_ambiguous
/Users/sameerkarur/Documents/Git/Data_science/07_IITK_AIML_Capstone/project1_autonomous_driving/data/part1/crops/00002922_1048_bus.jpg,bus,2,00002922,0,173,547,477,v3_no_ambiguous
/Users/sameerkarur/Documents/Git/Data_science/07_IITK_AIML_Capstone/project1_autonomous_driving/data/part1/crops/00005620_1049_pickup_truck.jpg,pickup_truck,6,00005620,418,155,637,250,v3_no_ambiguous
/Users/sameerkarur/Documents/Git/Data_science/07_IITK_AIML_Capstone/project1_autonomous_driving/data/part1/crops/00000197_1050_bus.jpg,bus,2,00000197,348,1,716,312,v3_no_ambiguous
/Users/sameerkarur/Documents/Git/Data_science/07_IITK_AIML_Capstone/project1_autonomous_driving/data/part1/crops/00000257_1051_motorcycle.jpg,motorcycle,4,00000257,188,340,233,418,v3_no_ambiguous
/Users/sameerkarur/Documents/Git/Data_science/07_IITK_AIML_Capstone/project1_autonomous_driving/data/part1/crops/00001098_1052_bus.jpg,bus,2,00001098,442,95,717,311,v3_no_ambiguous
/Users/sameerkarur/Documents/Git/Data_science/07_IITK_AIML_Capstone/project1_autonomous_driving/data/part1/crops/00000618_1053_car.jpg,car,3,00000618,257,96,362,136,v3_no_ambiguous
/Users/sameerkarur/Documents/Git/Data_science/07_IITK_AIML_Capstone/project1_autonomous_driving/data/part1/crops/00002737_1054_car.jpg,car,3,00002737,249,116,484,277,v3_no_ambiguous
/Users/sameerkarur/Documents/Git/Data_science/07_IITK_AIML_Capstone/project1_autonomous_driving/data/part1/crops/00000369_1055_car.jpg,car,3,00000369,641,277,716,363,v3_no_ambiguous
/Users/sameerkarur/Documents/Git/Data_science/07_IITK_AIML_Capstone/project1_autonomous_driving/data/part1/crops/00003854_1056_pickup_truck.jpg,pickup_truck,6,00003854,253,46,330,84,v3_no_ambiguous
/Users/sameerkarur/Documents/Git/Data_science/07_IITK_AIML_Capstone/project1_autonomous_driving/data/part1/crops/00004052_1057_car.jpg,car,3,00004052,483,211,590,277,v3_no_ambiguous
/Users/sameerkarur/Documents/Git/Data_science/07_IITK_AIML_Capstone/project1_autonomous_driving/data/part1/crops/00004783_1058_car.jpg,car,3,00004783,84,93,192,144,v3_no_ambiguous
/Users/sameerkarur/Documents/Git/Data_science/07_IITK_AIML_Capstone/project1_autonomous_driving/data/part1/crops/00003706_1059_articulated_truck.jpg,articulated_truck,0,00003706,0,64,616,439,v3_no_ambiguous
/Users/sameerkarur/Documents/Git/Data_science/07_IITK_AIML_Capstone/project1_autonomous_driving/data/part1/crops/00001706_1060_car.jpg,car,3,00001706,629,173,687,224,v3_no_ambiguous
/Users/sameerkarur/Documents/Git/Data_science/07_IITK_AIML_Capstone/project1_autonomous_driving/data/part1/crops/00001315_1061_bus.jpg,bus,2,00001315,197,151,540,392,v3_no_ambiguous
/Users/sameerkarur/Documents/Git/Data_science/07_IITK_AIML_Capstone/project1_autonomous_driving/data/part1/crops/00003675_1062_bus.jpg,bus,2,00003675,167,139,260,201,v3_no_ambiguous
/Users/sameerkarur/Documents/Git/Data_science/07_IITK_AIML_Capstone/project1_autonomous_driving/data/part1/crops/00004068_1063_car.jpg,car,3,00004068,546,226,711,331,v3_no_ambiguous
/Users/sameerkarur/Documents/Git/Data_science/07_IITK_AIML_Capstone/project1_autonomous_driving/data/part1/crops/00004961_1064_articulated_truck.jpg,articulated_truck,0,00004961,617,95,710,123,v3_no_ambiguous
/Users/sameerkarur/Documents/Git/Data_science/07_IITK_AIML_Capstone/project1_autonomous_driving/data/part1/crops/00005606_1065_car.jpg,car,3,00005606,498,131,715,265,v3_no_ambiguous
/Users/sameerkarur/Documents/Git/Data_science/07_IITK_AIML_Capstone/project1_autonomous_driving/data/part1/crops/00001369_1066_car.jpg,car,3,00001369,429,158,530,245,v3_no_ambiguous
/Users/sameerkarur/Documents/Git/Data_science/07_IITK_AIML_Capstone/project1_autonomous_driving/data/part1/crops/00002967_1067_pickup_truck.jpg,pickup_truck,6,00002967,295,174,411,235,v3_no_ambiguous
/Users/sameerkarur/Documents/Git/Data_science/07_IITK_AIML_Capstone/project1_autonomous_driving/data/part1/crops/00003492_1068_car.jpg,car,3,00003492,128,199,230,260,v3_no_ambiguous
/Users/sameerkarur/Documents/Git/Data_science/07_IITK_AIML_Capstone/project1_autonomous_driving/data/part1/crops/00005212_1069_bus.jpg,bus,2,00005212,497,170,713,381,v3_no_ambiguous
/Users/sameerkarur/Documents/Git/Data_science/07_IITK_AIML_Capstone/project1_autonomous_driving/data/part1/crops/00005400_1070_car.jpg,car,3,00005400,229,160,389,225,v3_no_ambiguous
/Users/sameerkarur/Documents/Git/Data_science/07_IITK_AIML_Capstone/project1_autonomous_driving/data/part1/crops/00003482_1071_single_unit_truck.jpg,single_unit_truck,7,00003482,101,39,174,74,v3_no_ambiguous
/Users/sameerkarur/Documents/Git/Data_science/07_IITK_AIML_Capstone/project1_autonomous_driving/data/part1/crops/00002070_1072_work_van.jpg,work_van,8,00002070,305,185,408,311,v3_no_ambiguous
/Users/sameerkarur/Documents/Git/Data_science/07_IITK_AIML_Capstone/project1_autonomous_driving/data/part1/crops/00004880_1073_car.jpg,car,3,00004880,92,1,179,36,v3_no_ambiguous
/Users/sameerkarur/Documents/Git/Data_science/07_IITK_AIML_Capstone/project1_autonomous_driving/data/part1/crops/00003879_1074_car.jpg,car,3,00003879,37,114,129,192,v3_no_ambiguous
/Users/sameerkarur/Documents/Git/Data_science/07_IITK_AIML_Capstone/project1_autonomous_driving/data/part1/crops/00005534_1075_car.jpg,car,3,00005534,64,57,130,86,v3_no_ambiguous
/Users/sameerkarur/Documents/Git/Data_science/07_IITK_AIML_Capstone/project1_autonomous_driving/data/part1/crops/00002221_1076_car.jpg,car,3,00002221,592,165,639,203,v3_no_ambiguous
/Users/sameerkarur/Documents/Git/Data_science/07_IITK_AIML_Capstone/project1_autonomous_driving/data/part1/crops/00002288_1077_articulated_truck.jpg,articulated_truck,0,00002288,406,21,505,60,v3_no_ambiguous
/Users/sameerkarur/Documents/Git/Data_science/07_IITK_AIML_Capstone/project1_autonomous_driving/data/part1/crops/00002134_1078_work_van.jpg,work_van,8,00002134,313,30,394,69,v3_no_ambiguous
/Users/sameerkarur/Documents/Git/Data_science/07_IITK_AIML_Capstone/project1_autonomous_driving/data/part1/crops/00003589_1079_car.jpg,car,3,00003589,474,224,576,279,v3_no_ambiguous
/Users/sameerkarur/Documents/Git/Data_science/07_IITK_AIML_Capstone/project1_autonomous_driving/data/part1/crops/00000996_1080_car.jpg,car,3,00000996,124,71,195,100,v3_no_ambiguous
/Users/sameerkarur/Documents/Git/Data_science/07_IITK_AIML_Capstone/project1_autonomous_driving/data/part1/crops/00004150_1081_bicycle.jpg,bicycle,1,00004150,394,139,437,246,v3_no_ambiguous
/Users/sameerkarur/Documents/Git/Data_science/07_IITK_AIML_Capstone/project1_autonomous_driving/data/part1/crops/00002407_1082_car.jpg,car,3,00002407,512,140,545,167,v3_no_ambiguous
/Users/sameerkarur/Documents/Git/Data_science/07_IITK_AIML_Capstone/project1_autonomous_driving/data/part1/crops/00004638_1083_articulated_truck.jpg,articulated_truck,0,00004638,434,220,719,429,v3_no_ambiguous
/Users/sameerkarur/Documents/Git/Data_science/07_IITK_AIML_Capstone/project1_autonomous_driving/data/part1/crops/00004628_1084_car.jpg,car,3,00004628,230,124,303,164,v3_no_ambiguous
/Users/sameerkarur/Documents/Git/Data_science/07_IITK_AIML_Capstone/project1_autonomous_driving/data/part1/crops/00005357_1085_pickup_truck.jpg,pickup_truck,6,00005357,630,250,714,381,v3_no_ambiguous
/Users/sameerkarur/Documents/Git/Data_science/07_IITK_AIML_Capstone/project1_autonomous_driving/data/part1/crops/00005319_1086_articulated_truck.jpg,articulated_truck,0,00005319,2,42,427,267,v3_no_ambiguous
/Users/sameerkarur/Documents/Git/Data_science/07_IITK_AIML_Capstone/project1_autonomous_driving/data/part1/crops/00003734_1087_single_unit_truck.jpg,single_unit_truck,7,00003734,292,151,617,327,v3_no_ambiguous
/Users/sameerkarur/Documents/Git/Data_science/07_IITK_AIML_Capstone/project1_autonomous_driving/data/part1/crops/00000612_1088_pickup_truck.jpg,pickup_truck,6,00000612,103,244,212,318,v3_no_ambiguous
/Users/sameerkarur/Documents/Git/Data_science/07_IITK_AIML_Capstone/project1_autonomous_driving/data/part1/crops/00004525_1089_car.jpg,car,3,00004525,605,143,642,181,v3_no_ambiguous
/Users/sameerkarur/Documents/Git/Data_science/07_IITK_AIML_Capstone/project1_autonomous_driving/data/part1/crops/00003090_1090_car.jpg,car,3,00003090,216,19,277,64,v3_no_ambiguous
/Users/sameerkarur/Documents/Git/Data_science/07_IITK_AIML_Capstone/project1_autonomous_driving/data/part1/crops/00004358_1091_bus.jpg,bus,2,00004358,272,90,654,321,v3_no_ambiguous
/Users/sameerkarur/Documents/Git/Data_science/07_IITK_AIML_Capstone/project1_autonomous_driving/data/part1/crops/00003836_1092_single_unit_truck.jpg,single_unit_truck,7,00003836,250,79,277,106,v3_no_ambiguous
/Users/sameerkarur/Documents/Git/Data_science/07_IITK_AIML_Capstone/project1_autonomous_driving/data/part1/crops/00000266_1093_work_van.jpg,work_van,8,00000266,250,83,306,113,v3_no_ambiguous
/Users/sameerkarur/Documents/Git/Data_science/07_IITK_AIML_Capstone/project1_autonomous_driving/data/part1/crops/00001423_1094_pickup_truck.jpg,pickup_truck,6,00001423,223,109,555,289,v3_no_ambiguous
/Users/sameerkarur/Documents/Git/Data_science/07_IITK_AIML_Capstone/project1_autonomous_driving/data/part1/crops/00005552_1095_bus.jpg,bus,2,00005552,453,138,664,251,v3_no_ambiguous
/Users/sameerkarur/Documents/Git/Data_science/07_IITK_AIML_Capstone/project1_autonomous_driving/data/part1/crops/00005159_1096_car.jpg,car,3,00005159,330,78,545,175,v3_no_ambiguous
/Users/sameerkarur/Documents/Git/Data_science/07_IITK_AIML_Capstone/project1_autonomous_driving/data/part1/crops/00003124_1097_bicycle.jpg,bicycle,1,00003124,536,57,612,126,v3_no_ambiguous
/Users/sameerkarur/Documents/Git/Data_science/07_IITK_AIML_Capstone/project1_autonomous_driving/data/part1/crops/00005237_1098_articulated_truck.jpg,articulated_truck,0,00005237,454,14,654,107,v3_no_ambiguous
/Users/sameerkarur/Documents/Git/Data_science/07_IITK_AIML_Capstone/project1_autonomous_driving/data/part1/crops/00002750_1099_car.jpg,car,3,00002750,505,223,603,280,v3_no_ambiguous
/Users/sameerkarur/Documents/Git/Data_science/07_IITK_AIML_Capstone/project1_autonomous_driving/data/part1/crops/00003748_1100_articulated_truck.jpg,articulated_truck,0,00003748,84,82,185,162,v3_no_ambiguous
/Users/sameerkarur/Documents/Git/Data_science/07_IITK_AIML_Capstone/project1_autonomous_driving/data/part1/crops/00005627_1101_pickup_truck.jpg,pickup_truck,6,00005627,233,17,386,83,v3_no_ambiguous
/Users/sameerkarur/Documents/Git/Data_science/07_IITK_AIML_Capstone/project1_autonomous_driving/data/part1/crops/00004452_1102_car.jpg,car,3,00004452,38,144,78,172,v3_no_ambiguous
/Users/sameerkarur/Documents/Git/Data_science/07_IITK_AIML_Capstone/project1_autonomous_driving/data/part1/crops/00004129_1103_car.jpg,car,3,00004129,220,141,391,210,v3_no_ambiguous
/Users/sameerkarur/Documents/Git/Data_science/07_IITK_AIML_Capstone/project1_autonomous_driving/data/part1/crops/00000990_1104_bicycle.jpg,bicycle,1,00000990,347,155,396,266,v3_no_ambiguous
/Users/sameerkarur/Documents/Git/Data_science/07_IITK_AIML_Capstone/project1_autonomous_driving/data/part1/crops/00002224_1105_car.jpg,car,3,00002224,8,48,60,74,v3_no_ambiguous
/Users/sameerkarur/Documents/Git/Data_science/07_IITK_AIML_Capstone/project1_autonomous_driving/data/part1/crops/00002345_1106_car.jpg,car,3,00002345,128,99,196,141,v3_no_ambiguous
/Users/sameerkarur/Documents/Git/Data_science/07_IITK_AIML_Capstone/project1_autonomous_driving/data/part1/crops/00002358_1107_bus.jpg,bus,2,00002358,92,189,385,331,v3_no_ambiguous
/Users/sameerkarur/Documents/Git/Data_science/07_IITK_AIML_Capstone/project1_autonomous_driving/data/part1/crops/00000984_1108_single_unit_truck.jpg,single_unit_truck,7,00000984,402,2,495,46,v3_no_ambiguous
/Users/sameerkarur/Documents/Git/Data_science/07_IITK_AIML_Capstone/project1_autonomous_driving/data/part1/crops/00000851_1109_car.jpg,car,3,00000851,39,294,220,411,v3_no_ambiguous
/Users/sameerkarur/Documents/Git/Data_science/07_IITK_AIML_Capstone/project1_autonomous_driving/data/part1/crops/00003236_1110_work_van.jpg,work_van,8,00003236,499,122,545,160,v3_no_ambiguous
/Users/sameerkarur/Documents/Git/Data_science/07_IITK_AIML_Capstone/project1_autonomous_driving/data/part1/crops/00004167_1111_pickup_truck.jpg,pickup_truck,6,00004167,363,101,557,184,v3_no_ambiguous
/Users/sameerkarur/Documents/Git/Data_science/07_IITK_AIML_Capstone/project1_autonomous_driving/data/part1/crops/00002510_1112_pickup_truck.jpg,pickup_truck,6,00002510,52,125,179,178,v3_no_ambiguous
/Users/sameerkarur/Documents/Git/Data_science/07_IITK_AIML_Capstone/project1_autonomous_driving/data/part1/crops/00002981_1113_car.jpg,car,3,00002981,611,131,642,157,v3_no_ambiguous
/Users/sameerkarur/Documents/Git/Data_science/07_IITK_AIML_Capstone/project1_autonomous_driving/data/part1/crops/00003278_1114_car.jpg,car,3,00003278,493,133,548,175,v3_no_ambiguous
/Users/sameerkarur/Documents/Git/Data_science/07_IITK_AIML_Capstone/project1_autonomous_driving/data/part1/crops/00004631_1115_bus.jpg,bus,2,00004631,98,0,613,226,v3_no_ambiguous
/Users/sameerkarur/Documents/Git/Data_science/07_IITK_AIML_Capstone/project1_autonomous_driving/data/part1/crops/00001495_1116_single_unit_truck.jpg,single_unit_truck,7,00001495,144,67,362,166,v3_no_ambiguous
/Users/sameerkarur/Documents/Git/Data_science/07_IITK_AIML_Capstone/project1_autonomous_driving/data/part1/crops/00003812_1117_pickup_truck.jpg,pickup_truck,6,00003812,115,246,234,321,v3_no_ambiguous
/Users/sameerkarur/Documents/Git/Data_science/07_IITK_AIML_Capstone/project1_autonomous_driving/data/part1/crops/00002191_1118_bus.jpg,bus,2,00002191,384,47,714,298,v3_no_ambiguous
/Users/sameerkarur/Documents/Git/Data_science/07_IITK_AIML_Capstone/project1_autonomous_driving/data/part1/crops/00002760_1119_articulated_truck.jpg,articulated_truck,0,00002760,258,25,339,64,v3_no_ambiguous
/Users/sameerkarur/Documents/Git/Data_science/07_IITK_AIML_Capstone/project1_autonomous_driving/data/part1/crops/00004660_1120_car.jpg,car,3,00004660,321,320,558,478,v3_no_ambiguous
/Users/sameerkarur/Documents/Git/Data_science/07_IITK_AIML_Capstone/project1_autonomous_driving/data/part1/crops/00001947_1121_car.jpg,car,3,00001947,355,141,408,170,v3_no_ambiguous
/Users/sameerkarur/Documents/Git/Data_science/07_IITK_AIML_Capstone/project1_autonomous_driving/data/part1/crops/00005035_1122_bus.jpg,bus,2,00005035,281,72,632,196,v3_no_ambiguous
/Users/sameerkarur/Documents/Git/Data_science/07_IITK_AIML_Capstone/project1_autonomous_driving/data/part1/crops/00003813_1123_pedestrian.jpg,pedestrian,5,00003813,46,244,99,336,v3_no_ambiguous
/Users/sameerkarur/Documents/Git/Data_science/07_IITK_AIML_Capstone/project1_autonomous_driving/data/part1/crops/00003602_1124_car.jpg,car,3,00003602,39,113,130,197,v3_no_ambiguous
/Users/sameerkarur/Documents/Git/Data_science/07_IITK_AIML_Capstone/project1_autonomous_driving/data/part1/crops/00005096_1125_pickup_truck.jpg,pickup_truck,6,00005096,322,64,581,194,v3_no_ambiguous
/Users/sameerkarur/Documents/Git/Data_science/07_IITK_AIML_Capstone/project1_autonomous_driving/data/part1/crops/00003109_1126_articulated_truck.jpg,articulated_truck,0,00003109,448,3,484,30,v3_no_ambiguous
/Users/sameerkarur/Documents/Git/Data_science/07_IITK_AIML_Capstone/project1_autonomous_driving/data/part1/crops/00003979_1127_work_van.jpg,work_van,8,00003979,215,77,286,121,v3_no_ambiguous
/Users/sameerkarur/Documents/Git/Data_science/07_IITK_AIML_Capstone/project1_autonomous_driving/data/part1/crops/00005631_1128_pickup_truck.jpg,pickup_truck,6,00005631,121,201,400,392,v3_no_ambiguous
/Users/sameerkarur/Documents/Git/Data_science/07_IITK_AIML_Capstone/project1_autonomous_driving/data/part1/crops/00005109_1129_single_unit_truck.jpg,single_unit_truck,7,00005109,148,60,364,162,v3_no_ambiguous
/Users/sameerkarur/Documents/Git/Data_science/07_IITK_AIML_Capstone/project1_autonomous_driving/data/part1/crops/00001533_1130_car.jpg,car,3,00001533,470,148,516,172,v3_no_ambiguous
/Users/sameerkarur/Documents/Git/Data_science/07_IITK_AIML_Capstone/project1_autonomous_driving/data/part1/crops/00003808_1131_car.jpg,car,3,00003808,208,90,279,125,v3_no_ambiguous
/Users/sameerkarur/Documents/Git/Data_science/07_IITK_AIML_Capstone/project1_autonomous_driving/data/part1/crops/00002280_1132_work_van.jpg,work_van,8,00002280,604,307,715,439,v3_no_ambiguous
/Users/sameerkarur/Documents/Git/Data_science/07_IITK_AIML_Capstone/project1_autonomous_driving/data/part1/crops/00005111_1133_work_van.jpg,work_van,8,00005111,567,146,639,185,v3_no_ambiguous
/Users/sameerkarur/Documents/Git/Data_science/07_IITK_AIML_Capstone/project1_autonomous_driving/data/part1/crops/00003523_1134_work_van.jpg,work_van,8,00003523,496,180,715,341,v3_no_ambiguous
/Users/sameerkarur/Documents/Git/Data_science/07_IITK_AIML_Capstone/project1_autonomous_driving/data/part1/crops/00000057_1135_work_van.jpg,work_van,8,00000057,209,63,315,123,v3_no_ambiguous
/Users/sameerkarur/Documents/Git/Data_science/07_IITK_AIML_Capstone/project1_autonomous_driving/data/part1/crops/00005116_1136_car.jpg,car,3,00005116,291,91,335,122,v3_no_ambiguous
/Users/sameerkarur/Documents/Git/Data_science/07_IITK_AIML_Capstone/project1_autonomous_driving/data/part1/crops/00001394_1137_articulated_truck.jpg,articulated_truck,0,00001394,224,27,313,92,v3_no_ambiguous
/Users/sameerkarur/Documents/Git/Data_science/07_IITK_AIML_Capstone/project1_autonomous_driving/data/part1/crops/00003009_1138_work_van.jpg,work_van,8,00003009,111,132,361,319,v3_no_ambiguous
/Users/sameerkarur/Documents/Git/Data_science/07_IITK_AIML_Capstone/project1_autonomous_driving/data/part1/crops/00005332_1139_car.jpg,car,3,00005332,59,64,107,88,v3_no_ambiguous
/Users/sameerkarur/Documents/Git/Data_science/07_IITK_AIML_Capstone/project1_autonomous_driving/data/part1/crops/00000760_1140_car.jpg,car,3,00000760,103,359,298,478,v3_no_ambiguous
/Users/sameerkarur/Documents/Git/Data_science/07_IITK_AIML_Capstone/project1_autonomous_driving/data/part1/crops/00002087_1141_pickup_truck.jpg,pickup_truck,6,00002087,372,263,714,477,v3_no_ambiguous
/Users/sameerkarur/Documents/Git/Data_science/07_IITK_AIML_Capstone/project1_autonomous_driving/data/part1/crops/00002158_1142_car.jpg,car,3,00002158,270,127,396,189,v3_no_ambiguous
/Users/sameerkarur/Documents/Git/Data_science/07_IITK_AIML_Capstone/project1_autonomous_driving/data/part1/crops/00000645_1143_single_unit_truck.jpg,single_unit_truck,7,00000645,150,66,366,168,v3_no_ambiguous
/Users/sameerkarur/Documents/Git/Data_science/07_IITK_AIML_Capstone/project1_autonomous_driving/data/part1/crops/00003468_1144_car.jpg,car,3,00003468,292,194,348,232,v3_no_ambiguous
/Users/sameerkarur/Documents/Git/Data_science/07_IITK_AIML_Capstone/project1_autonomous_driving/data/part1/crops/00000299_1145_pickup_truck.jpg,pickup_truck,6,00000299,279,272,475,385,v3_no_ambiguous
/Users/sameerkarur/Documents/Git/Data_science/07_IITK_AIML_Capstone/project1_autonomous_driving/data/part1/crops/00001884_1146_pickup_truck.jpg,pickup_truck,6,00001884,314,233,498,393,v3_no_ambiguous
/Users/sameerkarur/Documents/Git/Data_science/07_IITK_AIML_Capstone/project1_autonomous_driving/data/part1/crops/00005127_1147_car.jpg,car,3,00005127,242,285,458,478,v3_no_ambiguous
/Users/sameerkarur/Documents/Git/Data_science/07_IITK_AIML_Capstone/project1_autonomous_driving/data/part1/crops/00001616_1148_car.jpg,car,3,00001616,0,116,100,202,v3_no_ambiguous
/Users/sameerkarur/Documents/Git/Data_science/07_IITK_AIML_Capstone/project1_autonomous_driving/data/part1/crops/00001004_1149_work_van.jpg,work_van,8,00001004,145,73,287,167,v3_no_ambiguous
/Users/sameerkarur/Documents/Git/Data_science/07_IITK_AIML_Capstone/project1_autonomous_driving/data/part1/crops/00004733_1150_pickup_truck.jpg,pickup_truck,6,00004733,110,310,358,479,v3_no_ambiguous
/Users/sameerkarur/Documents/Git/Data_science/07_IITK_AIML_Capstone/project1_autonomous_driving/data/part1/crops/00004514_1151_work_van.jpg,work_van,8,00004514,263,22,343,59,v3_no_ambiguous
/Users/sameerkarur/Documents/Git/Data_science/07_IITK_AIML_Capstone/project1_autonomous_driving/data/part1/crops/00002119_1152_pickup_truck.jpg,pickup_truck,6,00002119,561,161,627,189,v3_no_ambiguous
/Users/sameerkarur/Documents/Git/Data_science/07_IITK_AIML_Capstone/project1_autonomous_driving/data/part1/crops/00002572_1153_pickup_truck.jpg,pickup_truck,6,00002572,0,209,236,418,v3_no_ambiguous
/Users/sameerkarur/Documents/Git/Data_science/07_IITK_AIML_Capstone/project1_autonomous_driving/data/part1/crops/00001397_1154_single_unit_truck.jpg,single_unit_truck,7,00001397,114,45,319,173,v3_no_ambiguous
/Users/sameerkarur/Documents/Git/Data_science/07_IITK_AIML_Capstone/project1_autonomous_driving/data/part1/crops/00005545_1155_car.jpg,car,3,00005545,520,143,603,211,v3_no_ambiguous
/Users/sameerkarur/Documents/Git/Data_science/07_IITK_AIML_Capstone/project1_autonomous_driving/data/part1/crops/00004160_1156_bicycle.jpg,bicycle,1,00004160,497,81,591,159,v3_no_ambiguous
/Users/sameerkarur/Documents/Git/Data_science/07_IITK_AIML_Capstone/project1_autonomous_driving/data/part1/crops/00004621_1157_pickup_truck.jpg,pickup_truck,6,00004621,209,114,260,150,v3_no_ambiguous
/Users/sameerkarur/Documents/Git/Data_science/07_IITK_AIML_Capstone/project1_autonomous_driving/data/part1/crops/00003459_1158_work_van.jpg,work_van,8,00003459,104,85,246,151,v3_no_ambiguous
/Users/sameerkarur/Documents/Git/Data_science/07_IITK_AIML_Capstone/project1_autonomous_driving/data/part1/crops/00004171_1159_pickup_truck.jpg,pickup_truck,6,00004171,562,173,621,198,v3_no_ambiguous
/Users/sameerkarur/Documents/Git/Data_science/07_IITK_AIML_Capstone/project1_autonomous_driving/data/part1/crops/00001996_1160_car.jpg,car,3,00001996,170,181,313,279,v3_no_ambiguous
/Users/sameerkarur/Documents/Git/Data_science/07_IITK_AIML_Capstone/project1_autonomous_driving/data/part1/crops/00004493_1161_pickup_truck.jpg,pickup_truck,6,00004493,584,200,713,348,v3_no_ambiguous
/Users/sameerkarur/Documents/Git/Data_science/07_IITK_AIML_Capstone/project1_autonomous_driving/data/part1/crops/00005488_1162_car.jpg,car,3,00005488,601,236,650,263,v3_no_ambiguous
/Users/sameerkarur/Documents/Git/Data_science/07_IITK_AIML_Capstone/project1_autonomous_driving/data/part1/crops/00002934_1163_articulated_truck.jpg,articulated_truck,0,00002934,608,91,711,129,v3_no_ambiguous
/Users/sameerkarur/Documents/Git/Data_science/07_IITK_AIML_Capstone/project1_autonomous_driving/data/part1/crops/00002115_1164_car.jpg,car,3,00002115,463,24,557,80,v3_no_ambiguous
/Users/sameerkarur/Documents/Git/Data_science/07_IITK_AIML_Capstone/project1_autonomous_driving/data/part1/crops/00004099_1165_work_van.jpg,work_van,8,00004099,379,196,508,315,v3_no_ambiguous
/Users/sameerkarur/Documents/Git/Data_science/07_IITK_AIML_Capstone/project1_autonomous_driving/data/part1/crops/00001127_1166_bus.jpg,bus,2,00001127,223,154,659,350,v3_no_ambiguous
/Users/sameerkarur/Documents/Git/Data_science/07_IITK_AIML_Capstone/project1_autonomous_driving/data/part1/crops/00000504_1167_car.jpg,car,3,00000504,267,333,530,477,v3_no_ambiguous
/Users/sameerkarur/Documents/Git/Data_science/07_IITK_AIML_Capstone/project1_autonomous_driving/data/part1/crops/00003939_1168_car.jpg,car,3,00003939,577,435,658,477,v3_no_ambiguous
/Users/sameerkarur/Documents/Git/Data_science/07_IITK_AIML_Capstone/project1_autonomous_driving/data/part1/crops/00001565_1169_bus.jpg,bus,2,00001565,274,134,309,172,v3_no_ambiguous
/Users/sameerkarur/Documents/Git/Data_science/07_IITK_AIML_Capstone/project1_autonomous_driving/data/part1/crops/00004754_1170_single_unit_truck.jpg,single_unit_truck,7,00004754,261,26,334,55,v3_no_ambiguous
/Users/sameerkarur/Documents/Git/Data_science/07_IITK_AIML_Capstone/project1_autonomous_driving/data/part1/crops/00003778_1171_pickup_truck.jpg,pickup_truck,6,00003778,26,130,154,183,v3_no_ambiguous
/Users/sameerkarur/Documents/Git/Data_science/07_IITK_AIML_Capstone/project1_autonomous_driving/data/part1/crops/00004331_1172_car.jpg,car,3,00004331,502,116,552,141,v3_no_ambiguous
/Users/sameerkarur/Documents/Git/Data_science/07_IITK_AIML_Capstone/project1_autonomous_driving/data/part1/crops/00005526_1173_bus.jpg,bus,2,00005526,475,100,628,170,v3_no_ambiguous
/Users/sameerkarur/Documents/Git/Data_science/07_IITK_AIML_Capstone/project1_autonomous_driving/data/part1/crops/00001803_1174_bus.jpg,bus,2,00001803,203,66,252,100,v3_no_ambiguous
/Users/sameerkarur/Documents/Git/Data_science/07_IITK_AIML_Capstone/project1_autonomous_driving/data/part1/crops/00005621_1175_work_van.jpg,work_van,8,00005621,434,76,513,103,v3_no_ambiguous
/Users/sameerkarur/Documents/Git/Data_science/07_IITK_AIML_Capstone/project1_autonomous_driving/data/part1/crops/00004635_1176_car.jpg,car,3,00004635,125,63,205,98,v3_no_ambiguous
/Users/sameerkarur/Documents/Git/Data_science/07_IITK_AIML_Capstone/project1_autonomous_driving/data/part1/crops/00005455_1177_pedestrian.jpg,pedestrian,5,00005455,2,395,80,461,v3_no_ambiguous
/Users/sameerkarur/Documents/Git/Data_science/07_IITK_AIML_Capstone/project1_autonomous_driving/data/part1/crops/00001002_1178_work_van.jpg,work_van,8,00001002,317,31,396,64,v3_no_ambiguous
/Users/sameerkarur/Documents/Git/Data_science/07_IITK_AIML_Capstone/project1_autonomous_driving/data/part1/crops/00003941_1179_bus.jpg,bus,2,00003941,545,129,667,188,v3_no_ambiguous
/Users/sameerkarur/Documents/Git/Data_science/07_IITK_AIML_Capstone/project1_autonomous_driving/data/part1/crops/00002748_1180_car.jpg,car,3,00002748,210,52,369,122,v3_no_ambiguous
/Users/sameerkarur/Documents/Git/Data_science/07_IITK_AIML_Capstone/project1_autonomous_driving/data/part1/crops/00002691_1181_bus.jpg,bus,2,00002691,0,172,404,471,v3_no_ambiguous
/Users/sameerkarur/Documents/Git/Data_science/07_IITK_AIML_Capstone/project1_autonomous_driving/data/part1/crops/00000280_1182_pickup_truck.jpg,pickup_truck,6,00000280,63,97,187,204,v3_no_ambiguous
/Users/sameerkarur/Documents/Git/Data_science/07_IITK_AIML_Capstone/project1_autonomous_driving/data/part1/crops/00001828_1183_bicycle.jpg,bicycle,1,00001828,357,136,394,236,v3_no_ambiguous
/Users/sameerkarur/Documents/Git/Data_science/07_IITK_AIML_Capstone/project1_autonomous_driving/data/part1/crops/00001669_1184_articulated_truck.jpg,articulated_truck,0,00001669,464,0,539,24,v3_no_ambiguous
/Users/sameerkarur/Documents/Git/Data_science/07_IITK_AIML_Capstone/project1_autonomous_driving/data/part1/crops/00000799_1185_car.jpg,car,3,00000799,207,95,272,124,v3_no_ambiguous
/Users/sameerkarur/Documents/Git/Data_science/07_IITK_AIML_Capstone/project1_autonomous_driving/data/part1/crops/00004843_1186_car.jpg,car,3,00004843,193,121,235,161,v3_no_ambiguous
/Users/sameerkarur/Documents/Git/Data_science/07_IITK_AIML_Capstone/project1_autonomous_driving/data/part1/crops/00003442_1187_bus.jpg,bus,2,00003442,0,0,540,240,v3_no_ambiguous
/Users/sameerkarur/Documents/Git/Data_science/07_IITK_AIML_Capstone/project1_autonomous_driving/data/part1/crops/00001355_1188_articulated_truck.jpg,articulated_truck,0,00001355,72,85,166,165,v3_no_ambiguous
/Users/sameerkarur/Documents/Git/Data_science/07_IITK_AIML_Capstone/project1_autonomous_driving/data/part1/crops/00004792_1189_single_unit_truck.jpg,single_unit_truck,7,00004792,324,21,608,206,v3_no_ambiguous
/Users/sameerkarur/Documents/Git/Data_science/07_IITK_AIML_Capstone/project1_autonomous_driving/data/part1/crops/00001973_1190_work_van.jpg,work_van,8,00001973,1,39,39,79,v3_no_ambiguous
/Users/sameerkarur/Documents/Git/Data_science/07_IITK_AIML_Capstone/project1_autonomous_driving/data/part1/crops/00004944_1191_pickup_truck.jpg,pickup_truck,6,00004944,127,94,265,151,v3_no_ambiguous
/Users/sameerkarur/Documents/Git/Data_science/07_IITK_AIML_Capstone/project1_autonomous_driving/data/part1/crops/00004323_1192_single_unit_truck.jpg,single_unit_truck,7,00004323,377,119,551,189,v3_no_ambiguous
/Users/sameerkarur/Documents/Git/Data_science/07_IITK_AIML_Capstone/project1_autonomous_driving/data/part1/crops/00002979_1193_car.jpg,car,3,00002979,75,222,161,285,v3_no_ambiguous
/Users/sameerkarur/Documents/Git/Data_science/07_IITK_AIML_Capstone/project1_autonomous_driving/data/part1/crops/00002964_1194_car.jpg,car,3,00002964,82,87,206,160,v3_no_ambiguous
/Users/sameerkarur/Documents/Git/Data_science/07_IITK_AIML_Capstone/project1_autonomous_driving/data/part1/crops/00005293_1195_pickup_truck.jpg,pickup_truck,6,00005293,592,112,717,186,v3_no_ambiguous
/Users/sameerkarur/Documents/Git/Data_science/07_IITK_AIML_Capstone/project1_autonomous_driving/data/part1/crops/00005303_1196_pickup_truck.jpg,pickup_truck,6,00005303,104,352,314,479,v3_no_ambiguous
/Users/sameerkarur/Documents/Git/Data_science/07_IITK_AIML_Capstone/project1_autonomous_driving/data/part1/crops/00004235_1197_car.jpg,car,3,00004235,159,66,238,103,v3_no_ambiguous
/Users/sameerkarur/Documents/Git/Data_science/07_IITK_AIML_Capstone/project1_autonomous_driving/data/part1/crops/00005504_1198_car.jpg,car,3,00005504,349,270,513,465,v3_no_ambiguous
/Users/sameerkarur/Documents/Git/Data_science/07_IITK_AIML_Capstone/project1_autonomous_driving/data/part1/crops/00002973_1199_car.jpg,car,3,00002973,27,151,203,236,v3_no_ambiguous
/Users/sameerkarur/Documents/Git/Data_science/07_IITK_AIML_Capstone/project1_autonomous_driving/data/part1/crops/00001958_1200_pickup_truck.jpg,pickup_truck,6,00001958,86,80,221,160,v3_no_ambiguous
/Users/sameerkarur/Documents/Git/Data_science/07_IITK_AIML_Capstone/project1_autonomous_driving/data/part1/crops/00004023_1201_car.jpg,car,3,00004023,460,92,531,149,v3_no_ambiguous
/Users/sameerkarur/Documents/Git/Data_science/07_IITK_AIML_Capstone/project1_autonomous_driving/data/part1/crops/00004043_1202_bicycle.jpg,bicycle,1,00004043,273,125,309,199,v3_no_ambiguous
/Users/sameerkarur/Documents/Git/Data_science/07_IITK_AIML_Capstone/project1_autonomous_driving/data/part1/crops/00004323_1203_single_unit_truck.jpg,single_unit_truck,7,00004323,170,122,213,151,v3_no_ambiguous
/Users/sameerkarur/Documents/Git/Data_science/07_IITK_AIML_Capstone/project1_autonomous_driving/data/part1/crops/00001539_1204_pickup_truck.jpg,pickup_truck,6,00001539,290,71,338,101,v3_no_ambiguous
/Users/sameerkarur/Documents/Git/Data_science/07_IITK_AIML_Capstone/project1_autonomous_driving/data/part1/crops/00005550_1205_articulated_truck.jpg,articulated_truck,0,00005550,166,139,644,398,v3_no_ambiguous
/Users/sameerkarur/Documents/Git/Data_science/07_IITK_AIML_Capstone/project1_autonomous_driving/data/part1/crops/00002295_1206_work_van.jpg,work_van,8,00002295,22,49,65,96,v3_no_ambiguous
/Users/sameerkarur/Documents/Git/Data_science/07_IITK_AIML_Capstone/project1_autonomous_driving/data/part1/crops/00000726_1207_car.jpg,car,3,00000726,48,29,118,66,v3_no_ambiguous
/Users/sameerkarur/Documents/Git/Data_science/07_IITK_AIML_Capstone/project1_autonomous_driving/data/part1/crops/00005273_1208_pedestrian.jpg,pedestrian,5,00005273,467,259,497,344,v3_no_ambiguous
/Users/sameerkarur/Documents/Git/Data_science/07_IITK_AIML_Capstone/project1_autonomous_driving/data/part1/crops/00002822_1209_car.jpg,car,3,00002822,650,166,717,256,v3_no_ambiguous
/Users/sameerkarur/Documents/Git/Data_science/07_IITK_AIML_Capstone/project1_autonomous_driving/data/part1/crops/00001752_1210_car.jpg,car,3,00001752,532,233,635,301,v3_no_ambiguous
/Users/sameerkarur/Documents/Git/Data_science/07_IITK_AIML_Capstone/project1_autonomous_driving/data/part1/crops/00000359_1211_motorcycle.jpg,motorcycle,4,00000359,71,161,147,207,v3_no_ambiguous
/Users/sameerkarur/Documents/Git/Data_science/07_IITK_AIML_Capstone/project1_autonomous_driving/data/part1/crops/00001804_1212_bus.jpg,bus,2,00001804,167,79,267,171,v3_no_ambiguous
/Users/sameerkarur/Documents/Git/Data_science/07_IITK_AIML_Capstone/project1_autonomous_driving/data/part1/crops/00000111_1213_car.jpg,car,3,00000111,476,79,519,108,v3_no_ambiguous
/Users/sameerkarur/Documents/Git/Data_science/07_IITK_AIML_Capstone/project1_autonomous_driving/data/part1/crops/00004718_1214_pickup_truck.jpg,pickup_truck,6,00004718,362,93,452,128,v3_no_ambiguous
/Users/sameerkarur/Documents/Git/Data_science/07_IITK_AIML_Capstone/project1_autonomous_driving/data/part1/crops/00000929_1215_work_van.jpg,work_van,8,00000929,567,155,638,184,v3_no_ambiguous
/Users/sameerkarur/Documents/Git/Data_science/07_IITK_AIML_Capstone/project1_autonomous_driving/data/part1/crops/00005653_1216_car.jpg,car,3,00005653,192,0,250,39,v3_no_ambiguous
/Users/sameerkarur/Documents/Git/Data_science/07_IITK_AIML_Capstone/project1_autonomous_driving/data/part1/crops/00004584_1217_pickup_truck.jpg,pickup_truck,6,00004584,203,4,290,28,v3_no_ambiguous
/Users/sameerkarur/Documents/Git/Data_science/07_IITK_AIML_Capstone/project1_autonomous_driving/data/part1/crops/00003976_1218_pickup_truck.jpg,pickup_truck,6,00003976,531,100,578,135,v3_no_ambiguous
/Users/sameerkarur/Documents/Git/Data_science/07_IITK_AIML_Capstone/project1_autonomous_driving/data/part1/crops/00005101_1219_pickup_truck.jpg,pickup_truck,6,00005101,358,36,406,62,v3_no_ambiguous
/Users/sameerkarur/Documents/Git/Data_science/07_IITK_AIML_Capstone/project1_autonomous_driving/data/part1/crops/00001587_1220_work_van.jpg,work_van,8,00001587,490,116,566,177,v3_no_ambiguous
/Users/sameerkarur/Documents/Git/Data_science/07_IITK_AIML_Capstone/project1_autonomous_driving/data/part1/crops/00004762_1221_bus.jpg,bus,2,00004762,397,115,554,209,v3_no_ambiguous
/Users/sameerkarur/Documents/Git/Data_science/07_IITK_AIML_Capstone/project1_autonomous_driving/data/part1/crops/00001586_1222_bus.jpg,bus,2,00001586,411,129,673,257,v3_no_ambiguous
/Users/sameerkarur/Documents/Git/Data_science/07_IITK_AIML_Capstone/project1_autonomous_driving/data/part1/crops/00003149_1223_single_unit_truck.jpg,single_unit_truck,7,00003149,535,4,630,54,v3_no_ambiguous
/Users/sameerkarur/Documents/Git/Data_science/07_IITK_AIML_Capstone/project1_autonomous_driving/data/part1/crops/00004978_1224_pickup_truck.jpg,pickup_truck,6,00004978,2,156,73,224,v3_no_ambiguous
/Users/sameerkarur/Documents/Git/Data_science/07_IITK_AIML_Capstone/project1_autonomous_driving/data/part1/crops/00005101_1225_pickup_truck.jpg,pickup_truck,6,00005101,598,38,654,64,v3_no_ambiguous
/Users/sameerkarur/Documents/Git/Data_science/07_IITK_AIML_Capstone/project1_autonomous_driving/data/part1/crops/00000724_1226_car.jpg,car,3,00000724,580,104,649,136,v3_no_ambiguous
/Users/sameerkarur/Documents/Git/Data_science/07_IITK_AIML_Capstone/project1_autonomous_driving/data/part1/crops/00000085_1227_car.jpg,car,3,00000085,449,204,532,247,v3_no_ambiguous
/Users/sameerkarur/Documents/Git/Data_science/07_IITK_AIML_Capstone/project1_autonomous_driving/data/part1/crops/00001782_1228_pickup_truck.jpg,pickup_truck,6,00001782,286,116,430,190,v3_no_ambiguous
/Users/sameerkarur/Documents/Git/Data_science/07_IITK_AIML_Capstone/project1_autonomous_driving/data/part1/crops/00001254_1229_pickup_truck.jpg,pickup_truck,6,00001254,576,191,714,369,v3_no_ambiguous
/Users/sameerkarur/Documents/Git/Data_science/07_IITK_AIML_Capstone/project1_autonomous_driving/data/part1/crops/00002595_1230_car.jpg,car,3,00002595,601,161,638,202,v3_no_ambiguous
/Users/sameerkarur/Documents/Git/Data_science/07_IITK_AIML_Capstone/project1_autonomous_driving/data/part1/crops/00004643_1231_pickup_truck.jpg,pickup_truck,6,00004643,64,173,241,273,v3_no_ambiguous
/Users/sameerkarur/Documents/Git/Data_science/07_IITK_AIML_Capstone/project1_autonomous_driving/data/part1/crops/00002008_1232_pickup_truck.jpg,pickup_truck,6,00002008,351,81,593,243,v3_no_ambiguous
/Users/sameerkarur/Documents/Git/Data_science/07_IITK_AIML_Capstone/project1_autonomous_driving/data/part1/crops/00003968_1233_car.jpg,car,3,00003968,561,55,627,104,v3_no_ambiguous
/Users/sameerkarur/Documents/Git/Data_science/07_IITK_AIML_Capstone/project1_autonomous_driving/data/part1/crops/00000837_1234_car.jpg,car,3,00000837,537,95,711,243,v3_no_ambiguous
/Users/sameerkarur/Documents/Git/Data_science/07_IITK_AIML_Capstone/project1_autonomous_driving/data/part1/crops/00002722_1235_pickup_truck.jpg,pickup_truck,6,00002722,202,143,252,177,v3_no_ambiguous
/Users/sameerkarur/Documents/Git/Data_science/07_IITK_AIML_Capstone/project1_autonomous_driving/data/part1/crops/00003527_1236_car.jpg,car,3,00003527,136,41,235,95,v3_no_ambiguous
/Users/sameerkarur/Documents/Git/Data_science/07_IITK_AIML_Capstone/project1_autonomous_driving/data/part1/crops/00000710_1237_car.jpg,car,3,00000710,554,157,584,182,v3_no_ambiguous
/Users/sameerkarur/Documents/Git/Data_science/07_IITK_AIML_Capstone/project1_autonomous_driving/data/part1/crops/00004240_1238_car.jpg,car,3,00004240,379,136,446,176,v3_no_ambiguous
/Users/sameerkarur/Documents/Git/Data_science/07_IITK_AIML_Capstone/project1_autonomous_driving/data/part1/crops/00003175_1239_articulated_truck.jpg,articulated_truck,0,00003175,220,162,717,426,v3_no_ambiguous
/Users/sameerkarur/Documents/Git/Data_science/07_IITK_AIML_Capstone/project1_autonomous_driving/data/part1/crops/00005292_1240_car.jpg,car,3,00005292,112,271,194,330,v3_no_ambiguous
/Users/sameerkarur/Documents/Git/Data_science/07_IITK_AIML_Capstone/project1_autonomous_driving/data/part1/crops/00005534_1241_car.jpg,car,3,00005534,206,113,314,167,v3_no_ambiguous
/Users/sameerkarur/Documents/Git/Data_science/07_IITK_AIML_Capstone/project1_autonomous_driving/data/part1/crops/00001807_1242_car.jpg,car,3,00001807,642,67,714,130,v3_no_ambiguous
/Users/sameerkarur/Documents/Git/Data_science/07_IITK_AIML_Capstone/project1_autonomous_driving/data/part1/crops/00002828_1243_pickup_truck.jpg,pickup_truck,6,00002828,198,72,531,269,v3_no_ambiguous
/Users/sameerkarur/Documents/Git/Data_science/07_IITK_AIML_Capstone/project1_autonomous_driving/data/part1/crops/00001720_1244_pickup_truck.jpg,pickup_truck,6,00001720,135,95,284,165,v3_no_ambiguous
/Users/sameerkarur/Documents/Git/Data_science/07_IITK_AIML_Capstone/project1_autonomous_driving/data/part1/crops/00002188_1245_articulated_truck.jpg,articulated_truck,0,00002188,43,92,283,395,v3_no_ambiguous
/Users/sameerkarur/Documents/Git/Data_science/07_IITK_AIML_Capstone/project1_autonomous_driving/data/part1/crops/00004268_1246_car.jpg,car,3,00004268,84,95,169,124,v3_no_ambiguous
/Users/sameerkarur/Documents/Git/Data_science/07_IITK_AIML_Capstone/project1_autonomous_driving/data/part1/crops/00003437_1247_articulated_truck.jpg,articulated_truck,0,00003437,604,90,700,126,v3_no_ambiguous
/Users/sameerkarur/Documents/Git/Data_science/07_IITK_AIML_Capstone/project1_autonomous_driving/data/part1/crops/00001401_1248_car.jpg,car,3,00001401,430,210,516,254,v3_no_ambiguous
/Users/sameerkarur/Documents/Git/Data_science/07_IITK_AIML_Capstone/project1_autonomous_driving/data/part1/crops/00005488_1249_work_van.jpg,work_van,8,00005488,255,90,328,130,v3_no_ambiguous
/Users/sameerkarur/Documents/Git/Data_science/07_IITK_AIML_Capstone/project1_autonomous_driving/data/part1/crops/00004071_1250_work_van.jpg,work_van,8,00004071,366,77,434,129,v3_no_ambiguous
/Users/sameerkarur/Documents/Git/Data_science/07_IITK_AIML_Capstone/project1_autonomous_driving/data/part1/crops/00003141_1251_bus.jpg,bus,2,00003141,0,97,554,336,v3_no_ambiguous
/Users/sameerkarur/Documents/Git/Data_science/07_IITK_AIML_Capstone/project1_autonomous_driving/data/part1/crops/00002365_1252_pickup_truck.jpg,pickup_truck,6,00002365,194,289,386,406,v3_no_ambiguous
/Users/sameerkarur/Documents/Git/Data_science/07_IITK_AIML_Capstone/project1_autonomous_driving/data/part1/crops/00004268_1253_car.jpg,car,3,00004268,421,185,622,270,v3_no_ambiguous
/Users/sameerkarur/Documents/Git/Data_science/07_IITK_AIML_Capstone/project1_autonomous_driving/data/part1/crops/00005177_1254_car.jpg,car,3,00005177,87,110,150,158,v3_no_ambiguous
/Users/sameerkarur/Documents/Git/Data_science/07_IITK_AIML_Capstone/project1_autonomous_driving/data/part1/crops/00004107_1255_car.jpg,car,3,00004107,68,140,177,190,v3_no_ambiguous
/Users/sameerkarur/Documents/Git/Data_science/07_IITK_AIML_Capstone/project1_autonomous_driving/data/part1/crops/00003389_1256_car.jpg,car,3,00003389,148,105,344,206,v3_no_ambiguous
/Users/sameerkarur/Documents/Git/Data_science/07_IITK_AIML_Capstone/project1_autonomous_driving/data/part1/crops/00002393_1257_car.jpg,car,3,00002393,320,159,509,240,v3_no_ambiguous
/Users/sameerkarur/Documents/Git/Data_science/07_IITK_AIML_Capstone/project1_autonomous_driving/data/part1/crops/00002408_1258_single_unit_truck.jpg,single_unit_truck,7,00002408,5,89,133,149,v3_no_ambiguous
/Users/sameerkarur/Documents/Git/Data_science/07_IITK_AIML_Capstone/project1_autonomous_driving/data/part1/crops/00005149_1259_car.jpg,car,3,00005149,612,133,640,158,v3_no_ambiguous
/Users/sameerkarur/Documents/Git/Data_science/07_IITK_AIML_Capstone/project1_autonomous_driving/data/part1/crops/00000475_1260_pickup_truck.jpg,pickup_truck,6,00000475,514,137,625,218,v3_no_ambiguous
/Users/sameerkarur/Documents/Git/Data_science/07_IITK_AIML_Capstone/project1_autonomous_driving/data/part1/crops/00001171_1261_car.jpg,car,3,00001171,224,99,334,156,v3_no_ambiguous
/Users/sameerkarur/Documents/Git/Data_science/07_IITK_AIML_Capstone/project1_autonomous_driving/data/part1/crops/00003424_1262_car.jpg,car,3,00003424,226,221,478,342,v3_no_ambiguous
/Users/sameerkarur/Documents/Git/Data_science/07_IITK_AIML_Capstone/project1_autonomous_driving/data/part1/crops/00000232_1263_bus.jpg,bus,2,00000232,392,14,524,97,v3_no_ambiguous
/Users/sameerkarur/Documents/Git/Data_science/07_IITK_AIML_Capstone/project1_autonomous_driving/data/part1/crops/00004775_1264_bus.jpg,bus,2,00004775,255,92,714,275,v3_no_ambiguous
/Users/sameerkarur/Documents/Git/Data_science/07_IITK_AIML_Capstone/project1_autonomous_driving/data/part1/crops/00000545_1265_articulated_truck.jpg,articulated_truck,0,00000545,247,175,719,431,v3_no_ambiguous
/Users/sameerkarur/Documents/Git/Data_science/07_IITK_AIML_Capstone/project1_autonomous_driving/data/part1/crops/00000368_1266_car.jpg,car,3,00000368,523,163,584,201,v3_no_ambiguous
/Users/sameerkarur/Documents/Git/Data_science/07_IITK_AIML_Capstone/project1_autonomous_driving/data/part1/crops/00002764_1267_pedestrian.jpg,pedestrian,5,00002764,225,234,265,321,v3_no_ambiguous
/Users/sameerkarur/Documents/Git/Data_science/07_IITK_AIML_Capstone/project1_autonomous_driving/data/part1/crops/00001912_1268_car.jpg,car,3,00001912,49,67,101,99,v3_no_ambiguous
/Users/sameerkarur/Documents/Git/Data_science/07_IITK_AIML_Capstone/project1_autonomous_driving/data/part1/crops/00000920_1269_car.jpg,car,3,00000920,455,195,621,290,v3_no_ambiguous
/Users/sameerkarur/Documents/Git/Data_science/07_IITK_AIML_Capstone/project1_autonomous_driving/data/part1/crops/00003310_1270_articulated_truck.jpg,articulated_truck,0,00003310,278,72,304,104,v3_no_ambiguous
/Users/sameerkarur/Documents/Git/Data_science/07_IITK_AIML_Capstone/project1_autonomous_driving/data/part1/crops/00002903_1271_car.jpg,car,3,00002903,121,37,219,98,v3_no_ambiguous
/Users/sameerkarur/Documents/Git/Data_science/07_IITK_AIML_Capstone/project1_autonomous_driving/data/part1/crops/00003447_1272_car.jpg,car,3,00003447,598,161,640,203,v3_no_ambiguous
/Users/sameerkarur/Documents/Git/Data_science/07_IITK_AIML_Capstone/project1_autonomous_driving/data/part1/crops/00003108_1273_pickup_truck.jpg,pickup_truck,6,00003108,352,68,575,178,v3_no_ambiguous
/Users/sameerkarur/Documents/Git/Data_science/07_IITK_AIML_Capstone/project1_autonomous_driving/data/part1/crops/00002895_1274_car.jpg,car,3,00002895,452,154,540,230,v3_no_ambiguous
/Users/sameerkarur/Documents/Git/Data_science/07_IITK_AIML_Capstone/project1_autonomous_driving/data/part1/crops/00003567_1275_articulated_truck.jpg,articulated_truck,0,00003567,412,84,455,127,v3_no_ambiguous
/Users/sameerkarur/Documents/Git/Data_science/07_IITK_AIML_Capstone/project1_autonomous_driving/data/part1/crops/00002171_1276_car.jpg,car,3,00002171,587,259,707,338,v3_no_ambiguous
/Users/sameerkarur/Documents/Git/Data_science/07_IITK_AIML_Capstone/project1_autonomous_driving/data/part1/crops/00005084_1277_car.jpg,car,3,00005084,523,127,715,231,v3_no_ambiguous
/Users/sameerkarur/Documents/Git/Data_science/07_IITK_AIML_Capstone/project1_autonomous_driving/data/part1/crops/00001947_1278_pickup_truck.jpg,pickup_truck,6,00001947,563,178,612,208,v3_no_ambiguous
/Users/sameerkarur/Documents/Git/Data_science/07_IITK_AIML_Capstone/project1_autonomous_driving/data/part1/crops/00003618_1279_bus.jpg,bus,2,00003618,42,74,320,253,v3_no_ambiguous
/Users/sameerkarur/Documents/Git/Data_science/07_IITK_AIML_Capstone/project1_autonomous_driving/data/part1/crops/00000857_1280_pickup_truck.jpg,pickup_truck,6,00000857,88,199,208,275,v3_no_ambiguous
/Users/sameerkarur/Documents/Git/Data_science/07_IITK_AIML_Capstone/project1_autonomous_driving/data/part1/crops/00001058_1281_pickup_truck.jpg,pickup_truck,6,00001058,516,132,704,227,v3_no_ambiguous
/Users/sameerkarur/Documents/Git/Data_science/07_IITK_AIML_Capstone/project1_autonomous_driving/data/part1/crops/00003377_1282_pickup_truck.jpg,pickup_truck,6,00003377,249,39,311,87,v3_no_ambiguous
/Users/sameerkarur/Documents/Git/Data_science/07_IITK_AIML_Capstone/project1_autonomous_driving/data/part1/crops/00000291_1283_car.jpg,car,3,00000291,113,68,163,98,v3_no_ambiguous
/Users/sameerkarur/Documents/Git/Data_science/07_IITK_AIML_Capstone/project1_autonomous_driving/data/part1/crops/00004772_1284_articulated_truck.jpg,articulated_truck,0,00004772,448,23,528,84,v3_no_ambiguous
/Users/sameerkarur/Documents/Git/Data_science/07_IITK_AIML_Capstone/project1_autonomous_driving/data/part1/crops/00001932_1285_car.jpg,car,3,00001932,277,270,432,385,v3_no_ambiguous
/Users/sameerkarur/Documents/Git/Data_science/07_IITK_AIML_Capstone/project1_autonomous_driving/data/part1/crops/00001683_1286_bus.jpg,bus,2,00001683,409,132,654,249,v3_no_ambiguous
/Users/sameerkarur/Documents/Git/Data_science/07_IITK_AIML_Capstone/project1_autonomous_driving/data/part1/crops/00001791_1287_motorcycle.jpg,motorcycle,4,00001791,364,46,453,95,v3_no_ambiguous
/Users/sameerkarur/Documents/Git/Data_science/07_IITK_AIML_Capstone/project1_autonomous_driving/data/part1/crops/00004846_1288_bicycle.jpg,bicycle,1,00004846,543,41,617,109,v3_no_ambiguous
/Users/sameerkarur/Documents/Git/Data_science/07_IITK_AIML_Capstone/project1_autonomous_driving/data/part1/crops/00000221_1289_pedestrian.jpg,pedestrian,5,00000221,27,260,51,310,v3_no_ambiguous
/Users/sameerkarur/Documents/Git/Data_science/07_IITK_AIML_Capstone/project1_autonomous_driving/data/part1/crops/00001703_1290_work_van.jpg,work_van,8,00001703,95,179,300,287,v3_no_ambiguous
/Users/sameerkarur/Documents/Git/Data_science/07_IITK_AIML_Capstone/project1_autonomous_driving/data/part1/crops/00005170_1291_car.jpg,car,3,00005170,610,169,651,216,v3_no_ambiguous
/Users/sameerkarur/Documents/Git/Data_science/07_IITK_AIML_Capstone/project1_autonomous_driving/data/part1/crops/00004592_1292_bus.jpg,bus,2,00004592,236,118,717,377,v3_no_ambiguous
/Users/sameerkarur/Documents/Git/Data_science/07_IITK_AIML_Capstone/project1_autonomous_driving/data/part1/crops/00003019_1293_single_unit_truck.jpg,single_unit_truck,7,00003019,147,69,362,163,v3_no_ambiguous
/Users/sameerkarur/Documents/Git/Data_science/07_IITK_AIML_Capstone/project1_autonomous_driving/data/part1/crops/00000298_1294_car.jpg,car,3,00000298,346,337,533,479,v3_no_ambiguous
/Users/sameerkarur/Documents/Git/Data_science/07_IITK_AIML_Capstone/project1_autonomous_driving/data/part1/crops/00005171_1295_pickup_truck.jpg,pickup_truck,6,00005171,133,187,237,244,v3_no_ambiguous
/Users/sameerkarur/Documents/Git/Data_science/07_IITK_AIML_Capstone/project1_autonomous_driving/data/part1/crops/00002754_1296_single_unit_truck.jpg,single_unit_truck,7,00002754,0,96,65,135,v3_no_ambiguous
/Users/sameerkarur/Documents/Git/Data_science/07_IITK_AIML_Capstone/project1_autonomous_driving/data/part1/crops/00004436_1297_pickup_truck.jpg,pickup_truck,6,00004436,449,277,707,410,v3_no_ambiguous
/Users/sameerkarur/Documents/Git/Data_science/07_IITK_AIML_Capstone/project1_autonomous_driving/data/part1/crops/00000261_1298_pickup_truck.jpg,pickup_truck,6,00000261,563,155,629,181,v3_no_ambiguous
/Users/sameerkarur/Documents/Git/Data_science/07_IITK_AIML_Capstone/project1_autonomous_driving/data/part1/crops/00002685_1299_work_van.jpg,work_van,8,00002685,67,110,146,185,v3_no_ambiguous
/Users/sameerkarur/Documents/Git/Data_science/07_IITK_AIML_Capstone/project1_autonomous_driving/data/part1/crops/00005309_1300_car.jpg,car,3,00005309,580,17,643,52,v3_no_ambiguous
/Users/sameerkarur/Documents/Git/Data_science/07_IITK_AIML_Capstone/project1_autonomous_driving/data/part1/crops/00005264_1301_work_van.jpg,work_van,8,00005264,82,223,389,414,v3_no_ambiguous
/Users/sameerkarur/Documents/Git/Data_science/07_IITK_AIML_Capstone/project1_autonomous_driving/data/part1/crops/00005347_1302_pickup_truck.jpg,pickup_truck,6,00005347,95,74,170,121,v3_no_ambiguous
/Users/sameerkarur/Documents/Git/Data_science/07_IITK_AIML_Capstone/project1_autonomous_driving/data/part1/crops/00003650_1303_work_van.jpg,work_van,8,00003650,642,64,716,133,v3_no_ambiguous
/Users/sameerkarur/Documents/Git/Data_science/07_IITK_AIML_Capstone/project1_autonomous_driving/data/part1/crops/00002925_1304_car.jpg,car,3,00002925,343,220,618,479,v3_no_ambiguous
/Users/sameerkarur/Documents/Git/Data_science/07_IITK_AIML_Capstone/project1_autonomous_driving/data/part1/crops/00000207_1305_car.jpg,car,3,00000207,619,167,672,203,v3_no_ambiguous
/Users/sameerkarur/Documents/Git/Data_science/07_IITK_AIML_Capstone/project1_autonomous_driving/data/part1/crops/00000352_1306_car.jpg,car,3,00000352,217,77,282,113,v3_no_ambiguous
/Users/sameerkarur/Documents/Git/Data_science/07_IITK_AIML_Capstone/project1_autonomous_driving/data/part1/crops/00002485_1307_bus.jpg,bus,2,00002485,138,3,591,386,v3_no_ambiguous
/Users/sameerkarur/Documents/Git/Data_science/07_IITK_AIML_Capstone/project1_autonomous_driving/data/part1/crops/00004918_1308_articulated_truck.jpg,articulated_truck,0,00004918,461,16,653,112,v3_no_ambiguous
/Users/sameerkarur/Documents/Git/Data_science/07_IITK_AIML_Capstone/project1_autonomous_driving/data/part1/crops/00003691_1309_car.jpg,car,3,00003691,1,235,205,352,v3_no_ambiguous
/Users/sameerkarur/Documents/Git/Data_science/07_IITK_AIML_Capstone/project1_autonomous_driving/data/part1/crops/00002604_1310_pickup_truck.jpg,pickup_truck,6,00002604,358,116,406,145,v3_no_ambiguous
/Users/sameerkarur/Documents/Git/Data_science/07_IITK_AIML_Capstone/project1_autonomous_driving/data/part1/crops/00005321_1311_car.jpg,car,3,00005321,612,133,641,160,v3_no_ambiguous
/Users/sameerkarur/Documents/Git/Data_science/07_IITK_AIML_Capstone/project1_autonomous_driving/data/part1/crops/00004663_1312_car.jpg,car,3,00004663,603,312,696,375,v3_no_ambiguous
/Users/sameerkarur/Documents/Git/Data_science/07_IITK_AIML_Capstone/project1_autonomous_driving/data/part1/crops/00003405_1313_single_unit_truck.jpg,single_unit_truck,7,00003405,648,124,713,220,v3_no_ambiguous
/Users/sameerkarur/Documents/Git/Data_science/07_IITK_AIML_Capstone/project1_autonomous_driving/data/part1/crops/00003621_1314_car.jpg,car,3,00003621,127,103,218,138,v3_no_ambiguous
/Users/sameerkarur/Documents/Git/Data_science/07_IITK_AIML_Capstone/project1_autonomous_driving/data/part1/crops/00000310_1315_bus.jpg,bus,2,00000310,1,272,587,478,v3_no_ambiguous
/Users/sameerkarur/Documents/Git/Data_science/07_IITK_AIML_Capstone/project1_autonomous_driving/data/part1/crops/00002123_1316_pickup_truck.jpg,pickup_truck,6,00002123,35,80,73,117,v3_no_ambiguous
/Users/sameerkarur/Documents/Git/Data_science/07_IITK_AIML_Capstone/project1_autonomous_driving/data/part1/crops/00003804_1317_bus.jpg,bus,2,00003804,3,128,588,333,v3_no_ambiguous
/Users/sameerkarur/Documents/Git/Data_science/07_IITK_AIML_Capstone/project1_autonomous_driving/data/part1/crops/00004257_1318_car.jpg,car,3,00004257,295,94,474,163,v3_no_ambiguous
/Users/sameerkarur/Documents/Git/Data_science/07_IITK_AIML_Capstone/project1_autonomous_driving/data/part1/crops/00003539_1319_bicycle.jpg,bicycle,1,00003539,316,340,344,398,v3_no_ambiguous
/Users/sameerkarur/Documents/Git/Data_science/07_IITK_AIML_Capstone/project1_autonomous_driving/data/part1/crops/00005636_1320_bus.jpg,bus,2,00005636,259,20,540,74,v3_no_ambiguous
/Users/sameerkarur/Documents/Git/Data_science/07_IITK_AIML_Capstone/project1_autonomous_driving/data/part1/crops/00003813_1321_pedestrian.jpg,pedestrian,5,00003813,68,211,119,281,v3_no_ambiguous
/Users/sameerkarur/Documents/Git/Data_science/07_IITK_AIML_Capstone/project1_autonomous_driving/data/part1/crops/00003665_1322_car.jpg,car,3,00003665,478,148,520,172,v3_no_ambiguous
/Users/sameerkarur/Documents/Git/Data_science/07_IITK_AIML_Capstone/project1_autonomous_driving/data/part1/crops/00003447_1323_car.jpg,car,3,00003447,328,185,423,234,v3_no_ambiguous
/Users/sameerkarur/Documents/Git/Data_science/07_IITK_AIML_Capstone/project1_autonomous_driving/data/part1/crops/00000776_1324_pickup_truck.jpg,pickup_truck,6,00000776,386,170,563,260,v3_no_ambiguous
/Users/sameerkarur/Documents/Git/Data_science/07_IITK_AIML_Capstone/project1_autonomous_driving/data/part1/crops/00002384_1325_single_unit_truck.jpg,single_unit_truck,7,00002384,148,27,215,75,v3_no_ambiguous
/Users/sameerkarur/Documents/Git/Data_science/07_IITK_AIML_Capstone/project1_autonomous_driving/data/part1/crops/00004582_1326_pickup_truck.jpg,pickup_truck,6,00004582,575,225,710,432,v3_no_ambiguous
/Users/sameerkarur/Documents/Git/Data_science/07_IITK_AIML_Capstone/project1_autonomous_driving/data/part1/crops/00005653_1327_car.jpg,car,3,00005653,212,228,499,368,v3_no_ambiguous
/Users/sameerkarur/Documents/Git/Data_science/07_IITK_AIML_Capstone/project1_autonomous_driving/data/part1/crops/00003016_1328_car.jpg,car,3,00003016,315,201,413,316,v3_no_ambiguous
/Users/sameerkarur/Documents/Git/Data_science/07_IITK_AIML_Capstone/project1_autonomous_driving/data/part1/crops/00005002_1329_articulated_truck.jpg,articulated_truck,0,00005002,377,97,597,180,v3_no_ambiguous
/Users/sameerkarur/Documents/Git/Data_science/07_IITK_AIML_Capstone/project1_autonomous_driving/data/part1/crops/00002558_1330_car.jpg,car,3,00002558,114,36,216,92,v3_no_ambiguous
/Users/sameerkarur/Documents/Git/Data_science/07_IITK_AIML_Capstone/project1_autonomous_driving/data/part1/crops/00003956_1331_bus.jpg,bus,2,00003956,343,65,559,221,v3_no_ambiguous
/Users/sameerkarur/Documents/Git/Data_science/07_IITK_AIML_Capstone/project1_autonomous_driving/data/part1/crops/00004844_1332_car.jpg,car,3,00004844,297,112,367,142,v3_no_ambiguous
/Users/sameerkarur/Documents/Git/Data_science/07_IITK_AIML_Capstone/project1_autonomous_driving/data/part1/crops/00000530_1333_car.jpg,car,3,00000530,190,98,317,152,v3_no_ambiguous
/Users/sameerkarur/Documents/Git/Data_science/07_IITK_AIML_Capstone/project1_autonomous_driving/data/part1/crops/00001405_1334_pedestrian.jpg,pedestrian,5,00001405,91,288,123,348,v3_no_ambiguous
/Users/sameerkarur/Documents/Git/Data_science/07_IITK_AIML_Capstone/project1_autonomous_driving/data/part1/crops/00003160_1335_car.jpg,car,3,00003160,198,16,282,51,v3_no_ambiguous
/Users/sameerkarur/Documents/Git/Data_science/07_IITK_AIML_Capstone/project1_autonomous_driving/data/part1/crops/00004477_1336_pickup_truck.jpg,pickup_truck,6,00004477,101,136,286,227,v3_no_ambiguous
/Users/sameerkarur/Documents/Git/Data_science/07_IITK_AIML_Capstone/project1_autonomous_driving/data/part1/crops/00002716_1337_work_van.jpg,work_van,8,00002716,75,43,112,69,v3_no_ambiguous
/Users/sameerkarur/Documents/Git/Data_science/07_IITK_AIML_Capstone/project1_autonomous_driving/data/part1/crops/00000657_1338_articulated_truck.jpg,articulated_truck,0,00000657,386,80,475,136,v3_no_ambiguous
/Users/sameerkarur/Documents/Git/Data_science/07_IITK_AIML_Capstone/project1_autonomous_driving/data/part1/crops/00004638_1339_single_unit_truck.jpg,single_unit_truck,7,00004638,80,144,176,214,v3_no_ambiguous
/Users/sameerkarur/Documents/Git/Data_science/07_IITK_AIML_Capstone/project1_autonomous_driving/data/part1/crops/00000060_1340_car.jpg,car,3,00000060,162,198,391,326,v3_no_ambiguous
/Users/sameerkarur/Documents/Git/Data_science/07_IITK_AIML_Capstone/project1_autonomous_driving/data/part1/crops/00001224_1341_pickup_truck.jpg,pickup_truck,6,00001224,63,97,109,131,v3_no_ambiguous
/Users/sameerkarur/Documents/Git/Data_science/07_IITK_AIML_Capstone/project1_autonomous_driving/data/part1/crops/00001851_1342_car.jpg,car,3,00001851,390,198,453,240,v3_no_ambiguous
/Users/sameerkarur/Documents/Git/Data_science/07_IITK_AIML_Capstone/project1_autonomous_driving/data/part1/crops/00000890_1343_single_unit_truck.jpg,single_unit_truck,7,00000890,462,4,536,32,v3_no_ambiguous
/Users/sameerkarur/Documents/Git/Data_science/07_IITK_AIML_Capstone/project1_autonomous_driving/data/part1/crops/00002670_1344_pickup_truck.jpg,pickup_truck,6,00002670,325,152,545,246,v3_no_ambiguous
/Users/sameerkarur/Documents/Git/Data_science/07_IITK_AIML_Capstone/project1_autonomous_driving/data/part1/crops/00004363_1345_pickup_truck.jpg,pickup_truck,6,00004363,86,98,163,155,v3_no_ambiguous
/Users/sameerkarur/Documents/Git/Data_science/07_IITK_AIML_Capstone/project1_autonomous_driving/data/part1/crops/00003155_1346_pickup_truck.jpg,pickup_truck,6,00003155,506,99,716,251,v3_no_ambiguous
/Users/sameerkarur/Documents/Git/Data_science/07_IITK_AIML_Capstone/project1_autonomous_driving/data/part1/crops/00005415_1347_car.jpg,car,3,00005415,469,224,573,285,v3_no_ambiguous
/Users/sameerkarur/Documents/Git/Data_science/07_IITK_AIML_Capstone/project1_autonomous_driving/data/part1/crops/00004974_1348_single_unit_truck.jpg,single_unit_truck,7,00004974,589,87,656,120,v3_no_ambiguous
/Users/sameerkarur/Documents/Git/Data_science/07_IITK_AIML_Capstone/project1_autonomous_driving/data/part1/crops/00003975_1349_work_van.jpg,work_van,8,00003975,291,78,337,123,v3_no_ambiguous
/Users/sameerkarur/Documents/Git/Data_science/07_IITK_AIML_Capstone/project1_autonomous_driving/data/part1/crops/00005626_1350_bus.jpg,bus,2,00005626,64,142,576,467,v3_no_ambiguous
/Users/sameerkarur/Documents/Git/Data_science/07_IITK_AIML_Capstone/project1_autonomous_driving/data/part1/crops/00001610_1351_bus.jpg,bus,2,00001610,426,138,715,282,v3_no_ambiguous
/Users/sameerkarur/Documents/Git/Data_science/07_IITK_AIML_Capstone/project1_autonomous_driving/data/part1/crops/00004682_1352_car.jpg,car,3,00004682,363,88,494,132,v3_no_ambiguous
/Users/sameerkarur/Documents/Git/Data_science/07_IITK_AIML_Capstone/project1_autonomous_driving/data/part1/crops/00002257_1353_bicycle.jpg,bicycle,1,00002257,521,276,552,355,v3_no_ambiguous
/Users/sameerkarur/Documents/Git/Data_science/07_IITK_AIML_Capstone/project1_autonomous_driving/data/part1/crops/00001476_1354_car.jpg,car,3,00001476,582,144,652,169,v3_no_ambiguous
/Users/sameerkarur/Documents/Git/Data_science/07_IITK_AIML_Capstone/project1_autonomous_driving/data/part1/crops/00000261_1355_bus.jpg,bus,2,00000261,256,80,313,122,v3_no_ambiguous
/Users/sameerkarur/Documents/Git/Data_science/07_IITK_AIML_Capstone/project1_autonomous_driving/data/part1/crops/00000931_1356_articulated_truck.jpg,articulated_truck,0,00000931,0,33,153,89,v3_no_ambiguous
/Users/sameerkarur/Documents/Git/Data_science/07_IITK_AIML_Capstone/project1_autonomous_driving/data/part1/crops/00003080_1357_car.jpg,car,3,00003080,99,85,181,120,v3_no_ambiguous
/Users/sameerkarur/Documents/Git/Data_science/07_IITK_AIML_Capstone/project1_autonomous_driving/data/part1/crops/00004643_1358_pickup_truck.jpg,pickup_truck,6,00004643,453,182,668,272,v3_no_ambiguous
/Users/sameerkarur/Documents/Git/Data_science/07_IITK_AIML_Capstone/project1_autonomous_driving/data/part1/crops/00003332_1359_pickup_truck.jpg,pickup_truck,6,00003332,125,277,249,362,v3_no_ambiguous
/Users/sameerkarur/Documents/Git/Data_science/07_IITK_AIML_Capstone/project1_autonomous_driving/data/part1/crops/00000725_1360_car.jpg,car,3,00000725,38,314,187,433,v3_no_ambiguous
/Users/sameerkarur/Documents/Git/Data_science/07_IITK_AIML_Capstone/project1_autonomous_driving/data/part1/crops/00000827_1361_bus.jpg,bus,2,00000827,2,155,371,477,v3_no_ambiguous
/Users/sameerkarur/Documents/Git/Data_science/07_IITK_AIML_Capstone/project1_autonomous_driving/data/part1/crops/00004150_1362_pedestrian.jpg,pedestrian,5,00004150,565,148,610,224,v3_no_ambiguous
/Users/sameerkarur/Documents/Git/Data_science/07_IITK_AIML_Capstone/project1_autonomous_driving/data/part1/crops/00002764_1363_pedestrian.jpg,pedestrian,5,00002764,256,224,302,318,v3_no_ambiguous
/Users/sameerkarur/Documents/Git/Data_science/07_IITK_AIML_Capstone/project1_autonomous_driving/data/part1/crops/00001886_1364_bus.jpg,bus,2,00001886,564,286,712,477,v3_no_ambiguous
/Users/sameerkarur/Documents/Git/Data_science/07_IITK_AIML_Capstone/project1_autonomous_driving/data/part1/crops/00003639_1365_pickup_truck.jpg,pickup_truck,6,00003639,92,125,267,199,v3_no_ambiguous
/Users/sameerkarur/Documents/Git/Data_science/07_IITK_AIML_Capstone/project1_autonomous_driving/data/part1/crops/00000315_1366_car.jpg,car,3,00000315,199,95,272,126,v3_no_ambiguous
/Users/sameerkarur/Documents/Git/Data_science/07_IITK_AIML_Capstone/project1_autonomous_driving/data/part1/crops/00005469_1367_single_unit_truck.jpg,single_unit_truck,7,00005469,229,15,317,61,v3_no_ambiguous
/Users/sameerkarur/Documents/Git/Data_science/07_IITK_AIML_Capstone/project1_autonomous_driving/data/part1/crops/00000130_1368_pickup_truck.jpg,pickup_truck,6,00000130,61,95,110,135,v3_no_ambiguous
/Users/sameerkarur/Documents/Git/Data_science/07_IITK_AIML_Capstone/project1_autonomous_driving/data/part1/crops/00003593_1369_pickup_truck.jpg,pickup_truck,6,00003593,236,50,334,94,v3_no_ambiguous
/Users/sameerkarur/Documents/Git/Data_science/07_IITK_AIML_Capstone/project1_autonomous_driving/data/part1/crops/00001148_1370_car.jpg,car,3,00001148,381,195,482,238,v3_no_ambiguous
/Users/sameerkarur/Documents/Git/Data_science/07_IITK_AIML_Capstone/project1_autonomous_driving/data/part1/crops/00005088_1371_work_van.jpg,work_van,8,00005088,26,49,105,124,v3_no_ambiguous
/Users/sameerkarur/Documents/Git/Data_science/07_IITK_AIML_Capstone/project1_autonomous_driving/data/part1/crops/00001991_1372_car.jpg,car,3,00001991,202,163,336,257,v3_no_ambiguous
/Users/sameerkarur/Documents/Git/Data_science/07_IITK_AIML_Capstone/project1_autonomous_driving/data/part1/crops/00003042_1373_motorcycle.jpg,motorcycle,4,00003042,88,337,144,402,v3_no_ambiguous
/Users/sameerkarur/Documents/Git/Data_science/07_IITK_AIML_Capstone/project1_autonomous_driving/data/part1/crops/00001395_1374_work_van.jpg,work_van,8,00001395,0,193,164,329,v3_no_ambiguous
/Users/sameerkarur/Documents/Git/Data_science/07_IITK_AIML_Capstone/project1_autonomous_driving/data/part1/crops/00002531_1375_pickup_truck.jpg,pickup_truck,6,00002531,59,165,304,277,v3_no_ambiguous
/Users/sameerkarur/Documents/Git/Data_science/07_IITK_AIML_Capstone/project1_autonomous_driving/data/part1/crops/00005273_1376_work_van.jpg,work_van,8,00005273,396,13,534,73,v3_no_ambiguous
/Users/sameerkarur/Documents/Git/Data_science/07_IITK_AIML_Capstone/project1_autonomous_driving/data/part1/crops/00004291_1377_single_unit_truck.jpg,single_unit_truck,7,00004291,503,207,705,357,v3_no_ambiguous
/Users/sameerkarur/Documents/Git/Data_science/07_IITK_AIML_Capstone/project1_autonomous_driving/data/part1/crops/00004378_1378_pickup_truck.jpg,pickup_truck,6,00004378,172,108,206,133,v3_no_ambiguous
/Users/sameerkarur/Documents/Git/Data_science/07_IITK_AIML_Capstone/project1_autonomous_driving/data/part1/crops/00003173_1379_bicycle.jpg,bicycle,1,00003173,252,151,292,201,v3_no_ambiguous
/Users/sameerkarur/Documents/Git/Data_science/07_IITK_AIML_Capstone/project1_autonomous_driving/data/part1/crops/00000841_1380_bus.jpg,bus,2,00000841,0,151,123,242,v3_no_ambiguous
/Users/sameerkarur/Documents/Git/Data_science/07_IITK_AIML_Capstone/project1_autonomous_driving/data/part1/crops/00003996_1381_car.jpg,car,3,00003996,444,321,627,417,v3_no_ambiguous
/Users/sameerkarur/Documents/Git/Data_science/07_IITK_AIML_Capstone/project1_autonomous_driving/data/part1/crops/00002811_1382_bus.jpg,bus,2,00002811,292,161,713,385,v3_no_ambiguous
/Users/sameerkarur/Documents/Git/Data_science/07_IITK_AIML_Capstone/project1_autonomous_driving/data/part1/crops/00003355_1383_pickup_truck.jpg,pickup_truck,6,00003355,1,88,101,141,v3_no_ambiguous
/Users/sameerkarur/Documents/Git/Data_science/07_IITK_AIML_Capstone/project1_autonomous_driving/data/part1/crops/00000516_1384_bus.jpg,bus,2,00000516,170,34,335,119,v3_no_ambiguous
/Users/sameerkarur/Documents/Git/Data_science/07_IITK_AIML_Capstone/project1_autonomous_driving/data/part1/crops/00002831_1385_work_van.jpg,work_van,8,00002831,539,134,710,287,v3_no_ambiguous
/Users/sameerkarur/Documents/Git/Data_science/07_IITK_AIML_Capstone/project1_autonomous_driving/data/part1/crops/00000118_1386_pedestrian.jpg,pedestrian,5,00000118,544,185,580,305,v3_no_ambiguous
/Users/sameerkarur/Documents/Git/Data_science/07_IITK_AIML_Capstone/project1_autonomous_driving/data/part1/crops/00003953_1387_work_van.jpg,work_van,8,00003953,101,134,318,242,v3_no_ambiguous
/Users/sameerkarur/Documents/Git/Data_science/07_IITK_AIML_Capstone/project1_autonomous_driving/data/part1/crops/00005393_1388_car.jpg,car,3,00005393,177,110,259,153,v3_no_ambiguous
/Users/sameerkarur/Documents/Git/Data_science/07_IITK_AIML_Capstone/project1_autonomous_driving/data/part1/crops/00004119_1389_car.jpg,car,3,00004119,607,168,650,212,v3_no_ambiguous
/Users/sameerkarur/Documents/Git/Data_science/07_IITK_AIML_Capstone/project1_autonomous_driving/data/part1/crops/00002212_1390_bus.jpg,bus,2,00002212,119,83,435,280,v3_no_ambiguous
/Users/sameerkarur/Documents/Git/Data_science/07_IITK_AIML_Capstone/project1_autonomous_driving/data/part1/crops/00002501_1391_bus.jpg,bus,2,00002501,380,83,442,115,v3_no_ambiguous
/Users/sameerkarur/Documents/Git/Data_science/07_IITK_AIML_Capstone/project1_autonomous_driving/data/part1/crops/00000704_1392_pedestrian.jpg,pedestrian,5,00000704,13,401,96,465,v3_no_ambiguous
/Users/sameerkarur/Documents/Git/Data_science/07_IITK_AIML_Capstone/project1_autonomous_driving/data/part1/crops/00002032_1393_car.jpg,car,3,00002032,255,146,342,199,v3_no_ambiguous
/Users/sameerkarur/Documents/Git/Data_science/07_IITK_AIML_Capstone/project1_autonomous_driving/data/part1/crops/00000503_1394_pickup_truck.jpg,pickup_truck,6,00000503,563,176,645,224,v3_no_ambiguous
/Users/sameerkarur/Documents/Git/Data_science/07_IITK_AIML_Capstone/project1_autonomous_driving/data/part1/crops/00005039_1395_bicycle.jpg,bicycle,1,00005039,491,78,530,114,v3_no_ambiguous
/Users/sameerkarur/Documents/Git/Data_science/07_IITK_AIML_Capstone/project1_autonomous_driving/data/part1/crops/00004859_1396_car.jpg,car,3,00004859,281,116,455,179,v3_no_ambiguous
/Users/sameerkarur/Documents/Git/Data_science/07_IITK_AIML_Capstone/project1_autonomous_driving/data/part1/crops/00002786_1397_single_unit_truck.jpg,single_unit_truck,7,00002786,435,279,638,401,v3_no_ambiguous
/Users/sameerkarur/Documents/Git/Data_science/07_IITK_AIML_Capstone/project1_autonomous_driving/data/part1/crops/00002241_1398_car.jpg,car,3,00002241,547,239,654,306,v3_no_ambiguous
/Users/sameerkarur/Documents/Git/Data_science/07_IITK_AIML_Capstone/project1_autonomous_driving/data/part1/crops/00000043_1399_work_van.jpg,work_van,8,00000043,291,22,357,56,v3_no_ambiguous
/Users/sameerkarur/Documents/Git/Data_science/07_IITK_AIML_Capstone/project1_autonomous_driving/data/part1/crops/00005120_1400_pickup_truck.jpg,pickup_truck,6,00005120,295,149,524,256,v3_no_ambiguous
/Users/sameerkarur/Documents/Git/Data_science/07_IITK_AIML_Capstone/project1_autonomous_driving/data/part1/crops/00000860_1401_pickup_truck.jpg,pickup_truck,6,00000860,162,152,445,275,v3_no_ambiguous
/Users/sameerkarur/Documents/Git/Data_science/07_IITK_AIML_Capstone/project1_autonomous_driving/data/part1/crops/00001474_1402_bus.jpg,bus,2,00001474,1,140,674,478,v3_no_ambiguous
/Users/sameerkarur/Documents/Git/Data_science/07_IITK_AIML_Capstone/project1_autonomous_driving/data/part1/crops/00000501_1403_car.jpg,car,3,00000501,400,194,480,246,v3_no_ambiguous
/Users/sameerkarur/Documents/Git/Data_science/07_IITK_AIML_Capstone/project1_autonomous_driving/data/part1/crops/00003064_1404_car.jpg,car,3,00003064,485,194,701,311,v3_no_ambiguous
/Users/sameerkarur/Documents/Git/Data_science/07_IITK_AIML_Capstone/project1_autonomous_driving/data/part1/crops/00001281_1405_single_unit_truck.jpg,single_unit_truck,7,00001281,476,118,538,180,v3_no_ambiguous
/Users/sameerkarur/Documents/Git/Data_science/07_IITK_AIML_Capstone/project1_autonomous_driving/data/part1/crops/00002350_1406_bus.jpg,bus,2,00002350,0,159,565,479,v3_no_ambiguous
/Users/sameerkarur/Documents/Git/Data_science/07_IITK_AIML_Capstone/project1_autonomous_driving/data/part1/crops/00000444_1407_pickup_truck.jpg,pickup_truck,6,00000444,60,95,109,130,v3_no_ambiguous
/Users/sameerkarur/Documents/Git/Data_science/07_IITK_AIML_Capstone/project1_autonomous_driving/data/part1/crops/00000592_1408_articulated_truck.jpg,articulated_truck,0,00000592,76,129,322,272,v3_no_ambiguous
/Users/sameerkarur/Documents/Git/Data_science/07_IITK_AIML_Capstone/project1_autonomous_driving/data/part1/crops/00002407_1409_car.jpg,car,3,00002407,378,181,468,211,v3_no_ambiguous
/Users/sameerkarur/Documents/Git/Data_science/07_IITK_AIML_Capstone/project1_autonomous_driving/data/part1/crops/00000561_1410_bus.jpg,bus,2,00000561,207,42,459,226,v3_no_ambiguous
/Users/sameerkarur/Documents/Git/Data_science/07_IITK_AIML_Capstone/project1_autonomous_driving/data/part1/crops/00003643_1411_car.jpg,car,3,00003643,536,225,698,322,v3_no_ambiguous
/Users/sameerkarur/Documents/Git/Data_science/07_IITK_AIML_Capstone/project1_autonomous_driving/data/part1/crops/00000334_1412_car.jpg,car,3,00000334,294,137,327,166,v3_no_ambiguous
/Users/sameerkarur/Documents/Git/Data_science/07_IITK_AIML_Capstone/project1_autonomous_driving/data/part1/crops/00004308_1413_bus.jpg,bus,2,00004308,64,104,687,294,v3_no_ambiguous
/Users/sameerkarur/Documents/Git/Data_science/07_IITK_AIML_Capstone/project1_autonomous_driving/data/part1/crops/00000030_1414_car.jpg,car,3,00000030,398,111,606,259,v3_no_ambiguous
/Users/sameerkarur/Documents/Git/Data_science/07_IITK_AIML_Capstone/project1_autonomous_driving/data/part1/crops/00004330_1415_pickup_truck.jpg,pickup_truck,6,00004330,563,160,621,187,v3_no_ambiguous
/Users/sameerkarur/Documents/Git/Data_science/07_IITK_AIML_Capstone/project1_autonomous_driving/data/part1/crops/00001656_1416_pickup_truck.jpg,pickup_truck,6,00001656,113,42,242,106,v3_no_ambiguous
/Users/sameerkarur/Documents/Git/Data_science/07_IITK_AIML_Capstone/project1_autonomous_driving/data/part1/crops/00001204_1417_pedestrian.jpg,pedestrian,5,00001204,182,388,280,466,v3_no_ambiguous
/Users/sameerkarur/Documents/Git/Data_science/07_IITK_AIML_Capstone/project1_autonomous_driving/data/part1/crops/00005078_1418_motorcycle.jpg,motorcycle,4,00005078,537,77,604,134,v3_no_ambiguous
/Users/sameerkarur/Documents/Git/Data_science/07_IITK_AIML_Capstone/project1_autonomous_driving/data/part1/crops/00003099_1419_pickup_truck.jpg,pickup_truck,6,00003099,564,163,628,193,v3_no_ambiguous
/Users/sameerkarur/Documents/Git/Data_science/07_IITK_AIML_Capstone/project1_autonomous_driving/data/part1/crops/00001745_1420_single_unit_truck.jpg,single_unit_truck,7,00001745,64,105,132,155,v3_no_ambiguous
/Users/sameerkarur/Documents/Git/Data_science/07_IITK_AIML_Capstone/project1_autonomous_driving/data/part1/crops/00004383_1421_pickup_truck.jpg,pickup_truck,6,00004383,448,175,709,364,v3_no_ambiguous
/Users/sameerkarur/Documents/Git/Data_science/07_IITK_AIML_Capstone/project1_autonomous_driving/data/part1/crops/00000843_1422_car.jpg,car,3,00000843,681,34,715,62,v3_no_ambiguous
/Users/sameerkarur/Documents/Git/Data_science/07_IITK_AIML_Capstone/project1_autonomous_driving/data/part1/crops/00004921_1423_single_unit_truck.jpg,single_unit_truck,7,00004921,0,90,89,155,v3_no_ambiguous
/Users/sameerkarur/Documents/Git/Data_science/07_IITK_AIML_Capstone/project1_autonomous_driving/data/part1/crops/00000551_1424_work_van.jpg,work_van,8,00000551,567,166,714,320,v3_no_ambiguous
/Users/sameerkarur/Documents/Git/Data_science/07_IITK_AIML_Capstone/project1_autonomous_driving/data/part1/crops/00000607_1425_pickup_truck.jpg,pickup_truck,6,00000607,614,156,657,180,v3_no_ambiguous
/Users/sameerkarur/Documents/Git/Data_science/07_IITK_AIML_Capstone/project1_autonomous_driving/data/part1/crops/00002029_1426_car.jpg,car,3,00002029,351,204,566,369,v3_no_ambiguous
/Users/sameerkarur/Documents/Git/Data_science/07_IITK_AIML_Capstone/project1_autonomous_driving/data/part1/crops/00001657_1427_car.jpg,car,3,00001657,162,89,281,173,v3_no_ambiguous
/Users/sameerkarur/Documents/Git/Data_science/07_IITK_AIML_Capstone/project1_autonomous_driving/data/part1/crops/00003793_1428_pickup_truck.jpg,pickup_truck,6,00003793,69,74,229,171,v3_no_ambiguous
/Users/sameerkarur/Documents/Git/Data_science/07_IITK_AIML_Capstone/project1_autonomous_driving/data/part1/crops/00000234_1429_pickup_truck.jpg,pickup_truck,6,00000234,132,189,369,334,v3_no_ambiguous
/Users/sameerkarur/Documents/Git/Data_science/07_IITK_AIML_Capstone/project1_autonomous_driving/data/part1/crops/00003487_1430_car.jpg,car,3,00003487,75,44,116,71,v3_no_ambiguous
/Users/sameerkarur/Documents/Git/Data_science/07_IITK_AIML_Capstone/project1_autonomous_driving/data/part1/crops/00005415_1431_car.jpg,car,3,00005415,589,254,709,339,v3_no_ambiguous
/Users/sameerkarur/Documents/Git/Data_science/07_IITK_AIML_Capstone/project1_autonomous_driving/data/part1/crops/00003513_1432_car.jpg,car,3,00003513,433,210,532,257,v3_no_ambiguous
/Users/sameerkarur/Documents/Git/Data_science/07_IITK_AIML_Capstone/project1_autonomous_driving/data/part1/crops/00002798_1433_work_van.jpg,work_van,8,00002798,416,89,694,326,v3_no_ambiguous
/Users/sameerkarur/Documents/Git/Data_science/07_IITK_AIML_Capstone/project1_autonomous_driving/data/part1/crops/00004082_1434_car.jpg,car,3,00004082,448,117,490,143,v3_no_ambiguous
/Users/sameerkarur/Documents/Git/Data_science/07_IITK_AIML_Capstone/project1_autonomous_driving/data/part1/crops/00004468_1435_single_unit_truck.jpg,single_unit_truck,7,00004468,0,57,229,256,v3_no_ambiguous
/Users/sameerkarur/Documents/Git/Data_science/07_IITK_AIML_Capstone/project1_autonomous_driving/data/part1/crops/00000124_1436_pedestrian.jpg,pedestrian,5,00000124,10,292,40,351,v3_no_ambiguous
/Users/sameerkarur/Documents/Git/Data_science/07_IITK_AIML_Capstone/project1_autonomous_driving/data/part1/crops/00004083_1437_articulated_truck.jpg,articulated_truck,0,00004083,504,1,617,36,v3_no_ambiguous
/Users/sameerkarur/Documents/Git/Data_science/07_IITK_AIML_Capstone/project1_autonomous_driving/data/part1/crops/00002034_1438_pickup_truck.jpg,pickup_truck,6,00002034,663,224,709,265,v3_no_ambiguous
/Users/sameerkarur/Documents/Git/Data_science/07_IITK_AIML_Capstone/project1_autonomous_driving/data/part1/crops/00000152_1439_car.jpg,car,3,00000152,512,257,688,403,v3_no_ambiguous
/Users/sameerkarur/Documents/Git/Data_science/07_IITK_AIML_Capstone/project1_autonomous_driving/data/part1/crops/00000660_1440_pickup_truck.jpg,pickup_truck,6,00000660,189,317,499,443,v3_no_ambiguous
/Users/sameerkarur/Documents/Git/Data_science/07_IITK_AIML_Capstone/project1_autonomous_driving/data/part1/crops/00001935_1441_car.jpg,car,3,00001935,279,270,423,374,v3_no_ambiguous
/Users/sameerkarur/Documents/Git/Data_science/07_IITK_AIML_Capstone/project1_autonomous_driving/data/part1/crops/00003633_1442_car.jpg,car,3,00003633,462,165,515,192,v3_no_ambiguous
/Users/sameerkarur/Documents/Git/Data_science/07_IITK_AIML_Capstone/project1_autonomous_driving/data/part1/crops/00000264_1443_pickup_truck.jpg,pickup_truck,6,00000264,73,89,168,134,v3_no_ambiguous
/Users/sameerkarur/Documents/Git/Data_science/07_IITK_AIML_Capstone/project1_autonomous_driving/data/part1/crops/00001104_1444_pickup_truck.jpg,pickup_truck,6,00001104,295,145,370,194,v3_no_ambiguous
/Users/sameerkarur/Documents/Git/Data_science/07_IITK_AIML_Capstone/project1_autonomous_driving/data/part1/crops/00001326_1445_work_van.jpg,work_van,8,00001326,420,3,495,31,v3_no_ambiguous
/Users/sameerkarur/Documents/Git/Data_science/07_IITK_AIML_Capstone/project1_autonomous_driving/data/part1/crops/00001180_1446_car.jpg,car,3,00001180,74,94,212,152,v3_no_ambiguous
/Users/sameerkarur/Documents/Git/Data_science/07_IITK_AIML_Capstone/project1_autonomous_driving/data/part1/crops/00001991_1447_car.jpg,car,3,00001991,481,66,516,101,v3_no_ambiguous
/Users/sameerkarur/Documents/Git/Data_science/07_IITK_AIML_Capstone/project1_autonomous_driving/data/part1/crops/00004938_1448_articulated_truck.jpg,articulated_truck,0,00004938,513,6,619,45,v3_no_ambiguous
/Users/sameerkarur/Documents/Git/Data_science/07_IITK_AIML_Capstone/project1_autonomous_driving/data/part1/crops/00002052_1449_car.jpg,car,3,00002052,652,175,689,206,v3_no_ambiguous
/Users/sameerkarur/Documents/Git/Data_science/07_IITK_AIML_Capstone/project1_autonomous_driving/data/part1/crops/00002778_1450_car.jpg,car,3,00002778,191,66,277,135,v3_no_ambiguous
/Users/sameerkarur/Documents/Git/Data_science/07_IITK_AIML_Capstone/project1_autonomous_driving/data/part1/crops/00002852_1451_bus.jpg,bus,2,00002852,304,144,385,209,v3_no_ambiguous
/Users/sameerkarur/Documents/Git/Data_science/07_IITK_AIML_Capstone/project1_autonomous_driving/data/part1/crops/00001110_1452_work_van.jpg,work_van,8,00001110,525,134,715,398,v3_no_ambiguous
/Users/sameerkarur/Documents/Git/Data_science/07_IITK_AIML_Capstone/project1_autonomous_driving/data/part1/crops/00000290_1453_car.jpg,car,3,00000290,420,15,504,42,v3_no_ambiguous
/Users/sameerkarur/Documents/Git/Data_science/07_IITK_AIML_Capstone/project1_autonomous_driving/data/part1/crops/00004633_1454_bus.jpg,bus,2,00004633,174,91,369,217,v3_no_ambiguous
/Users/sameerkarur/Documents/Git/Data_science/07_IITK_AIML_Capstone/project1_autonomous_driving/data/part1/crops/00000951_1455_work_van.jpg,work_van,8,00000951,64,224,303,417,v3_no_ambiguous
/Users/sameerkarur/Documents/Git/Data_science/07_IITK_AIML_Capstone/project1_autonomous_driving/data/part1/crops/00001851_1456_car.jpg,car,3,00001851,381,186,464,218,v3_no_ambiguous
/Users/sameerkarur/Documents/Git/Data_science/07_IITK_AIML_Capstone/project1_autonomous_driving/data/part1/crops/00000023_1457_pickup_truck.jpg,pickup_truck,6,00000023,410,250,706,404,v3_no_ambiguous
/Users/sameerkarur/Documents/Git/Data_science/07_IITK_AIML_Capstone/project1_autonomous_driving/data/part1/crops/00000697_1458_single_unit_truck.jpg,single_unit_truck,7,00000697,104,120,171,172,v3_no_ambiguous
/Users/sameerkarur/Documents/Git/Data_science/07_IITK_AIML_Capstone/project1_autonomous_driving/data/part1/crops/00005273_1459_car.jpg,car,3,00005273,116,77,195,130,v3_no_ambiguous
/Users/sameerkarur/Documents/Git/Data_science/07_IITK_AIML_Capstone/project1_autonomous_driving/data/part1/crops/00002380_1460_pickup_truck.jpg,pickup_truck,6,00002380,96,239,489,421,v3_no_ambiguous
/Users/sameerkarur/Documents/Git/Data_science/07_IITK_AIML_Capstone/project1_autonomous_driving/data/part1/crops/00004439_1461_pickup_truck.jpg,pickup_truck,6,00004439,92,103,170,154,v3_no_ambiguous
/Users/sameerkarur/Documents/Git/Data_science/07_IITK_AIML_Capstone/project1_autonomous_driving/data/part1/crops/00001680_1462_pickup_truck.jpg,pickup_truck,6,00001680,61,99,114,132,v3_no_ambiguous
/Users/sameerkarur/Documents/Git/Data_science/07_IITK_AIML_Capstone/project1_autonomous_driving/data/part1/crops/00002095_1463_pickup_truck.jpg,pickup_truck,6,00002095,136,128,540,304,v3_no_ambiguous
/Users/sameerkarur/Documents/Git/Data_science/07_IITK_AIML_Capstone/project1_autonomous_driving/data/part1/crops/00001993_1464_pedestrian.jpg,pedestrian,5,00001993,25,355,108,432,v3_no_ambiguous
/Users/sameerkarur/Documents/Git/Data_science/07_IITK_AIML_Capstone/project1_autonomous_driving/data/part1/crops/00003710_1465_car.jpg,car,3,00003710,215,79,291,116,v3_no_ambiguous
/Users/sameerkarur/Documents/Git/Data_science/07_IITK_AIML_Capstone/project1_autonomous_driving/data/part1/crops/00003331_1466_bus.jpg,bus,2,00003331,481,152,716,296,v3_no_ambiguous
/Users/sameerkarur/Documents/Git/Data_science/07_IITK_AIML_Capstone/project1_autonomous_driving/data/part1/crops/00000344_1467_work_van.jpg,work_van,8,00000344,354,107,573,242,v3_no_ambiguous
/Users/sameerkarur/Documents/Git/Data_science/07_IITK_AIML_Capstone/project1_autonomous_driving/data/part1/crops/00001967_1468_articulated_truck.jpg,articulated_truck,0,00001967,184,0,437,154,v3_no_ambiguous
/Users/sameerkarur/Documents/Git/Data_science/07_IITK_AIML_Capstone/project1_autonomous_driving/data/part1/crops/00004291_1469_bus.jpg,bus,2,00004291,1,264,535,478,v3_no_ambiguous
/Users/sameerkarur/Documents/Git/Data_science/07_IITK_AIML_Capstone/project1_autonomous_driving/data/part1/crops/00004548_1470_articulated_truck.jpg,articulated_truck,0,00004548,435,1,503,26,v3_no_ambiguous
/Users/sameerkarur/Documents/Git/Data_science/07_IITK_AIML_Capstone/project1_autonomous_driving/data/part1/crops/00002125_1471_pickup_truck.jpg,pickup_truck,6,00002125,567,205,711,299,v3_no_ambiguous
/Users/sameerkarur/Documents/Git/Data_science/07_IITK_AIML_Capstone/project1_autonomous_driving/data/part1/crops/00001814_1472_bus.jpg,bus,2,00001814,482,108,630,176,v3_no_ambiguous
/Users/sameerkarur/Documents/Git/Data_science/07_IITK_AIML_Capstone/project1_autonomous_driving/data/part1/crops/00004890_1473_car.jpg,car,3,00004890,89,58,144,91,v3_no_ambiguous
/Users/sameerkarur/Documents/Git/Data_science/07_IITK_AIML_Capstone/project1_autonomous_driving/data/part1/crops/00001993_1474_pedestrian.jpg,pedestrian,5,00001993,0,405,70,465,v3_no_ambiguous
/Users/sameerkarur/Documents/Git/Data_science/07_IITK_AIML_Capstone/project1_autonomous_driving/data/part1/crops/00001850_1475_work_van.jpg,work_van,8,00001850,307,212,496,461,v3_no_ambiguous
/Users/sameerkarur/Documents/Git/Data_science/07_IITK_AIML_Capstone/project1_autonomous_driving/data/part1/crops/00001270_1476_car.jpg,car,3,00001270,634,176,683,230,v3_no_ambiguous
/Users/sameerkarur/Documents/Git/Data_science/07_IITK_AIML_Capstone/project1_autonomous_driving/data/part1/crops/00003808_1477_single_unit_truck.jpg,single_unit_truck,7,00003808,558,67,597,97,v3_no_ambiguous
/Users/sameerkarur/Documents/Git/Data_science/07_IITK_AIML_Capstone/project1_autonomous_driving/data/part1/crops/00004132_1478_car.jpg,car,3,00004132,218,178,302,222,v3_no_ambiguous
/Users/sameerkarur/Documents/Git/Data_science/07_IITK_AIML_Capstone/project1_autonomous_driving/data/part1/crops/00003787_1479_bus.jpg,bus,2,00003787,198,85,611,423,v3_no_ambiguous
/Users/sameerkarur/Documents/Git/Data_science/07_IITK_AIML_Capstone/project1_autonomous_driving/data/part1/crops/00000990_1480_bicycle.jpg,bicycle,1,00000990,176,365,294,479,v3_no_ambiguous
/Users/sameerkarur/Documents/Git/Data_science/07_IITK_AIML_Capstone/project1_autonomous_driving/data/part1/crops/00003701_1481_car.jpg,car,3,00003701,563,157,644,193,v3_no_ambiguous
/Users/sameerkarur/Documents/Git/Data_science/07_IITK_AIML_Capstone/project1_autonomous_driving/data/part1/crops/00000063_1482_work_van.jpg,work_van,8,00000063,379,120,460,178,v3_no_ambiguous
/Users/sameerkarur/Documents/Git/Data_science/07_IITK_AIML_Capstone/project1_autonomous_driving/data/part1/crops/00001864_1483_pickup_truck.jpg,pickup_truck,6,00001864,96,49,230,94,v3_no_ambiguous
/Users/sameerkarur/Documents/Git/Data_science/07_IITK_AIML_Capstone/project1_autonomous_driving/data/part1/crops/00002434_1484_pickup_truck.jpg,pickup_truck,6,00002434,139,46,245,83,v3_no_ambiguous
/Users/sameerkarur/Documents/Git/Data_science/07_IITK_AIML_Capstone/project1_autonomous_driving/data/part1/crops/00003337_1485_pickup_truck.jpg,pickup_truck,6,00003337,250,240,413,327,v3_no_ambiguous
/Users/sameerkarur/Documents/Git/Data_science/07_IITK_AIML_Capstone/project1_autonomous_driving/data/part1/crops/00003729_1486_bus.jpg,bus,2,00003729,234,39,338,103,v3_no_ambiguous
/Users/sameerkarur/Documents/Git/Data_science/07_IITK_AIML_Capstone/project1_autonomous_driving/data/part1/crops/00005114_1487_work_van.jpg,work_van,8,00005114,464,165,583,236,v3_no_ambiguous
/Users/sameerkarur/Documents/Git/Data_science/07_IITK_AIML_Capstone/project1_autonomous_driving/data/part1/crops/00004843_1488_articulated_truck.jpg,articulated_truck,0,00004843,63,89,158,167,v3_no_ambiguous
/Users/sameerkarur/Documents/Git/Data_science/07_IITK_AIML_Capstone/project1_autonomous_driving/data/part1/crops/00004040_1489_single_unit_truck.jpg,single_unit_truck,7,00004040,261,112,489,320,v3_no_ambiguous
/Users/sameerkarur/Documents/Git/Data_science/07_IITK_AIML_Capstone/project1_autonomous_driving/data/part1/crops/00005559_1490_pickup_truck.jpg,pickup_truck,6,00005559,557,68,624,102,v3_no_ambiguous
/Users/sameerkarur/Documents/Git/Data_science/07_IITK_AIML_Capstone/project1_autonomous_driving/data/part1/crops/00001528_1491_bus.jpg,bus,2,00001528,349,118,486,180,v3_no_ambiguous
/Users/sameerkarur/Documents/Git/Data_science/07_IITK_AIML_Capstone/project1_autonomous_driving/data/part1/crops/00003468_1492_car.jpg,car,3,00003468,599,170,649,199,v3_no_ambiguous
/Users/sameerkarur/Documents/Git/Data_science/07_IITK_AIML_Capstone/project1_autonomous_driving/data/part1/crops/00005037_1493_motorcycle.jpg,motorcycle,4,00005037,217,204,272,265,v3_no_ambiguous
/Users/sameerkarur/Documents/Git/Data_science/07_IITK_AIML_Capstone/project1_autonomous_driving/data/part1/crops/00001597_1494_single_unit_truck.jpg,single_unit_truck,7,00001597,159,30,240,79,v3_no_ambiguous
/Users/sameerkarur/Documents/Git/Data_science/07_IITK_AIML_Capstone/project1_autonomous_driving/data/part1/crops/00004245_1495_articulated_truck.jpg,articulated_truck,0,00004245,0,35,136,92,v3_no_ambiguous
/Users/sameerkarur/Documents/Git/Data_science/07_IITK_AIML_Capstone/project1_autonomous_driving/data/part1/crops/00002492_1496_pickup_truck.jpg,pickup_truck,6,00002492,124,36,234,82,v3_no_ambiguous
/Users/sameerkarur/Documents/Git/Data_science/07_IITK_AIML_Capstone/project1_autonomous_driving/data/part1/crops/00002818_1497_work_van.jpg,work_van,8,00002818,104,176,272,269,v3_no_ambiguous
/Users/sameerkarur/Documents/Git/Data_science/07_IITK_AIML_Capstone/project1_autonomous_driving/data/part1/crops/00003072_1498_bus.jpg,bus,2,00003072,1,81,236,477,v3_no_ambiguous
/Users/sameerkarur/Documents/Git/Data_science/07_IITK_AIML_Capstone/project1_autonomous_driving/data/part1/crops/00000745_1499_car.jpg,car,3,00000745,290,26,321,55,v3_no_ambiguous
/Users/sameerkarur/Documents/Git/Data_science/07_IITK_AIML_Capstone/project1_autonomous_driving/data/part1/crops/00003040_1500_car.jpg,car,3,00003040,60,45,94,71,v3_no_ambiguous
/Users/sameerkarur/Documents/Git/Data_science/07_IITK_AIML_Capstone/project1_autonomous_driving/data/part1/crops/00004743_1501_pedestrian.jpg,pedestrian,5,00004743,410,27,436,73,v3_no_ambiguous
/Users/sameerkarur/Documents/Git/Data_science/07_IITK_AIML_Capstone/project1_autonomous_driving/data/part1/crops/00004429_1502_motorcycle.jpg,motorcycle,4,00004429,381,90,439,126,v3_no_ambiguous
/Users/sameerkarur/Documents/Git/Data_science/07_IITK_AIML_Capstone/project1_autonomous_driving/data/part1/crops/00003934_1503_pickup_truck.jpg,pickup_truck,6,00003934,325,226,711,428,v3_no_ambiguous
/Users/sameerkarur/Documents/Git/Data_science/07_IITK_AIML_Capstone/project1_autonomous_driving/data/part1/crops/00000119_1504_work_van.jpg,work_van,8,00000119,111,269,500,479,v3_no_ambiguous
/Users/sameerkarur/Documents/Git/Data_science/07_IITK_AIML_Capstone/project1_autonomous_driving/data/part1/crops/00004853_1505_work_van.jpg,work_van,8,00004853,596,188,686,285,v3_no_ambiguous
/Users/sameerkarur/Documents/Git/Data_science/07_IITK_AIML_Capstone/project1_autonomous_driving/data/part1/crops/00001077_1506_articulated_truck.jpg,articulated_truck,0,00001077,76,20,251,103,v3_no_ambiguous
/Users/sameerkarur/Documents/Git/Data_science/07_IITK_AIML_Capstone/project1_autonomous_driving/data/part1/crops/00005235_1507_pickup_truck.jpg,pickup_truck,6,00005235,11,141,120,190,v3_no_ambiguous
/Users/sameerkarur/Documents/Git/Data_science/07_IITK_AIML_Capstone/project1_autonomous_driving/data/part1/crops/00005275_1508_bus.jpg,bus,2,00005275,426,135,595,222,v3_no_ambiguous
/Users/sameerkarur/Documents/Git/Data_science/07_IITK_AIML_Capstone/project1_autonomous_driving/data/part1/crops/00005292_1509_car.jpg,car,3,00005292,613,267,713,342,v3_no_ambiguous
/Users/sameerkarur/Documents/Git/Data_science/07_IITK_AIML_Capstone/project1_autonomous_driving/data/part1/crops/00001287_1510_bus.jpg,bus,2,00001287,3,162,361,430,v3_no_ambiguous
/Users/sameerkarur/Documents/Git/Data_science/07_IITK_AIML_Capstone/project1_autonomous_driving/data/part1/crops/00001446_1511_pickup_truck.jpg,pickup_truck,6,00001446,25,174,50,200,v3_no_ambiguous
/Users/sameerkarur/Documents/Git/Data_science/07_IITK_AIML_Capstone/project1_autonomous_driving/data/part1/crops/00002884_1512_pickup_truck.jpg,pickup_truck,6,00002884,114,120,321,205,v3_no_ambiguous
/Users/sameerkarur/Documents/Git/Data_science/07_IITK_AIML_Capstone/project1_autonomous_driving/data/part1/crops/00002031_1513_pickup_truck.jpg,pickup_truck,6,00002031,108,307,344,479,v3_no_ambiguous
/Users/sameerkarur/Documents/Git/Data_science/07_IITK_AIML_Capstone/project1_autonomous_driving/data/part1/crops/00000146_1514_pedestrian.jpg,pedestrian,5,00000146,27,349,111,431,v3_no_ambiguous
/Users/sameerkarur/Documents/Git/Data_science/07_IITK_AIML_Capstone/project1_autonomous_driving/data/part1/crops/00004970_1515_work_van.jpg,work_van,8,00004970,227,114,417,212,v3_no_ambiguous
/Users/sameerkarur/Documents/Git/Data_science/07_IITK_AIML_Capstone/project1_autonomous_driving/data/part1/crops/00003984_1516_articulated_truck.jpg,articulated_truck,0,00003984,17,144,495,479,v3_no_ambiguous
/Users/sameerkarur/Documents/Git/Data_science/07_IITK_AIML_Capstone/project1_autonomous_driving/data/part1/crops/00000970_1517_pickup_truck.jpg,pickup_truck,6,00000970,250,98,339,156,v3_no_ambiguous
/Users/sameerkarur/Documents/Git/Data_science/07_IITK_AIML_Capstone/project1_autonomous_driving/data/part1/crops/00005425_1518_car.jpg,car,3,00005425,496,280,707,386,v3_no_ambiguous
/Users/sameerkarur/Documents/Git/Data_science/07_IITK_AIML_Capstone/project1_autonomous_driving/data/part1/crops/00001161_1519_single_unit_truck.jpg,single_unit_truck,7,00001161,476,111,568,188,v3_no_ambiguous
/Users/sameerkarur/Documents/Git/Data_science/07_IITK_AIML_Capstone/project1_autonomous_driving/data/part1/crops/00000902_1520_work_van.jpg,work_van,8,00000902,54,55,116,80,v3_no_ambiguous
/Users/sameerkarur/Documents/Git/Data_science/07_IITK_AIML_Capstone/project1_autonomous_driving/data/part1/crops/00002232_1521_bus.jpg,bus,2,00002232,181,43,714,478,v3_no_ambiguous
/Users/sameerkarur/Documents/Git/Data_science/07_IITK_AIML_Capstone/project1_autonomous_driving/data/part1/crops/00000780_1522_pickup_truck.jpg,pickup_truck,6,00000780,564,163,629,191,v3_no_ambiguous
/Users/sameerkarur/Documents/Git/Data_science/07_IITK_AIML_Capstone/project1_autonomous_driving/data/part1/crops/00002980_1523_bus.jpg,bus,2,00002980,296,43,672,170,v3_no_ambiguous
/Users/sameerkarur/Documents/Git/Data_science/07_IITK_AIML_Capstone/project1_autonomous_driving/data/part1/crops/00005185_1524_car.jpg,car,3,00005185,204,126,382,216,v3_no_ambiguous
/Users/sameerkarur/Documents/Git/Data_science/07_IITK_AIML_Capstone/project1_autonomous_driving/data/part1/crops/00005224_1525_pedestrian.jpg,pedestrian,5,00005224,561,363,592,401,v3_no_ambiguous
/Users/sameerkarur/Documents/Git/Data_science/07_IITK_AIML_Capstone/project1_autonomous_driving/data/part1/crops/00004515_1526_car.jpg,car,3,00004515,607,172,651,212,v3_no_ambiguous
/Users/sameerkarur/Documents/Git/Data_science/07_IITK_AIML_Capstone/project1_autonomous_driving/data/part1/crops/00000392_1527_car.jpg,car,3,00000392,414,70,566,129,v3_no_ambiguous
/Users/sameerkarur/Documents/Git/Data_science/07_IITK_AIML_Capstone/project1_autonomous_driving/data/part1/crops/00004712_1528_pickup_truck.jpg,pickup_truck,6,00004712,339,77,482,132,v3_no_ambiguous
/Users/sameerkarur/Documents/Git/Data_science/07_IITK_AIML_Capstone/project1_autonomous_driving/data/part1/crops/00005389_1529_car.jpg,car,3,00005389,162,98,238,138,v3_no_ambiguous
/Users/sameerkarur/Documents/Git/Data_science/07_IITK_AIML_Capstone/project1_autonomous_driving/data/part1/crops/00004286_1530_bus.jpg,bus,2,00004286,0,69,352,479,v3_no_ambiguous
/Users/sameerkarur/Documents/Git/Data_science/07_IITK_AIML_Capstone/project1_autonomous_driving/data/part1/crops/00002371_1531_pickup_truck.jpg,pickup_truck,6,00002371,93,103,166,155,v3_no_ambiguous
/Users/sameerkarur/Documents/Git/Data_science/07_IITK_AIML_Capstone/project1_autonomous_driving/data/part1/crops/00002898_1532_work_van.jpg,work_van,8,00002898,620,168,715,395,v3_no_ambiguous
/Users/sameerkarur/Documents/Git/Data_science/07_IITK_AIML_Capstone/project1_autonomous_driving/data/part1/crops/00002357_1533_pickup_truck.jpg,pickup_truck,6,00002357,109,47,215,85,v3_no_ambiguous
/Users/sameerkarur/Documents/Git/Data_science/07_IITK_AIML_Capstone/project1_autonomous_driving/data/part1/crops/00001907_1534_pickup_truck.jpg,pickup_truck,6,00001907,105,38,226,96,v3_no_ambiguous
/Users/sameerkarur/Documents/Git/Data_science/07_IITK_AIML_Capstone/project1_autonomous_driving/data/part1/crops/00001804_1535_car.jpg,car,3,00001804,119,90,195,142,v3_no_ambiguous
/Users/sameerkarur/Documents/Git/Data_science/07_IITK_AIML_Capstone/project1_autonomous_driving/data/part1/crops/00001071_1536_car.jpg,car,3,00001071,478,82,517,109,v3_no_ambiguous
/Users/sameerkarur/Documents/Git/Data_science/07_IITK_AIML_Capstone/project1_autonomous_driving/data/part1/crops/00003231_1537_work_van.jpg,work_van,8,00003231,218,240,406,392,v3_no_ambiguous
/Users/sameerkarur/Documents/Git/Data_science/07_IITK_AIML_Capstone/project1_autonomous_driving/data/part1/crops/00002535_1538_car.jpg,car,3,00002535,38,129,74,158,v3_no_ambiguous
/Users/sameerkarur/Documents/Git/Data_science/07_IITK_AIML_Capstone/project1_autonomous_driving/data/part1/crops/00001668_1539_car.jpg,car,3,00001668,346,282,502,469,v3_no_ambiguous
/Users/sameerkarur/Documents/Git/Data_science/07_IITK_AIML_Capstone/project1_autonomous_driving/data/part1/crops/00000226_1540_articulated_truck.jpg,articulated_truck,0,00000226,408,15,500,58,v3_no_ambiguous
/Users/sameerkarur/Documents/Git/Data_science/07_IITK_AIML_Capstone/project1_autonomous_driving/data/part1/crops/00005482_1541_bicycle.jpg,bicycle,1,00005482,367,303,451,436,v3_no_ambiguous
/Users/sameerkarur/Documents/Git/Data_science/07_IITK_AIML_Capstone/project1_autonomous_driving/data/part1/crops/00004481_1542_car.jpg,car,3,00004481,360,85,580,182,v3_no_ambiguous
/Users/sameerkarur/Documents/Git/Data_science/07_IITK_AIML_Capstone/project1_autonomous_driving/data/part1/crops/00000358_1543_car.jpg,car,3,00000358,599,161,638,202,v3_no_ambiguous
/Users/sameerkarur/Documents/Git/Data_science/07_IITK_AIML_Capstone/project1_autonomous_driving/data/part1/crops/00003368_1544_pickup_truck.jpg,pickup_truck,6,00003368,563,167,627,196,v3_no_ambiguous
/Users/sameerkarur/Documents/Git/Data_science/07_IITK_AIML_Capstone/project1_autonomous_driving/data/part1/crops/00001457_1545_car.jpg,car,3,00001457,194,174,265,224,v3_no_ambiguous
/Users/sameerkarur/Documents/Git/Data_science/07_IITK_AIML_Capstone/project1_autonomous_driving/data/part1/crops/00005314_1546_pedestrian.jpg,pedestrian,5,00005314,63,174,99,229,v3_no_ambiguous
/Users/sameerkarur/Documents/Git/Data_science/07_IITK_AIML_Capstone/project1_autonomous_driving/data/part1/crops/00003842_1547_pickup_truck.jpg,pickup_truck,6,00003842,482,261,710,398,v3_no_ambiguous
/Users/sameerkarur/Documents/Git/Data_science/07_IITK_AIML_Capstone/project1_autonomous_driving/data/part1/crops/00001606_1548_work_van.jpg,work_van,8,00001606,215,65,313,126,v3_no_ambiguous
/Users/sameerkarur/Documents/Git/Data_science/07_IITK_AIML_Capstone/project1_autonomous_driving/data/part1/crops/00003768_1549_bus.jpg,bus,2,00003768,524,54,584,116,v3_no_ambiguous
/Users/sameerkarur/Documents/Git/Data_science/07_IITK_AIML_Capstone/project1_autonomous_driving/data/part1/crops/00000290_1550_pedestrian.jpg,pedestrian,5,00000290,437,290,494,369,v3_no_ambiguous
/Users/sameerkarur/Documents/Git/Data_science/07_IITK_AIML_Capstone/project1_autonomous_driving/data/part1/crops/00002712_1551_bus.jpg,bus,2,00002712,294,37,715,269,v3_no_ambiguous
/Users/sameerkarur/Documents/Git/Data_science/07_IITK_AIML_Capstone/project1_autonomous_driving/data/part1/crops/00005455_1552_pedestrian.jpg,pedestrian,5,00005455,26,353,114,421,v3_no_ambiguous
/Users/sameerkarur/Documents/Git/Data_science/07_IITK_AIML_Capstone/project1_autonomous_driving/data/part1/crops/00001549_1553_car.jpg,car,3,00001549,232,36,303,65,v3_no_ambiguous
/Users/sameerkarur/Documents/Git/Data_science/07_IITK_AIML_Capstone/project1_autonomous_driving/data/part1/crops/00001865_1554_pickup_truck.jpg,pickup_truck,6,00001865,401,174,565,252,v3_no_ambiguous
/Users/sameerkarur/Documents/Git/Data_science/07_IITK_AIML_Capstone/project1_autonomous_driving/data/part1/crops/00003478_1555_car.jpg,car,3,00003478,164,321,401,478,v3_no_ambiguous
/Users/sameerkarur/Documents/Git/Data_science/07_IITK_AIML_Capstone/project1_autonomous_driving/data/part1/crops/00000868_1556_car.jpg,car,3,00000868,413,229,713,424,v3_no_ambiguous
/Users/sameerkarur/Documents/Git/Data_science/07_IITK_AIML_Capstone/project1_autonomous_driving/data/part1/crops/00001167_1557_pickup_truck.jpg,pickup_truck,6,00001167,219,289,406,400,v3_no_ambiguous
/Users/sameerkarur/Documents/Git/Data_science/07_IITK_AIML_Capstone/project1_autonomous_driving/data/part1/crops/00005140_1558_articulated_truck.jpg,articulated_truck,0,00005140,616,95,709,123,v3_no_ambiguous
/Users/sameerkarur/Documents/Git/Data_science/07_IITK_AIML_Capstone/project1_autonomous_driving/data/part1/crops/00002644_1559_single_unit_truck.jpg,single_unit_truck,7,00002644,505,92,544,121,v3_no_ambiguous
/Users/sameerkarur/Documents/Git/Data_science/07_IITK_AIML_Capstone/project1_autonomous_driving/data/part1/crops/00001217_1560_work_van.jpg,work_van,8,00001217,60,96,112,138,v3_no_ambiguous
/Users/sameerkarur/Documents/Git/Data_science/07_IITK_AIML_Capstone/project1_autonomous_driving/data/part1/crops/00000263_1561_single_unit_truck.jpg,single_unit_truck,7,00000263,652,125,710,217,v3_no_ambiguous
/Users/sameerkarur/Documents/Git/Data_science/07_IITK_AIML_Capstone/project1_autonomous_driving/data/part1/crops/00005325_1562_car.jpg,car,3,00005325,200,81,233,108,v3_no_ambiguous
/Users/sameerkarur/Documents/Git/Data_science/07_IITK_AIML_Capstone/project1_autonomous_driving/data/part1/crops/00000736_1563_car.jpg,car,3,00000736,250,195,352,261,v3_no_ambiguous
/Users/sameerkarur/Documents/Git/Data_science/07_IITK_AIML_Capstone/project1_autonomous_driving/data/part1/crops/00002028_1564_pickup_truck.jpg,pickup_truck,6,00002028,233,250,427,404,v3_no_ambiguous
/Users/sameerkarur/Documents/Git/Data_science/07_IITK_AIML_Capstone/project1_autonomous_driving/data/part1/crops/00000286_1565_pickup_truck.jpg,pickup_truck,6,00000286,401,229,668,399,v3_no_ambiguous
/Users/sameerkarur/Documents/Git/Data_science/07_IITK_AIML_Capstone/project1_autonomous_driving/data/part1/crops/00003636_1566_pedestrian.jpg,pedestrian,5,00003636,0,401,50,452,v3_no_ambiguous
/Users/sameerkarur/Documents/Git/Data_science/07_IITK_AIML_Capstone/project1_autonomous_driving/data/part1/crops/00004849_1567_articulated_truck.jpg,articulated_truck,0,00004849,0,37,224,149,v3_no_ambiguous
/Users/sameerkarur/Documents/Git/Data_science/07_IITK_AIML_Capstone/project1_autonomous_driving/data/part1/crops/00004047_1568_car.jpg,car,3,00004047,5,103,97,146,v3_no_ambiguous
/Users/sameerkarur/Documents/Git/Data_science/07_IITK_AIML_Capstone/project1_autonomous_driving/data/part1/crops/00003424_1569_car.jpg,car,3,00003424,78,44,108,72,v3_no_ambiguous
/Users/sameerkarur/Documents/Git/Data_science/07_IITK_AIML_Capstone/project1_autonomous_driving/data/part1/crops/00004597_1570_bus.jpg,bus,2,00004597,429,139,717,292,v3_no_ambiguous
/Users/sameerkarur/Documents/Git/Data_science/07_IITK_AIML_Capstone/project1_autonomous_driving/data/part1/crops/00005521_1571_car.jpg,car,3,00005521,30,67,86,119,v3_no_ambiguous
/Users/sameerkarur/Documents/Git/Data_science/07_IITK_AIML_Capstone/project1_autonomous_driving/data/part1/crops/00005052_1572_pickup_truck.jpg,pickup_truck,6,00005052,45,165,233,267,v3_no_ambiguous
/Users/sameerkarur/Documents/Git/Data_science/07_IITK_AIML_Capstone/project1_autonomous_driving/data/part1/crops/00004213_1573_car.jpg,car,3,00004213,495,159,710,364,v3_no_ambiguous
/Users/sameerkarur/Documents/Git/Data_science/07_IITK_AIML_Capstone/project1_autonomous_driving/data/part1/crops/00001514_1574_articulated_truck.jpg,articulated_truck,0,00001514,604,89,710,127,v3_no_ambiguous
/Users/sameerkarur/Documents/Git/Data_science/07_IITK_AIML_Capstone/project1_autonomous_driving/data/part1/crops/00003617_1575_car.jpg,car,3,00003617,369,149,546,224,v3_no_ambiguous
/Users/sameerkarur/Documents/Git/Data_science/07_IITK_AIML_Capstone/project1_autonomous_driving/data/part1/crops/00003136_1576_pickup_truck.jpg,pickup_truck,6,00003136,114,47,184,80,v3_no_ambiguous
/Users/sameerkarur/Documents/Git/Data_science/07_IITK_AIML_Capstone/project1_autonomous_driving/data/part1/crops/00004126_1577_car.jpg,car,3,00004126,195,92,267,131,v3_no_ambiguous
/Users/sameerkarur/Documents/Git/Data_science/07_IITK_AIML_Capstone/project1_autonomous_driving/data/part1/crops/00000501_1578_car.jpg,car,3,00000501,209,160,293,211,v3_no_ambiguous
/Users/sameerkarur/Documents/Git/Data_science/07_IITK_AIML_Capstone/project1_autonomous_driving/data/part1/crops/00002824_1579_pickup_truck.jpg,pickup_truck,6,00002824,33,111,330,234,v3_no_ambiguous
/Users/sameerkarur/Documents/Git/Data_science/07_IITK_AIML_Capstone/project1_autonomous_driving/data/part1/crops/00004319_1580_car.jpg,car,3,00004319,535,212,613,285,v3_no_ambiguous
/Users/sameerkarur/Documents/Git/Data_science/07_IITK_AIML_Capstone/project1_autonomous_driving/data/part1/crops/00004192_1581_car.jpg,car,3,00004192,571,189,661,217,v3_no_ambiguous
/Users/sameerkarur/Documents/Git/Data_science/07_IITK_AIML_Capstone/project1_autonomous_driving/data/part1/crops/00001104_1582_articulated_truck.jpg,articulated_truck,0,00001104,617,96,710,127,v3_no_ambiguous
/Users/sameerkarur/Documents/Git/Data_science/07_IITK_AIML_Capstone/project1_autonomous_driving/data/part1/crops/00004286_1583_car.jpg,car,3,00004286,416,49,533,93,v3_no_ambiguous
/Users/sameerkarur/Documents/Git/Data_science/07_IITK_AIML_Capstone/project1_autonomous_driving/data/part1/crops/00002818_1584_pickup_truck.jpg,pickup_truck,6,00002818,567,175,628,201,v3_no_ambiguous
/Users/sameerkarur/Documents/Git/Data_science/07_IITK_AIML_Capstone/project1_autonomous_driving/data/part1/crops/00002328_1585_car.jpg,car,3,00002328,495,118,545,145,v3_no_ambiguous
/Users/sameerkarur/Documents/Git/Data_science/07_IITK_AIML_Capstone/project1_autonomous_driving/data/part1/crops/00004301_1586_car.jpg,car,3,00004301,245,201,360,281,v3_no_ambiguous
/Users/sameerkarur/Documents/Git/Data_science/07_IITK_AIML_Capstone/project1_autonomous_driving/data/part1/crops/00000814_1587_bus.jpg,bus,2,00000814,4,268,716,478,v3_no_ambiguous
/Users/sameerkarur/Documents/Git/Data_science/07_IITK_AIML_Capstone/project1_autonomous_driving/data/part1/crops/00001300_1588_car.jpg,car,3,00001300,393,153,450,191,v3_no_ambiguous
/Users/sameerkarur/Documents/Git/Data_science/07_IITK_AIML_Capstone/project1_autonomous_driving/data/part1/crops/00001725_1589_articulated_truck.jpg,articulated_truck,0,00001725,194,170,719,450,v3_no_ambiguous
/Users/sameerkarur/Documents/Git/Data_science/07_IITK_AIML_Capstone/project1_autonomous_driving/data/part1/crops/00003352_1590_car.jpg,car,3,00003352,641,168,694,202,v3_no_ambiguous
/Users/sameerkarur/Documents/Git/Data_science/07_IITK_AIML_Capstone/project1_autonomous_driving/data/part1/crops/00004984_1591_pickup_truck.jpg,pickup_truck,6,00004984,179,226,533,366,v3_no_ambiguous
/Users/sameerkarur/Documents/Git/Data_science/07_IITK_AIML_Capstone/project1_autonomous_driving/data/part1/crops/00000999_1592_work_van.jpg,work_van,8,00000999,231,46,292,78,v3_no_ambiguous
/Users/sameerkarur/Documents/Git/Data_science/07_IITK_AIML_Capstone/project1_autonomous_driving/data/part1/crops/00000019_1593_bus.jpg,bus,2,00000019,230,127,493,275,v3_no_ambiguous
/Users/sameerkarur/Documents/Git/Data_science/07_IITK_AIML_Capstone/project1_autonomous_driving/data/part1/crops/00003111_1594_pickup_truck.jpg,pickup_truck,6,00003111,546,177,614,209,v3_no_ambiguous
/Users/sameerkarur/Documents/Git/Data_science/07_IITK_AIML_Capstone/project1_autonomous_driving/data/part1/crops/00005169_1595_car.jpg,car,3,00005169,200,38,364,101,v3_no_ambiguous
/Users/sameerkarur/Documents/Git/Data_science/07_IITK_AIML_Capstone/project1_autonomous_driving/data/part1/crops/00004294_1596_articulated_truck.jpg,articulated_truck,0,00004294,37,103,180,161,v3_no_ambiguous
/Users/sameerkarur/Documents/Git/Data_science/07_IITK_AIML_Capstone/project1_autonomous_driving/data/part1/crops/00005558_1597_articulated_truck.jpg,articulated_truck,0,00005558,243,186,716,457,v3_no_ambiguous
/Users/sameerkarur/Documents/Git/Data_science/07_IITK_AIML_Capstone/project1_autonomous_driving/data/part1/crops/00002085_1598_articulated_truck.jpg,articulated_truck,0,00002085,1,42,243,157,v3_no_ambiguous
/Users/sameerkarur/Documents/Git/Data_science/07_IITK_AIML_Capstone/project1_autonomous_driving/data/part1/crops/00000561_1599_car.jpg,car,3,00000561,330,34,383,58,v3_no_ambiguous
/Users/sameerkarur/Documents/Git/Data_science/07_IITK_AIML_Capstone/project1_autonomous_driving/data/part1/crops/00000718_1600_car.jpg,car,3,00000718,398,263,469,349,v3_no_ambiguous
/Users/sameerkarur/Documents/Git/Data_science/07_IITK_AIML_Capstone/project1_autonomous_driving/data/part1/crops/00005139_1601_car.jpg,car,3,00005139,118,41,216,93,v3_no_ambiguous
/Users/sameerkarur/Documents/Git/Data_science/07_IITK_AIML_Capstone/project1_autonomous_driving/data/part1/crops/00000981_1602_pickup_truck.jpg,pickup_truck,6,00000981,10,55,101,99,v3_no_ambiguous
/Users/sameerkarur/Documents/Git/Data_science/07_IITK_AIML_Capstone/project1_autonomous_driving/data/part1/crops/00002594_1603_bicycle.jpg,bicycle,1,00002594,44,156,84,205,v3_no_ambiguous
/Users/sameerkarur/Documents/Git/Data_science/07_IITK_AIML_Capstone/project1_autonomous_driving/data/part1/crops/00005590_1604_bicycle.jpg,bicycle,1,00005590,535,47,616,111,v3_no_ambiguous
/Users/sameerkarur/Documents/Git/Data_science/07_IITK_AIML_Capstone/project1_autonomous_driving/data/part1/crops/00004643_1605_car.jpg,car,3,00004643,141,42,193,67,v3_no_ambiguous
/Users/sameerkarur/Documents/Git/Data_science/07_IITK_AIML_Capstone/project1_autonomous_driving/data/part1/crops/00001441_1606_pickup_truck.jpg,pickup_truck,6,00001441,260,45,307,69,v3_no_ambiguous
/Users/sameerkarur/Documents/Git/Data_science/07_IITK_AIML_Capstone/project1_autonomous_driving/data/part1/crops/00001848_1607_pickup_truck.jpg,pickup_truck,6,00001848,328,71,603,206,v3_no_ambiguous
/Users/sameerkarur/Documents/Git/Data_science/07_IITK_AIML_Capstone/project1_autonomous_driving/data/part1/crops/00001637_1608_car.jpg,car,3,00001637,603,142,644,179,v3_no_ambiguous
/Users/sameerkarur/Documents/Git/Data_science/07_IITK_AIML_Capstone/project1_autonomous_driving/data/part1/crops/00001124_1609_pickup_truck.jpg,pickup_truck,6,00001124,41,160,204,236,v3_no_ambiguous
/Users/sameerkarur/Documents/Git/Data_science/07_IITK_AIML_Capstone/project1_autonomous_driving/data/part1/crops/00000050_1610_pickup_truck.jpg,pickup_truck,6,00000050,561,187,649,228,v3_no_ambiguous
/Users/sameerkarur/Documents/Git/Data_science/07_IITK_AIML_Capstone/project1_autonomous_driving/data/part1/crops/00003627_1611_pickup_truck.jpg,pickup_truck,6,00003627,31,63,81,110,v3_no_ambiguous
/Users/sameerkarur/Documents/Git/Data_science/07_IITK_AIML_Capstone/project1_autonomous_driving/data/part1/crops/00005496_1612_work_van.jpg,work_van,8,00005496,74,45,107,71,v3_no_ambiguous
/Users/sameerkarur/Documents/Git/Data_science/07_IITK_AIML_Capstone/project1_autonomous_driving/data/part1/crops/00004578_1613_car.jpg,car,3,00004578,147,195,296,290,v3_no_ambiguous
/Users/sameerkarur/Documents/Git/Data_science/07_IITK_AIML_Capstone/project1_autonomous_driving/data/part1/crops/00000983_1614_single_unit_truck.jpg,single_unit_truck,7,00000983,178,148,459,324,v3_no_ambiguous
/Users/sameerkarur/Documents/Git/Data_science/07_IITK_AIML_Capstone/project1_autonomous_driving/data/part1/crops/00002656_1615_car.jpg,car,3,00002656,466,72,504,96,v3_no_ambiguous
/Users/sameerkarur/Documents/Git/Data_science/07_IITK_AIML_Capstone/project1_autonomous_driving/data/part1/crops/00003744_1616_articulated_truck.jpg,articulated_truck,0,00003744,588,88,707,117,v3_no_ambiguous
/Users/sameerkarur/Documents/Git/Data_science/07_IITK_AIML_Capstone/project1_autonomous_driving/data/part1/crops/00005346_1617_bicycle.jpg,bicycle,1,00005346,116,199,195,266,v3_no_ambiguous
/Users/sameerkarur/Documents/Git/Data_science/07_IITK_AIML_Capstone/project1_autonomous_driving/data/part1/crops/00000105_1618_car.jpg,car,3,00000105,143,323,329,473,v3_no_ambiguous
/Users/sameerkarur/Documents/Git/Data_science/07_IITK_AIML_Capstone/project1_autonomous_driving/data/part1/crops/00001315_1619_car.jpg,car,3,00001315,140,163,176,188,v3_no_ambiguous
/Users/sameerkarur/Documents/Git/Data_science/07_IITK_AIML_Capstone/project1_autonomous_driving/data/part1/crops/00002780_1620_bus.jpg,bus,2,00002780,340,66,581,202,v3_no_ambiguous
/Users/sameerkarur/Documents/Git/Data_science/07_IITK_AIML_Capstone/project1_autonomous_driving/data/part1/crops/00001521_1621_car.jpg,car,3,00001521,192,111,226,145,v3_no_ambiguous
/Users/sameerkarur/Documents/Git/Data_science/07_IITK_AIML_Capstone/project1_autonomous_driving/data/part1/crops/00001929_1622_pickup_truck.jpg,pickup_truck,6,00001929,17,48,108,90,v3_no_ambiguous
/Users/sameerkarur/Documents/Git/Data_science/07_IITK_AIML_Capstone/project1_autonomous_driving/data/part1/crops/00004576_1623_car.jpg,car,3,00004576,545,85,715,202,v3_no_ambiguous
/Users/sameerkarur/Documents/Git/Data_science/07_IITK_AIML_Capstone/project1_autonomous_driving/data/part1/crops/00003975_1624_work_van.jpg,work_van,8,00003975,140,86,290,165,v3_no_ambiguous
/Users/sameerkarur/Documents/Git/Data_science/07_IITK_AIML_Capstone/project1_autonomous_driving/data/part1/crops/00004187_1625_pickup_truck.jpg,pickup_truck,6,00004187,159,253,584,440,v3_no_ambiguous
/Users/sameerkarur/Documents/Git/Data_science/07_IITK_AIML_Capstone/project1_autonomous_driving/data/part1/crops/00002519_1626_pickup_truck.jpg,pickup_truck,6,00002519,239,50,337,101,v3_no_ambiguous
/Users/sameerkarur/Documents/Git/Data_science/07_IITK_AIML_Capstone/project1_autonomous_driving/data/part1/crops/00001289_1627_car.jpg,car,3,00001289,567,146,642,184,v3_no_ambiguous
/Users/sameerkarur/Documents/Git/Data_science/07_IITK_AIML_Capstone/project1_autonomous_driving/data/part1/crops/00001625_1628_articulated_truck.jpg,articulated_truck,0,00001625,404,173,717,345,v3_no_ambiguous
/Users/sameerkarur/Documents/Git/Data_science/07_IITK_AIML_Capstone/project1_autonomous_driving/data/part1/crops/00000013_1629_car.jpg,car,3,00000013,597,162,639,205,v3_no_ambiguous
/Users/sameerkarur/Documents/Git/Data_science/07_IITK_AIML_Capstone/project1_autonomous_driving/data/part1/crops/00000598_1630_car.jpg,car,3,00000598,384,216,476,281,v3_no_ambiguous
/Users/sameerkarur/Documents/Git/Data_science/07_IITK_AIML_Capstone/project1_autonomous_driving/data/part1/crops/00003818_1631_articulated_truck.jpg,articulated_truck,0,00003818,457,76,503,101,v3_no_ambiguous
/Users/sameerkarur/Documents/Git/Data_science/07_IITK_AIML_Capstone/project1_autonomous_driving/data/part1/crops/00000059_1632_pickup_truck.jpg,pickup_truck,6,00000059,306,139,431,208,v3_no_ambiguous
/Users/sameerkarur/Documents/Git/Data_science/07_IITK_AIML_Capstone/project1_autonomous_driving/data/part1/crops/00004546_1633_car.jpg,car,3,00004546,608,165,651,214,v3_no_ambiguous
/Users/sameerkarur/Documents/Git/Data_science/07_IITK_AIML_Capstone/project1_autonomous_driving/data/part1/crops/00003575_1634_work_van.jpg,work_van,8,00003575,97,88,164,167,v3_no_ambiguous
/Users/sameerkarur/Documents/Git/Data_science/07_IITK_AIML_Capstone/project1_autonomous_driving/data/part1/crops/00001493_1635_car.jpg,car,3,00001493,620,201,715,362,v3_no_ambiguous
/Users/sameerkarur/Documents/Git/Data_science/07_IITK_AIML_Capstone/project1_autonomous_driving/data/part1/crops/00003961_1636_work_van.jpg,work_van,8,00003961,159,114,250,198,v3_no_ambiguous
/Users/sameerkarur/Documents/Git/Data_science/07_IITK_AIML_Capstone/project1_autonomous_driving/data/part1/crops/00002921_1637_car.jpg,car,3,00002921,454,106,499,132,v3_no_ambiguous
/Users/sameerkarur/Documents/Git/Data_science/07_IITK_AIML_Capstone/project1_autonomous_driving/data/part1/crops/00004965_1638_motorcycle.jpg,motorcycle,4,00004965,139,78,177,111,v3_no_ambiguous
/Users/sameerkarur/Documents/Git/Data_science/07_IITK_AIML_Capstone/project1_autonomous_driving/data/part1/crops/00004131_1639_bus.jpg,bus,2,00004131,146,0,614,405,v3_no_ambiguous
/Users/sameerkarur/Documents/Git/Data_science/07_IITK_AIML_Capstone/project1_autonomous_driving/data/part1/crops/00000789_1640_pickup_truck.jpg,pickup_truck,6,00000789,104,45,227,98,v3_no_ambiguous
/Users/sameerkarur/Documents/Git/Data_science/07_IITK_AIML_Capstone/project1_autonomous_driving/data/part1/crops/00002137_1641_articulated_truck.jpg,articulated_truck,0,00002137,0,38,230,160,v3_no_ambiguous
/Users/sameerkarur/Documents/Git/Data_science/07_IITK_AIML_Capstone/project1_autonomous_driving/data/part1/crops/00004471_1642_work_van.jpg,work_van,8,00004471,81,84,167,173,v3_no_ambiguous
/Users/sameerkarur/Documents/Git/Data_science/07_IITK_AIML_Capstone/project1_autonomous_driving/data/part1/crops/00005430_1643_pickup_truck.jpg,pickup_truck,6,00005430,165,210,275,281,v3_no_ambiguous
/Users/sameerkarur/Documents/Git/Data_science/07_IITK_AIML_Capstone/project1_autonomous_driving/data/part1/crops/00004251_1644_articulated_truck.jpg,articulated_truck,0,00004251,0,63,569,322,v3_no_ambiguous
/Users/sameerkarur/Documents/Git/Data_science/07_IITK_AIML_Capstone/project1_autonomous_driving/data/part1/crops/00003958_1645_pickup_truck.jpg,pickup_truck,6,00003958,242,101,570,285,v3_no_ambiguous
/Users/sameerkarur/Documents/Git/Data_science/07_IITK_AIML_Capstone/project1_autonomous_driving/data/part1/crops/00002350_1646_single_unit_truck.jpg,single_unit_truck,7,00002350,295,51,433,134,v3_no_ambiguous
/Users/sameerkarur/Documents/Git/Data_science/07_IITK_AIML_Capstone/project1_autonomous_driving/data/part1/crops/00000631_1647_car.jpg,car,3,00000631,34,143,151,195,v3_no_ambiguous
/Users/sameerkarur/Documents/Git/Data_science/07_IITK_AIML_Capstone/project1_autonomous_driving/data/part1/crops/00005566_1648_work_van.jpg,work_van,8,00005566,0,234,110,339,v3_no_ambiguous
/Users/sameerkarur/Documents/Git/Data_science/07_IITK_AIML_Capstone/project1_autonomous_driving/data/part1/crops/00004997_1649_pickup_truck.jpg,pickup_truck,6,00004997,12,154,241,253,v3_no_ambiguous
/Users/sameerkarur/Documents/Git/Data_science/07_IITK_AIML_Capstone/project1_autonomous_driving/data/part1/crops/00000046_1650_car.jpg,car,3,00000046,43,104,161,161,v3_no_ambiguous
/Users/sameerkarur/Documents/Git/Data_science/07_IITK_AIML_Capstone/project1_autonomous_driving/data/part1/crops/00004340_1651_car.jpg,car,3,00004340,197,162,518,287,v3_no_ambiguous
/Users/sameerkarur/Documents/Git/Data_science/07_IITK_AIML_Capstone/project1_autonomous_driving/data/part1/crops/00002862_1652_bus.jpg,bus,2,00002862,215,81,618,198,v3_no_ambiguous
/Users/sameerkarur/Documents/Git/Data_science/07_IITK_AIML_Capstone/project1_autonomous_driving/data/part1/crops/00004356_1653_single_unit_truck.jpg,single_unit_truck,7,00004356,116,173,213,245,v3_no_ambiguous
/Users/sameerkarur/Documents/Git/Data_science/07_IITK_AIML_Capstone/project1_autonomous_driving/data/part1/crops/00002936_1654_single_unit_truck.jpg,single_unit_truck,7,00002936,145,27,216,77,v3_no_ambiguous
/Users/sameerkarur/Documents/Git/Data_science/07_IITK_AIML_Capstone/project1_autonomous_driving/data/part1/crops/00004297_1655_single_unit_truck.jpg,single_unit_truck,7,00004297,105,51,159,82,v3_no_ambiguous
/Users/sameerkarur/Documents/Git/Data_science/07_IITK_AIML_Capstone/project1_autonomous_driving/data/part1/crops/00003221_1656_car.jpg,car,3,00003221,630,182,677,221,v3_no_ambiguous
/Users/sameerkarur/Documents/Git/Data_science/07_IITK_AIML_Capstone/project1_autonomous_driving/data/part1/crops/00001800_1657_articulated_truck.jpg,articulated_truck,0,00001800,53,141,177,237,v3_no_ambiguous
/Users/sameerkarur/Documents/Git/Data_science/07_IITK_AIML_Capstone/project1_autonomous_driving/data/part1/crops/00001369_1658_car.jpg,car,3,00001369,489,76,526,101,v3_no_ambiguous
/Users/sameerkarur/Documents/Git/Data_science/07_IITK_AIML_Capstone/project1_autonomous_driving/data/part1/crops/00005268_1659_pickup_truck.jpg,pickup_truck,6,00005268,8,52,96,88,v3_no_ambiguous
/Users/sameerkarur/Documents/Git/Data_science/07_IITK_AIML_Capstone/project1_autonomous_driving/data/part1/crops/00000059_1660_car.jpg,car,3,00000059,152,132,191,161,v3_no_ambiguous
/Users/sameerkarur/Documents/Git/Data_science/07_IITK_AIML_Capstone/project1_autonomous_driving/data/part1/crops/00004144_1661_bus.jpg,bus,2,00004144,278,159,716,384,v3_no_ambiguous
/Users/sameerkarur/Documents/Git/Data_science/07_IITK_AIML_Capstone/project1_autonomous_driving/data/part1/crops/00001331_1662_car.jpg,car,3,00001331,386,328,568,479,v3_no_ambiguous
/Users/sameerkarur/Documents/Git/Data_science/07_IITK_AIML_Capstone/project1_autonomous_driving/data/part1/crops/00004620_1663_pickup_truck.jpg,pickup_truck,6,00004620,520,105,713,240,v3_no_ambiguous
/Users/sameerkarur/Documents/Git/Data_science/07_IITK_AIML_Capstone/project1_autonomous_driving/data/part1/crops/00003658_1664_articulated_truck.jpg,articulated_truck,0,00003658,421,0,644,76,v3_no_ambiguous
/Users/sameerkarur/Documents/Git/Data_science/07_IITK_AIML_Capstone/project1_autonomous_driving/data/part1/crops/00002220_1665_bus.jpg,bus,2,00002220,308,82,511,142,v3_no_ambiguous
/Users/sameerkarur/Documents/Git/Data_science/07_IITK_AIML_Capstone/project1_autonomous_driving/data/part1/crops/00004991_1666_car.jpg,car,3,00004991,165,53,263,92,v3_no_ambiguous
/Users/sameerkarur/Documents/Git/Data_science/07_IITK_AIML_Capstone/project1_autonomous_driving/data/part1/crops/00001002_1667_work_van.jpg,work_van,8,00001002,263,17,345,47,v3_no_ambiguous
/Users/sameerkarur/Documents/Git/Data_science/07_IITK_AIML_Capstone/project1_autonomous_driving/data/part1/crops/00003952_1668_articulated_truck.jpg,articulated_truck,0,00003952,264,100,420,187,v3_no_ambiguous
/Users/sameerkarur/Documents/Git/Data_science/07_IITK_AIML_Capstone/project1_autonomous_driving/data/part1/crops/00005440_1669_car.jpg,car,3,00005440,112,242,205,309,v3_no_ambiguous
/Users/sameerkarur/Documents/Git/Data_science/07_IITK_AIML_Capstone/project1_autonomous_driving/data/part1/crops/00004887_1670_pickup_truck.jpg,pickup_truck,6,00004887,76,53,132,92,v3_no_ambiguous
/Users/sameerkarur/Documents/Git/Data_science/07_IITK_AIML_Capstone/project1_autonomous_driving/data/part1/crops/00004162_1671_articulated_truck.jpg,articulated_truck,0,00004162,197,6,658,299,v3_no_ambiguous
/Users/sameerkarur/Documents/Git/Data_science/07_IITK_AIML_Capstone/project1_autonomous_driving/data/part1/crops/00001224_1672_pickup_truck.jpg,pickup_truck,6,00001224,272,77,420,148,v3_no_ambiguous
/Users/sameerkarur/Documents/Git/Data_science/07_IITK_AIML_Capstone/project1_autonomous_driving/data/part1/crops/00002875_1673_car.jpg,car,3,00002875,431,176,520,251,v3_no_ambiguous
/Users/sameerkarur/Documents/Git/Data_science/07_IITK_AIML_Capstone/project1_autonomous_driving/data/part1/crops/00002348_1674_car.jpg,car,3,00002348,423,47,535,83,v3_no_ambiguous
/Users/sameerkarur/Documents/Git/Data_science/07_IITK_AIML_Capstone/project1_autonomous_driving/data/part1/crops/00004760_1675_pickup_truck.jpg,pickup_truck,6,00004760,104,246,370,359,v3_no_ambiguous
/Users/sameerkarur/Documents/Git/Data_science/07_IITK_AIML_Capstone/project1_autonomous_driving/data/part1/crops/00003736_1676_pickup_truck.jpg,pickup_truck,6,00003736,653,97,713,147,v3_no_ambiguous
/Users/sameerkarur/Documents/Git/Data_science/07_IITK_AIML_Capstone/project1_autonomous_driving/data/part1/crops/00002587_1677_pickup_truck.jpg,pickup_truck,6,00002587,295,56,551,182,v3_no_ambiguous
/Users/sameerkarur/Documents/Git/Data_science/07_IITK_AIML_Capstone/project1_autonomous_driving/data/part1/crops/00000814_1678_articulated_truck.jpg,articulated_truck,0,00000814,175,15,420,69,v3_no_ambiguous
/Users/sameerkarur/Documents/Git/Data_science/07_IITK_AIML_Capstone/project1_autonomous_driving/data/part1/crops/00003373_1679_pickup_truck.jpg,pickup_truck,6,00003373,237,51,302,82,v3_no_ambiguous
/Users/sameerkarur/Documents/Git/Data_science/07_IITK_AIML_Capstone/project1_autonomous_driving/data/part1/crops/00004841_1680_bus.jpg,bus,2,00004841,2,213,258,477,v3_no_ambiguous
/Users/sameerkarur/Documents/Git/Data_science/07_IITK_AIML_Capstone/project1_autonomous_driving/data/part1/crops/00001271_1681_pickup_truck.jpg,pickup_truck,6,00001271,122,41,250,89,v3_no_ambiguous
/Users/sameerkarur/Documents/Git/Data_science/07_IITK_AIML_Capstone/project1_autonomous_driving/data/part1/crops/00004008_1682_single_unit_truck.jpg,single_unit_truck,7,00004008,331,34,360,65,v3_no_ambiguous
/Users/sameerkarur/Documents/Git/Data_science/07_IITK_AIML_Capstone/project1_autonomous_driving/data/part1/crops/00003913_1683_pickup_truck.jpg,pickup_truck,6,00003913,363,198,506,317,v3_no_ambiguous
/Users/sameerkarur/Documents/Git/Data_science/07_IITK_AIML_Capstone/project1_autonomous_driving/data/part1/crops/00005304_1684_car.jpg,car,3,00005304,86,229,203,302,v3_no_ambiguous
/Users/sameerkarur/Documents/Git/Data_science/07_IITK_AIML_Capstone/project1_autonomous_driving/data/part1/crops/00003100_1685_articulated_truck.jpg,articulated_truck,0,00003100,257,172,718,445,v3_no_ambiguous
/Users/sameerkarur/Documents/Git/Data_science/07_IITK_AIML_Capstone/project1_autonomous_driving/data/part1/crops/00000974_1686_bus.jpg,bus,2,00000974,563,125,719,208,v3_no_ambiguous
/Users/sameerkarur/Documents/Git/Data_science/07_IITK_AIML_Capstone/project1_autonomous_driving/data/part1/crops/00004840_1687_pickup_truck.jpg,pickup_truck,6,00004840,308,231,576,414,v3_no_ambiguous
/Users/sameerkarur/Documents/Git/Data_science/07_IITK_AIML_Capstone/project1_autonomous_driving/data/part1/crops/00001809_1688_work_van.jpg,work_van,8,00001809,167,155,435,287,v3_no_ambiguous
/Users/sameerkarur/Documents/Git/Data_science/07_IITK_AIML_Capstone/project1_autonomous_driving/data/part1/crops/00002968_1689_car.jpg,car,3,00002968,184,168,262,205,v3_no_ambiguous
/Users/sameerkarur/Documents/Git/Data_science/07_IITK_AIML_Capstone/project1_autonomous_driving/data/part1/crops/00001401_1690_car.jpg,car,3,00001401,383,197,459,237,v3_no_ambiguous
/Users/sameerkarur/Documents/Git/Data_science/07_IITK_AIML_Capstone/project1_autonomous_driving/data/part1/crops/00003900_1691_motorcycle.jpg,motorcycle,4,00003900,341,269,403,364,v3_no_ambiguous
/Users/sameerkarur/Documents/Git/Data_science/07_IITK_AIML_Capstone/project1_autonomous_driving/data/part1/crops/00004665_1692_car.jpg,car,3,00004665,631,181,686,231,v3_no_ambiguous
/Users/sameerkarur/Documents/Git/Data_science/07_IITK_AIML_Capstone/project1_autonomous_driving/data/part1/crops/00003772_1693_car.jpg,car,3,00003772,130,193,221,245,v3_no_ambiguous
/Users/sameerkarur/Documents/Git/Data_science/07_IITK_AIML_Capstone/project1_autonomous_driving/data/part1/crops/00003309_1694_bus.jpg,bus,2,00003309,447,128,711,190,v3_no_ambiguous
/Users/sameerkarur/Documents/Git/Data_science/07_IITK_AIML_Capstone/project1_autonomous_driving/data/part1/crops/00002111_1695_pedestrian.jpg,pedestrian,5,00002111,23,324,56,390,v3_no_ambiguous
/Users/sameerkarur/Documents/Git/Data_science/07_IITK_AIML_Capstone/project1_autonomous_driving/data/part1/crops/00005412_1696_articulated_truck.jpg,articulated_truck,0,00005412,0,44,122,119,v3_no_ambiguous
/Users/sameerkarur/Documents/Git/Data_science/07_IITK_AIML_Capstone/project1_autonomous_driving/data/part1/crops/00005373_1697_car.jpg,car,3,00005373,350,129,398,156,v3_no_ambiguous
/Users/sameerkarur/Documents/Git/Data_science/07_IITK_AIML_Capstone/project1_autonomous_driving/data/part1/crops/00003811_1698_pickup_truck.jpg,pickup_truck,6,00003811,550,182,609,206,v3_no_ambiguous
/Users/sameerkarur/Documents/Git/Data_science/07_IITK_AIML_Capstone/project1_autonomous_driving/data/part1/crops/00002752_1699_work_van.jpg,work_van,8,00002752,106,50,355,235,v3_no_ambiguous
/Users/sameerkarur/Documents/Git/Data_science/07_IITK_AIML_Capstone/project1_autonomous_driving/data/part1/crops/00002889_1700_bus.jpg,bus,2,00002889,505,154,716,278,v3_no_ambiguous
/Users/sameerkarur/Documents/Git/Data_science/07_IITK_AIML_Capstone/project1_autonomous_driving/data/part1/crops/00002454_1701_car.jpg,car,3,00002454,314,363,641,479,v3_no_ambiguous
/Users/sameerkarur/Documents/Git/Data_science/07_IITK_AIML_Capstone/project1_autonomous_driving/data/part1/crops/00005453_1702_pickup_truck.jpg,pickup_truck,6,00005453,257,224,398,301,v3_no_ambiguous
/Users/sameerkarur/Documents/Git/Data_science/07_IITK_AIML_Capstone/project1_autonomous_driving/data/part1/crops/00002813_1703_pickup_truck.jpg,pickup_truck,6,00002813,127,43,239,95,v3_no_ambiguous
/Users/sameerkarur/Documents/Git/Data_science/07_IITK_AIML_Capstone/project1_autonomous_driving/data/part1/crops/00005289_1704_bus.jpg,bus,2,00005289,13,44,86,114,v3_no_ambiguous
/Users/sameerkarur/Documents/Git/Data_science/07_IITK_AIML_Capstone/project1_autonomous_driving/data/part1/crops/00001344_1705_articulated_truck.jpg,articulated_truck,0,00001344,410,15,501,57,v3_no_ambiguous
/Users/sameerkarur/Documents/Git/Data_science/07_IITK_AIML_Capstone/project1_autonomous_driving/data/part1/crops/00000043_1706_car.jpg,car,3,00000043,584,75,642,121,v3_no_ambiguous
/Users/sameerkarur/Documents/Git/Data_science/07_IITK_AIML_Capstone/project1_autonomous_driving/data/part1/crops/00000885_1707_pickup_truck.jpg,pickup_truck,6,00000885,552,181,614,207,v3_no_ambiguous
/Users/sameerkarur/Documents/Git/Data_science/07_IITK_AIML_Capstone/project1_autonomous_driving/data/part1/crops/00001626_1708_bus.jpg,bus,2,00001626,2,131,655,350,v3_no_ambiguous
/Users/sameerkarur/Documents/Git/Data_science/07_IITK_AIML_Capstone/project1_autonomous_driving/data/part1/crops/00005257_1709_bus.jpg,bus,2,00005257,222,1,708,309,v3_no_ambiguous
/Users/sameerkarur/Documents/Git/Data_science/07_IITK_AIML_Capstone/project1_autonomous_driving/data/part1/crops/00005155_1710_work_van.jpg,work_van,8,00005155,39,139,262,262,v3_no_ambiguous
/Users/sameerkarur/Documents/Git/Data_science/07_IITK_AIML_Capstone/project1_autonomous_driving/data/part1/crops/00000735_1711_car.jpg,car,3,00000735,115,92,340,237,v3_no_ambiguous
/Users/sameerkarur/Documents/Git/Data_science/07_IITK_AIML_Capstone/project1_autonomous_driving/data/part1/crops/00005407_1712_bus.jpg,bus,2,00005407,71,82,206,173,v3_no_ambiguous
/Users/sameerkarur/Documents/Git/Data_science/07_IITK_AIML_Capstone/project1_autonomous_driving/data/part1/crops/00005266_1713_car.jpg,car,3,00005266,0,89,57,137,v3_no_ambiguous
/Users/sameerkarur/Documents/Git/Data_science/07_IITK_AIML_Capstone/project1_autonomous_driving/data/part1/crops/00005577_1714_car.jpg,car,3,00005577,647,173,699,204,v3_no_ambiguous
/Users/sameerkarur/Documents/Git/Data_science/07_IITK_AIML_Capstone/project1_autonomous_driving/data/part1/crops/00005397_1715_pedestrian.jpg,pedestrian,5,00005397,72,376,123,446,v3_no_ambiguous
/Users/sameerkarur/Documents/Git/Data_science/07_IITK_AIML_Capstone/project1_autonomous_driving/data/part1/crops/00004024_1716_bus.jpg,bus,2,00004024,40,3,710,260,v3_no_ambiguous
/Users/sameerkarur/Documents/Git/Data_science/07_IITK_AIML_Capstone/project1_autonomous_driving/data/part1/crops/00005339_1717_car.jpg,car,3,00005339,606,143,641,178,v3_no_ambiguous
/Users/sameerkarur/Documents/Git/Data_science/07_IITK_AIML_Capstone/project1_autonomous_driving/data/part1/crops/00002564_1718_articulated_truck.jpg,articulated_truck,0,00002564,486,121,715,217,v3_no_ambiguous
/Users/sameerkarur/Documents/Git/Data_science/07_IITK_AIML_Capstone/project1_autonomous_driving/data/part1/crops/00004423_1719_pickup_truck.jpg,pickup_truck,6,00004423,0,63,49,94,v3_no_ambiguous
/Users/sameerkarur/Documents/Git/Data_science/07_IITK_AIML_Capstone/project1_autonomous_driving/data/part1/crops/00000585_1720_pickup_truck.jpg,pickup_truck,6,00000585,282,78,497,162,v3_no_ambiguous
/Users/sameerkarur/Documents/Git/Data_science/07_IITK_AIML_Capstone/project1_autonomous_driving/data/part1/crops/00001570_1721_motorcycle.jpg,motorcycle,4,00001570,146,170,187,213,v3_no_ambiguous
/Users/sameerkarur/Documents/Git/Data_science/07_IITK_AIML_Capstone/project1_autonomous_driving/data/part1/crops/00000161_1722_bus.jpg,bus,2,00000161,205,144,545,295,v3_no_ambiguous
/Users/sameerkarur/Documents/Git/Data_science/07_IITK_AIML_Capstone/project1_autonomous_driving/data/part1/crops/00003414_1723_car.jpg,car,3,00003414,679,183,718,222,v3_no_ambiguous
/Users/sameerkarur/Documents/Git/Data_science/07_IITK_AIML_Capstone/project1_autonomous_driving/data/part1/crops/00005129_1724_pickup_truck.jpg,pickup_truck,6,00005129,32,85,167,143,v3_no_ambiguous
/Users/sameerkarur/Documents/Git/Data_science/07_IITK_AIML_Capstone/project1_autonomous_driving/data/part1/crops/00000552_1725_pickup_truck.jpg,pickup_truck,6,00000552,593,206,712,371,v3_no_ambiguous
/Users/sameerkarur/Documents/Git/Data_science/07_IITK_AIML_Capstone/project1_autonomous_driving/data/part1/crops/00001644_1726_car.jpg,car,3,00001644,445,250,630,339,v3_no_ambiguous
/Users/sameerkarur/Documents/Git/Data_science/07_IITK_AIML_Capstone/project1_autonomous_driving/data/part1/crops/00004544_1727_bus.jpg,bus,2,00004544,260,142,317,214,v3_no_ambiguous
/Users/sameerkarur/Documents/Git/Data_science/07_IITK_AIML_Capstone/project1_autonomous_driving/data/part1/crops/00003890_1728_pickup_truck.jpg,pickup_truck,6,00003890,122,121,304,200,v3_no_ambiguous
/Users/sameerkarur/Documents/Git/Data_science/07_IITK_AIML_Capstone/project1_autonomous_driving/data/part1/crops/00004528_1729_car.jpg,car,3,00004528,614,133,640,157,v3_no_ambiguous
/Users/sameerkarur/Documents/Git/Data_science/07_IITK_AIML_Capstone/project1_autonomous_driving/data/part1/crops/00001508_1730_pickup_truck.jpg,pickup_truck,6,00001508,572,165,634,189,v3_no_ambiguous
/Users/sameerkarur/Documents/Git/Data_science/07_IITK_AIML_Capstone/project1_autonomous_driving/data/part1/crops/00000146_1731_pedestrian.jpg,pedestrian,5,00000146,6,391,95,458,v3_no_ambiguous
/Users/sameerkarur/Documents/Git/Data_science/07_IITK_AIML_Capstone/project1_autonomous_driving/data/part1/crops/00005649_1732_bus.jpg,bus,2,00005649,435,136,615,230,v3_no_ambiguous
/Users/sameerkarur/Documents/Git/Data_science/07_IITK_AIML_Capstone/project1_autonomous_driving/data/part1/crops/00004152_1733_car.jpg,car,3,00004152,665,180,712,219,v3_no_ambiguous
/Users/sameerkarur/Documents/Git/Data_science/07_IITK_AIML_Capstone/project1_autonomous_driving/data/part1/crops/00003209_1734_car.jpg,car,3,00003209,417,85,475,128,v3_no_ambiguous
/Users/sameerkarur/Documents/Git/Data_science/07_IITK_AIML_Capstone/project1_autonomous_driving/data/part1/crops/00003403_1735_car.jpg,car,3,00003403,139,261,205,360,v3_no_ambiguous
/Users/sameerkarur/Documents/Git/Data_science/07_IITK_AIML_Capstone/project1_autonomous_driving/data/part1/crops/00002093_1736_articulated_truck.jpg,articulated_truck,0,00002093,265,72,327,124,v3_no_ambiguous
/Users/sameerkarur/Documents/Git/Data_science/07_IITK_AIML_Capstone/project1_autonomous_driving/data/part1/crops/00004417_1737_car.jpg,car,3,00004417,101,100,189,136,v3_no_ambiguous
/Users/sameerkarur/Documents/Git/Data_science/07_IITK_AIML_Capstone/project1_autonomous_driving/data/part1/crops/00004339_1738_pickup_truck.jpg,pickup_truck,6,00004339,587,106,710,179,v3_no_ambiguous
/Users/sameerkarur/Documents/Git/Data_science/07_IITK_AIML_Capstone/project1_autonomous_driving/data/part1/crops/00002921_1739_car.jpg,car,3,00002921,499,118,547,143,v3_no_ambiguous
/Users/sameerkarur/Documents/Git/Data_science/07_IITK_AIML_Capstone/project1_autonomous_driving/data/part1/crops/00001582_1740_pickup_truck.jpg,pickup_truck,6,00001582,608,235,666,267,v3_no_ambiguous
/Users/sameerkarur/Documents/Git/Data_science/07_IITK_AIML_Capstone/project1_autonomous_driving/data/part1/crops/00001918_1741_bus.jpg,bus,2,00001918,47,100,359,321,v3_no_ambiguous
/Users/sameerkarur/Documents/Git/Data_science/07_IITK_AIML_Capstone/project1_autonomous_driving/data/part1/crops/00002164_1742_pickup_truck.jpg,pickup_truck,6,00002164,256,247,414,364,v3_no_ambiguous
/Users/sameerkarur/Documents/Git/Data_science/07_IITK_AIML_Capstone/project1_autonomous_driving/data/part1/crops/00005349_1743_pickup_truck.jpg,pickup_truck,6,00005349,328,66,576,181,v3_no_ambiguous
/Users/sameerkarur/Documents/Git/Data_science/07_IITK_AIML_Capstone/project1_autonomous_driving/data/part1/crops/00001016_1744_work_van.jpg,work_van,8,00001016,74,43,112,71,v3_no_ambiguous
/Users/sameerkarur/Documents/Git/Data_science/07_IITK_AIML_Capstone/project1_autonomous_driving/data/part1/crops/00000275_1745_articulated_truck.jpg,articulated_truck,0,00000275,58,101,413,326,v3_no_ambiguous
/Users/sameerkarur/Documents/Git/Data_science/07_IITK_AIML_Capstone/project1_autonomous_driving/data/part1/crops/00001192_1746_single_unit_truck.jpg,single_unit_truck,7,00001192,195,141,375,323,v3_no_ambiguous
/Users/sameerkarur/Documents/Git/Data_science/07_IITK_AIML_Capstone/project1_autonomous_driving/data/part1/crops/00002166_1747_articulated_truck.jpg,articulated_truck,0,00002166,5,17,132,58,v3_no_ambiguous
/Users/sameerkarur/Documents/Git/Data_science/07_IITK_AIML_Capstone/project1_autonomous_driving/data/part1/crops/00001130_1748_car.jpg,car,3,00001130,35,31,94,64,v3_no_ambiguous
/Users/sameerkarur/Documents/Git/Data_science/07_IITK_AIML_Capstone/project1_autonomous_driving/data/part1/crops/00002923_1749_bus.jpg,bus,2,00002923,239,150,716,467,v3_no_ambiguous
/Users/sameerkarur/Documents/Git/Data_science/07_IITK_AIML_Capstone/project1_autonomous_driving/data/part1/crops/00005535_1750_motorcycle.jpg,motorcycle,4,00005535,286,293,363,374,v3_no_ambiguous
/Users/sameerkarur/Documents/Git/Data_science/07_IITK_AIML_Capstone/project1_autonomous_driving/data/part1/crops/00002268_1751_bus.jpg,bus,2,00002268,57,60,288,137,v3_no_ambiguous
/Users/sameerkarur/Documents/Git/Data_science/07_IITK_AIML_Capstone/project1_autonomous_driving/data/part1/crops/00004976_1752_articulated_truck.jpg,articulated_truck,0,00004976,419,0,656,71,v3_no_ambiguous
/Users/sameerkarur/Documents/Git/Data_science/07_IITK_AIML_Capstone/project1_autonomous_driving/data/part1/crops/00003179_1753_car.jpg,car,3,00003179,124,272,194,381,v3_no_ambiguous
/Users/sameerkarur/Documents/Git/Data_science/07_IITK_AIML_Capstone/project1_autonomous_driving/data/part1/crops/00000624_1754_pickup_truck.jpg,pickup_truck,6,00000624,562,161,629,195,v3_no_ambiguous
/Users/sameerkarur/Documents/Git/Data_science/07_IITK_AIML_Capstone/project1_autonomous_driving/data/part1/crops/00003414_1755_bicycle.jpg,bicycle,1,00003414,219,338,256,415,v3_no_ambiguous
/Users/sameerkarur/Documents/Git/Data_science/07_IITK_AIML_Capstone/project1_autonomous_driving/data/part1/crops/00004640_1756_work_van.jpg,work_van,8,00004640,4,107,74,161,v3_no_ambiguous
/Users/sameerkarur/Documents/Git/Data_science/07_IITK_AIML_Capstone/project1_autonomous_driving/data/part1/crops/00005491_1757_bus.jpg,bus,2,00005491,121,143,197,186,v3_no_ambiguous
/Users/sameerkarur/Documents/Git/Data_science/07_IITK_AIML_Capstone/project1_autonomous_driving/data/part1/crops/00000437_1758_car.jpg,car,3,00000437,120,38,217,91,v3_no_ambiguous
/Users/sameerkarur/Documents/Git/Data_science/07_IITK_AIML_Capstone/project1_autonomous_driving/data/part1/crops/00001477_1759_bus.jpg,bus,2,00001477,410,67,586,194,v3_no_ambiguous
/Users/sameerkarur/Documents/Git/Data_science/07_IITK_AIML_Capstone/project1_autonomous_driving/data/part1/crops/00003060_1760_car.jpg,car,3,00003060,184,221,304,302,v3_no_ambiguous
/Users/sameerkarur/Documents/Git/Data_science/07_IITK_AIML_Capstone/project1_autonomous_driving/data/part1/crops/00005141_1761_work_van.jpg,work_van,8,00005141,444,191,570,426,v3_no_ambiguous
/Users/sameerkarur/Documents/Git/Data_science/07_IITK_AIML_Capstone/project1_autonomous_driving/data/part1/crops/00003014_1762_pickup_truck.jpg,pickup_truck,6,00003014,51,87,168,195,v3_no_ambiguous
/Users/sameerkarur/Documents/Git/Data_science/07_IITK_AIML_Capstone/project1_autonomous_driving/data/part1/crops/00004386_1763_articulated_truck.jpg,articulated_truck,0,00004386,608,96,700,125,v3_no_ambiguous
/Users/sameerkarur/Documents/Git/Data_science/07_IITK_AIML_Capstone/project1_autonomous_driving/data/part1/crops/00001435_1764_car.jpg,car,3,00001435,416,253,656,375,v3_no_ambiguous
/Users/sameerkarur/Documents/Git/Data_science/07_IITK_AIML_Capstone/project1_autonomous_driving/data/part1/crops/00000847_1765_bus.jpg,bus,2,00000847,482,146,696,271,v3_no_ambiguous
/Users/sameerkarur/Documents/Git/Data_science/07_IITK_AIML_Capstone/project1_autonomous_driving/data/part1/crops/00003821_1766_pickup_truck.jpg,pickup_truck,6,00003821,53,58,112,83,v3_no_ambiguous
/Users/sameerkarur/Documents/Git/Data_science/07_IITK_AIML_Capstone/project1_autonomous_driving/data/part1/crops/00001118_1767_car.jpg,car,3,00001118,503,152,556,181,v3_no_ambiguous
/Users/sameerkarur/Documents/Git/Data_science/07_IITK_AIML_Capstone/project1_autonomous_driving/data/part1/crops/00004478_1768_motorcycle.jpg,motorcycle,4,00004478,166,218,232,354,v3_no_ambiguous
/Users/sameerkarur/Documents/Git/Data_science/07_IITK_AIML_Capstone/project1_autonomous_driving/data/part1/crops/00001429_1769_single_unit_truck.jpg,single_unit_truck,7,00001429,174,129,218,153,v3_no_ambiguous
/Users/sameerkarur/Documents/Git/Data_science/07_IITK_AIML_Capstone/project1_autonomous_driving/data/part1/crops/00004293_1770_articulated_truck.jpg,articulated_truck,0,00004293,0,75,427,424,v3_no_ambiguous
/Users/sameerkarur/Documents/Git/Data_science/07_IITK_AIML_Capstone/project1_autonomous_driving/data/part1/crops/00003964_1771_articulated_truck.jpg,articulated_truck,0,00003964,210,17,336,56,v3_no_ambiguous
/Users/sameerkarur/Documents/Git/Data_science/07_IITK_AIML_Capstone/project1_autonomous_driving/data/part1/crops/00005492_1772_bus.jpg,bus,2,00005492,232,66,429,277,v3_no_ambiguous
/Users/sameerkarur/Documents/Git/Data_science/07_IITK_AIML_Capstone/project1_autonomous_driving/data/part1/crops/00004313_1773_articulated_truck.jpg,articulated_truck,0,00004313,2,38,641,333,v3_no_ambiguous
/Users/sameerkarur/Documents/Git/Data_science/07_IITK_AIML_Capstone/project1_autonomous_driving/data/part1/crops/00000835_1774_pickup_truck.jpg,pickup_truck,6,00000835,259,43,307,67,v3_no_ambiguous
/Users/sameerkarur/Documents/Git/Data_science/07_IITK_AIML_Capstone/project1_autonomous_driving/data/part1/crops/00001065_1775_car.jpg,car,3,00001065,530,230,637,305,v3_no_ambiguous
/Users/sameerkarur/Documents/Git/Data_science/07_IITK_AIML_Capstone/project1_autonomous_driving/data/part1/crops/00003289_1776_work_van.jpg,work_van,8,00003289,55,215,123,277,v3_no_ambiguous
/Users/sameerkarur/Documents/Git/Data_science/07_IITK_AIML_Capstone/project1_autonomous_driving/data/part1/crops/00001402_1777_single_unit_truck.jpg,single_unit_truck,7,00001402,200,110,664,479,v3_no_ambiguous
/Users/sameerkarur/Documents/Git/Data_science/07_IITK_AIML_Capstone/project1_autonomous_driving/data/part1/crops/00001676_1778_bus.jpg,bus,2,00001676,369,56,521,212,v3_no_ambiguous
/Users/sameerkarur/Documents/Git/Data_science/07_IITK_AIML_Capstone/project1_autonomous_driving/data/part1/crops/00001980_1779_car.jpg,car,3,00001980,82,109,145,134,v3_no_ambiguous
/Users/sameerkarur/Documents/Git/Data_science/07_IITK_AIML_Capstone/project1_autonomous_driving/data/part1/crops/00001383_1780_car.jpg,car,3,00001383,136,246,306,358,v3_no_ambiguous
/Users/sameerkarur/Documents/Git/Data_science/07_IITK_AIML_Capstone/project1_autonomous_driving/data/part1/crops/00005375_1781_car.jpg,car,3,00005375,651,175,688,203,v3_no_ambiguous
/Users/sameerkarur/Documents/Git/Data_science/07_IITK_AIML_Capstone/project1_autonomous_driving/data/part1/crops/00002803_1782_car.jpg,car,3,00002803,490,139,527,166,v3_no_ambiguous
/Users/sameerkarur/Documents/Git/Data_science/07_IITK_AIML_Capstone/project1_autonomous_driving/data/part1/crops/00000017_1783_car.jpg,car,3,00000017,501,197,716,425,v3_no_ambiguous
/Users/sameerkarur/Documents/Git/Data_science/07_IITK_AIML_Capstone/project1_autonomous_driving/data/part1/crops/00005152_1784_motorcycle.jpg,motorcycle,4,00005152,126,110,182,152,v3_no_ambiguous
/Users/sameerkarur/Documents/Git/Data_science/07_IITK_AIML_Capstone/project1_autonomous_driving/data/part1/crops/00003430_1785_bus.jpg,bus,2,00003430,172,77,414,224,v3_no_ambiguous
/Users/sameerkarur/Documents/Git/Data_science/07_IITK_AIML_Capstone/project1_autonomous_driving/data/part1/crops/00002599_1786_car.jpg,car,3,00002599,247,107,352,167,v3_no_ambiguous
/Users/sameerkarur/Documents/Git/Data_science/07_IITK_AIML_Capstone/project1_autonomous_driving/data/part1/crops/00001144_1787_articulated_truck.jpg,articulated_truck,0,00001144,0,157,387,478,v3_no_ambiguous
/Users/sameerkarur/Documents/Git/Data_science/07_IITK_AIML_Capstone/project1_autonomous_driving/data/part1/crops/00001877_1788_work_van.jpg,work_van,8,00001877,508,161,718,305,v3_no_ambiguous
/Users/sameerkarur/Documents/Git/Data_science/07_IITK_AIML_Capstone/project1_autonomous_driving/data/part1/crops/00001253_1789_car.jpg,car,3,00001253,610,134,639,158,v3_no_ambiguous
/Users/sameerkarur/Documents/Git/Data_science/07_IITK_AIML_Capstone/project1_autonomous_driving/data/part1/crops/00000402_1790_single_unit_truck.jpg,single_unit_truck,7,00000402,313,40,348,68,v3_no_ambiguous
/Users/sameerkarur/Documents/Git/Data_science/07_IITK_AIML_Capstone/project1_autonomous_driving/data/part1/crops/00003052_1791_car.jpg,car,3,00003052,264,168,379,255,v3_no_ambiguous
/Users/sameerkarur/Documents/Git/Data_science/07_IITK_AIML_Capstone/project1_autonomous_driving/data/part1/crops/00000180_1792_articulated_truck.jpg,articulated_truck,0,00000180,237,25,337,62,v3_no_ambiguous
/Users/sameerkarur/Documents/Git/Data_science/07_IITK_AIML_Capstone/project1_autonomous_driving/data/part1/crops/00004023_1793_bus.jpg,bus,2,00004023,139,32,391,179,v3_no_ambiguous
/Users/sameerkarur/Documents/Git/Data_science/07_IITK_AIML_Capstone/project1_autonomous_driving/data/part1/crops/00003979_1794_car.jpg,car,3,00003979,632,173,689,228,v3_no_ambiguous
/Users/sameerkarur/Documents/Git/Data_science/07_IITK_AIML_Capstone/project1_autonomous_driving/data/part1/crops/00003714_1795_bus.jpg,bus,2,00003714,142,183,280,334,v3_no_ambiguous
/Users/sameerkarur/Documents/Git/Data_science/07_IITK_AIML_Capstone/project1_autonomous_driving/data/part1/crops/00003127_1796_single_unit_truck.jpg,single_unit_truck,7,00003127,258,156,336,237,v3_no_ambiguous
/Users/sameerkarur/Documents/Git/Data_science/07_IITK_AIML_Capstone/project1_autonomous_driving/data/part1/crops/00005408_1797_bus.jpg,bus,2,00005408,165,36,394,175,v3_no_ambiguous
/Users/sameerkarur/Documents/Git/Data_science/07_IITK_AIML_Capstone/project1_autonomous_driving/data/part1/crops/00002981_1798_pickup_truck.jpg,pickup_truck,6,00002981,524,112,558,138,v3_no_ambiguous
/Users/sameerkarur/Documents/Git/Data_science/07_IITK_AIML_Capstone/project1_autonomous_driving/data/part1/crops/00001020_1799_bicycle.jpg,bicycle,1,00001020,412,142,451,238,v3_no_ambiguous
/Users/sameerkarur/Documents/Git/Data_science/07_IITK_AIML_Capstone/project1_autonomous_driving/data/part1/crops/00000160_1800_car.jpg,car,3,00000160,104,413,168,479,v3_no_ambiguous
/Users/sameerkarur/Documents/Git/Data_science/07_IITK_AIML_Capstone/project1_autonomous_driving/data/part1/crops/00003352_1801_car.jpg,car,3,00003352,483,151,524,176,v3_no_ambiguous
/Users/sameerkarur/Documents/Git/Data_science/07_IITK_AIML_Capstone/project1_autonomous_driving/data/part1/crops/00002416_1802_car.jpg,car,3,00002416,37,112,129,200,v3_no_ambiguous
/Users/sameerkarur/Documents/Git/Data_science/07_IITK_AIML_Capstone/project1_autonomous_driving/data/part1/crops/00004010_1803_pickup_truck.jpg,pickup_truck,6,00004010,353,98,608,289,v3_no_ambiguous
/Users/sameerkarur/Documents/Git/Data_science/07_IITK_AIML_Capstone/project1_autonomous_driving/data/part1/crops/00000854_1804_pickup_truck.jpg,pickup_truck,6,00000854,328,117,384,151,v3_no_ambiguous
/Users/sameerkarur/Documents/Git/Data_science/07_IITK_AIML_Capstone/project1_autonomous_driving/data/part1/crops/00004122_1805_car.jpg,car,3,00004122,608,167,651,210,v3_no_ambiguous
/Users/sameerkarur/Documents/Git/Data_science/07_IITK_AIML_Capstone/project1_autonomous_driving/data/part1/crops/00004044_1806_car.jpg,car,3,00004044,57,105,193,171,v3_no_ambiguous
/Users/sameerkarur/Documents/Git/Data_science/07_IITK_AIML_Capstone/project1_autonomous_driving/data/part1/crops/00000096_1807_articulated_truck.jpg,articulated_truck,0,00000096,6,31,98,67,v3_no_ambiguous
/Users/sameerkarur/Documents/Git/Data_science/07_IITK_AIML_Capstone/project1_autonomous_driving/data/part1/crops/00005550_1808_articulated_truck.jpg,articulated_truck,0,00005550,43,123,116,180,v3_no_ambiguous
/Users/sameerkarur/Documents/Git/Data_science/07_IITK_AIML_Capstone/project1_autonomous_driving/data/part1/crops/00001441_1809_pickup_truck.jpg,pickup_truck,6,00001441,132,80,258,164,v3_no_ambiguous
/Users/sameerkarur/Documents/Git/Data_science/07_IITK_AIML_Capstone/project1_autonomous_driving/data/part1/crops/00004516_1810_pickup_truck.jpg,pickup_truck,6,00004516,28,60,78,104,v3_no_ambiguous
/Users/sameerkarur/Documents/Git/Data_science/07_IITK_AIML_Capstone/project1_autonomous_driving/data/part1/crops/00002944_1811_car.jpg,car,3,00002944,315,97,379,129,v3_no_ambiguous
/Users/sameerkarur/Documents/Git/Data_science/07_IITK_AIML_Capstone/project1_autonomous_driving/data/part1/crops/00004651_1812_work_van.jpg,work_van,8,00004651,558,154,680,290,v3_no_ambiguous
/Users/sameerkarur/Documents/Git/Data_science/07_IITK_AIML_Capstone/project1_autonomous_driving/data/part1/crops/00004106_1813_pickup_truck.jpg,pickup_truck,6,00004106,240,109,339,164,v3_no_ambiguous
/Users/sameerkarur/Documents/Git/Data_science/07_IITK_AIML_Capstone/project1_autonomous_driving/data/part1/crops/00003918_1814_car.jpg,car,3,00003918,630,174,684,225,v3_no_ambiguous
/Users/sameerkarur/Documents/Git/Data_science/07_IITK_AIML_Capstone/project1_autonomous_driving/data/part1/crops/00005398_1815_pickup_truck.jpg,pickup_truck,6,00005398,235,250,431,403,v3_no_ambiguous
/Users/sameerkarur/Documents/Git/Data_science/07_IITK_AIML_Capstone/project1_autonomous_driving/data/part1/crops/00001150_1816_pickup_truck.jpg,pickup_truck,6,00001150,36,88,180,149,v3_no_ambiguous
/Users/sameerkarur/Documents/Git/Data_science/07_IITK_AIML_Capstone/project1_autonomous_driving/data/part1/crops/00003468_1817_car.jpg,car,3,00003468,502,223,604,277,v3_no_ambiguous
/Users/sameerkarur/Documents/Git/Data_science/07_IITK_AIML_Capstone/project1_autonomous_driving/data/part1/crops/00005166_1818_bus.jpg,bus,2,00005166,23,88,437,465,v3_no_ambiguous
/Users/sameerkarur/Documents/Git/Data_science/07_IITK_AIML_Capstone/project1_autonomous_driving/data/part1/crops/00002165_1819_work_van.jpg,work_van,8,00002165,88,256,244,407,v3_no_ambiguous
/Users/sameerkarur/Documents/Git/Data_science/07_IITK_AIML_Capstone/project1_autonomous_driving/data/part1/crops/00002998_1820_articulated_truck.jpg,articulated_truck,0,00002998,415,14,515,62,v3_no_ambiguous
/Users/sameerkarur/Documents/Git/Data_science/07_IITK_AIML_Capstone/project1_autonomous_driving/data/part1/crops/00005623_1821_car.jpg,car,3,00005623,587,256,707,338,v3_no_ambiguous
/Users/sameerkarur/Documents/Git/Data_science/07_IITK_AIML_Capstone/project1_autonomous_driving/data/part1/crops/00005090_1822_car.jpg,car,3,00005090,391,142,451,171,v3_no_ambiguous
/Users/sameerkarur/Documents/Git/Data_science/07_IITK_AIML_Capstone/project1_autonomous_driving/data/part1/crops/00003764_1823_single_unit_truck.jpg,single_unit_truck,7,00003764,25,10,131,66,v3_no_ambiguous
/Users/sameerkarur/Documents/Git/Data_science/07_IITK_AIML_Capstone/project1_autonomous_driving/data/part1/crops/00000112_1824_articulated_truck.jpg,articulated_truck,0,00000112,139,76,202,129,v3_no_ambiguous
/Users/sameerkarur/Documents/Git/Data_science/07_IITK_AIML_Capstone/project1_autonomous_driving/data/part1/crops/00005074_1825_bus.jpg,bus,2,00005074,79,30,175,69,v3_no_ambiguous
/Users/sameerkarur/Documents/Git/Data_science/07_IITK_AIML_Capstone/project1_autonomous_driving/data/part1/crops/00004469_1826_articulated_truck.jpg,articulated_truck,0,00004469,442,4,512,31,v3_no_ambiguous
/Users/sameerkarur/Documents/Git/Data_science/07_IITK_AIML_Capstone/project1_autonomous_driving/data/part1/crops/00004299_1827_car.jpg,car,3,00004299,56,140,101,167,v3_no_ambiguous
/Users/sameerkarur/Documents/Git/Data_science/07_IITK_AIML_Capstone/project1_autonomous_driving/data/part1/crops/00002619_1828_bicycle.jpg,bicycle,1,00002619,383,139,439,244,v3_no_ambiguous
/Users/sameerkarur/Documents/Git/Data_science/07_IITK_AIML_Capstone/project1_autonomous_driving/data/part1/crops/00001204_1829_car.jpg,car,3,00001204,535,342,715,478,v3_no_ambiguous
/Users/sameerkarur/Documents/Git/Data_science/07_IITK_AIML_Capstone/project1_autonomous_driving/data/part1/crops/00001400_1830_articulated_truck.jpg,articulated_truck,0,00001400,417,36,719,372,v3_no_ambiguous
/Users/sameerkarur/Documents/Git/Data_science/07_IITK_AIML_Capstone/project1_autonomous_driving/data/part1/crops/00001696_1831_pickup_truck.jpg,pickup_truck,6,00001696,260,44,306,68,v3_no_ambiguous
/Users/sameerkarur/Documents/Git/Data_science/07_IITK_AIML_Capstone/project1_autonomous_driving/data/part1/crops/00001987_1832_articulated_truck.jpg,articulated_truck,0,00001987,314,64,683,189,v3_no_ambiguous
/Users/sameerkarur/Documents/Git/Data_science/07_IITK_AIML_Capstone/project1_autonomous_driving/data/part1/crops/00001655_1833_articulated_truck.jpg,articulated_truck,0,00001655,494,10,715,155,v3_no_ambiguous
/Users/sameerkarur/Documents/Git/Data_science/07_IITK_AIML_Capstone/project1_autonomous_driving/data/part1/crops/00003024_1834_car.jpg,car,3,00003024,610,168,647,214,v3_no_ambiguous
/Users/sameerkarur/Documents/Git/Data_science/07_IITK_AIML_Capstone/project1_autonomous_driving/data/part1/crops/00002524_1835_pickup_truck.jpg,pickup_truck,6,00002524,181,87,275,129,v3_no_ambiguous
/Users/sameerkarur/Documents/Git/Data_science/07_IITK_AIML_Capstone/project1_autonomous_driving/data/part1/crops/00003559_1836_work_van.jpg,work_van,8,00003559,178,58,282,108,v3_no_ambiguous
/Users/sameerkarur/Documents/Git/Data_science/07_IITK_AIML_Capstone/project1_autonomous_driving/data/part1/crops/00004738_1837_car.jpg,car,3,00004738,10,211,47,240,v3_no_ambiguous
/Users/sameerkarur/Documents/Git/Data_science/07_IITK_AIML_Capstone/project1_autonomous_driving/data/part1/crops/00004546_1838_pickup_truck.jpg,pickup_truck,6,00004546,136,233,315,348,v3_no_ambiguous
/Users/sameerkarur/Documents/Git/Data_science/07_IITK_AIML_Capstone/project1_autonomous_driving/data/part1/crops/00003791_1839_single_unit_truck.jpg,single_unit_truck,7,00003791,52,146,98,178,v3_no_ambiguous
/Users/sameerkarur/Documents/Git/Data_science/07_IITK_AIML_Capstone/project1_autonomous_driving/data/part1/crops/00004839_1840_pickup_truck.jpg,pickup_truck,6,00004839,0,112,121,167,v3_no_ambiguous
/Users/sameerkarur/Documents/Git/Data_science/07_IITK_AIML_Capstone/project1_autonomous_driving/data/part1/crops/00001747_1841_car.jpg,car,3,00001747,378,161,445,198,v3_no_ambiguous
/Users/sameerkarur/Documents/Git/Data_science/07_IITK_AIML_Capstone/project1_autonomous_driving/data/part1/crops/00001521_1842_articulated_truck.jpg,articulated_truck,0,00001521,141,77,203,125,v3_no_ambiguous
/Users/sameerkarur/Documents/Git/Data_science/07_IITK_AIML_Capstone/project1_autonomous_driving/data/part1/crops/00003868_1843_pickup_truck.jpg,pickup_truck,6,00003868,114,173,332,310,v3_no_ambiguous
/Users/sameerkarur/Documents/Git/Data_science/07_IITK_AIML_Capstone/project1_autonomous_driving/data/part1/crops/00005568_1844_single_unit_truck.jpg,single_unit_truck,7,00005568,445,82,636,219,v3_no_ambiguous
/Users/sameerkarur/Documents/Git/Data_science/07_IITK_AIML_Capstone/project1_autonomous_driving/data/part1/crops/00000904_1845_car.jpg,car,3,00000904,469,89,647,167,v3_no_ambiguous
/Users/sameerkarur/Documents/Git/Data_science/07_IITK_AIML_Capstone/project1_autonomous_driving/data/part1/crops/00002914_1846_pickup_truck.jpg,pickup_truck,6,00002914,369,132,444,183,v3_no_ambiguous
/Users/sameerkarur/Documents/Git/Data_science/07_IITK_AIML_Capstone/project1_autonomous_driving/data/part1/crops/00002297_1847_work_van.jpg,work_van,8,00002297,95,11,174,60,v3_no_ambiguous
/Users/sameerkarur/Documents/Git/Data_science/07_IITK_AIML_Capstone/project1_autonomous_driving/data/part1/crops/00004823_1848_work_van.jpg,work_van,8,00004823,686,128,712,172,v3_no_ambiguous
/Users/sameerkarur/Documents/Git/Data_science/07_IITK_AIML_Capstone/project1_autonomous_driving/data/part1/crops/00001452_1849_pickup_truck.jpg,pickup_truck,6,00001452,56,67,198,153,v3_no_ambiguous
/Users/sameerkarur/Documents/Git/Data_science/07_IITK_AIML_Capstone/project1_autonomous_driving/data/part1/crops/00000427_1850_pickup_truck.jpg,pickup_truck,6,00000427,34,41,160,100,v3_no_ambiguous
/Users/sameerkarur/Documents/Git/Data_science/07_IITK_AIML_Capstone/project1_autonomous_driving/data/part1/crops/00001890_1851_bus.jpg,bus,2,00001890,132,121,227,210,v3_no_ambiguous
/Users/sameerkarur/Documents/Git/Data_science/07_IITK_AIML_Capstone/project1_autonomous_driving/data/part1/crops/00002286_1852_pickup_truck.jpg,pickup_truck,6,00002286,45,84,169,192,v3_no_ambiguous
/Users/sameerkarur/Documents/Git/Data_science/07_IITK_AIML_Capstone/project1_autonomous_driving/data/part1/crops/00001221_1853_articulated_truck.jpg,articulated_truck,0,00001221,57,30,339,123,v3_no_ambiguous
/Users/sameerkarur/Documents/Git/Data_science/07_IITK_AIML_Capstone/project1_autonomous_driving/data/part1/crops/00002586_1854_car.jpg,car,3,00002586,18,271,143,359,v3_no_ambiguous
/Users/sameerkarur/Documents/Git/Data_science/07_IITK_AIML_Capstone/project1_autonomous_driving/data/part1/crops/00004742_1855_work_van.jpg,work_van,8,00004742,101,92,202,168,v3_no_ambiguous
/Users/sameerkarur/Documents/Git/Data_science/07_IITK_AIML_Capstone/project1_autonomous_driving/data/part1/crops/00003763_1856_bus.jpg,bus,2,00003763,174,98,318,277,v3_no_ambiguous
/Users/sameerkarur/Documents/Git/Data_science/07_IITK_AIML_Capstone/project1_autonomous_driving/data/part1/crops/00005227_1857_motorcycle.jpg,motorcycle,4,00005227,232,177,301,236,v3_no_ambiguous
/Users/sameerkarur/Documents/Git/Data_science/07_IITK_AIML_Capstone/project1_autonomous_driving/data/part1/crops/00002202_1858_work_van.jpg,work_van,8,00002202,74,45,116,70,v3_no_ambiguous
/Users/sameerkarur/Documents/Git/Data_science/07_IITK_AIML_Capstone/project1_autonomous_driving/data/part1/crops/00000015_1859_work_van.jpg,work_van,8,00000015,115,79,247,154,v3_no_ambiguous
/Users/sameerkarur/Documents/Git/Data_science/07_IITK_AIML_Capstone/project1_autonomous_driving/data/part1/crops/00003731_1860_bus.jpg,bus,2,00003731,111,112,318,364,v3_no_ambiguous
/Users/sameerkarur/Documents/Git/Data_science/07_IITK_AIML_Capstone/project1_autonomous_driving/data/part1/crops/00005182_1861_single_unit_truck.jpg,single_unit_truck,7,00005182,262,56,329,86,v3_no_ambiguous
/Users/sameerkarur/Documents/Git/Data_science/07_IITK_AIML_Capstone/project1_autonomous_driving/data/part1/crops/00000520_1862_car.jpg,car,3,00000520,305,152,410,225,v3_no_ambiguous
/Users/sameerkarur/Documents/Git/Data_science/07_IITK_AIML_Capstone/project1_autonomous_driving/data/part1/crops/00004674_1863_car.jpg,car,3,00004674,258,158,327,196,v3_no_ambiguous
/Users/sameerkarur/Documents/Git/Data_science/07_IITK_AIML_Capstone/project1_autonomous_driving/data/part1/crops/00004001_1864_pickup_truck.jpg,pickup_truck,6,00004001,545,105,711,226,v3_no_ambiguous
/Users/sameerkarur/Documents/Git/Data_science/07_IITK_AIML_Capstone/project1_autonomous_driving/data/part1/crops/00000334_1865_car.jpg,car,3,00000334,138,277,252,382,v3_no_ambiguous
/Users/sameerkarur/Documents/Git/Data_science/07_IITK_AIML_Capstone/project1_autonomous_driving/data/part1/crops/00002941_1866_articulated_truck.jpg,articulated_truck,0,00002941,298,84,427,150,v3_no_ambiguous
/Users/sameerkarur/Documents/Git/Data_science/07_IITK_AIML_Capstone/project1_autonomous_driving/data/part1/crops/00000440_1867_bus.jpg,bus,2,00000440,200,90,454,324,v3_no_ambiguous
/Users/sameerkarur/Documents/Git/Data_science/07_IITK_AIML_Capstone/project1_autonomous_driving/data/part1/crops/00001712_1868_pickup_truck.jpg,pickup_truck,6,00001712,0,282,258,433,v3_no_ambiguous
/Users/sameerkarur/Documents/Git/Data_science/07_IITK_AIML_Capstone/project1_autonomous_driving/data/part1/crops/00000471_1869_car.jpg,car,3,00000471,65,96,106,135,v3_no_ambiguous
/Users/sameerkarur/Documents/Git/Data_science/07_IITK_AIML_Capstone/project1_autonomous_driving/data/part1/crops/00005397_1870_pickup_truck.jpg,pickup_truck,6,00005397,560,165,629,197,v3_no_ambiguous
/Users/sameerkarur/Documents/Git/Data_science/07_IITK_AIML_Capstone/project1_autonomous_driving/data/part1/crops/00002599_1871_bus.jpg,bus,2,00002599,315,120,541,305,v3_no_ambiguous
/Users/sameerkarur/Documents/Git/Data_science/07_IITK_AIML_Capstone/project1_autonomous_driving/data/part1/crops/00000144_1872_single_unit_truck.jpg,single_unit_truck,7,00000144,92,230,261,395,v3_no_ambiguous
/Users/sameerkarur/Documents/Git/Data_science/07_IITK_AIML_Capstone/project1_autonomous_driving/data/part1/crops/00000295_1873_work_van.jpg,work_van,8,00000295,301,184,491,358,v3_no_ambiguous
/Users/sameerkarur/Documents/Git/Data_science/07_IITK_AIML_Capstone/project1_autonomous_driving/data/part1/crops/00002049_1874_pickup_truck.jpg,pickup_truck,6,00002049,437,94,471,119,v3_no_ambiguous
/Users/sameerkarur/Documents/Git/Data_science/07_IITK_AIML_Capstone/project1_autonomous_driving/data/part1/crops/00002705_1875_car.jpg,car,3,00002705,67,49,111,79,v3_no_ambiguous
/Users/sameerkarur/Documents/Git/Data_science/07_IITK_AIML_Capstone/project1_autonomous_driving/data/part1/crops/00001504_1876_pickup_truck.jpg,pickup_truck,6,00001504,623,21,688,58,v3_no_ambiguous
/Users/sameerkarur/Documents/Git/Data_science/07_IITK_AIML_Capstone/project1_autonomous_driving/data/part1/crops/00005413_1877_single_unit_truck.jpg,single_unit_truck,7,00005413,32,142,66,169,v3_no_ambiguous
/Users/sameerkarur/Documents/Git/Data_science/07_IITK_AIML_Capstone/project1_autonomous_driving/data/part1/crops/00002853_1878_car.jpg,car,3,00002853,140,98,199,136,v3_no_ambiguous
/Users/sameerkarur/Documents/Git/Data_science/07_IITK_AIML_Capstone/project1_autonomous_driving/data/part1/crops/00001093_1879_pickup_truck.jpg,pickup_truck,6,00001093,471,127,681,241,v3_no_ambiguous
/Users/sameerkarur/Documents/Git/Data_science/07_IITK_AIML_Capstone/project1_autonomous_driving/data/part1/crops/00000768_1880_work_van.jpg,work_van,8,00000768,15,116,46,153,v3_no_ambiguous
/Users/sameerkarur/Documents/Git/Data_science/07_IITK_AIML_Capstone/project1_autonomous_driving/data/part1/crops/00001049_1881_car.jpg,car,3,00001049,228,72,257,113,v3_no_ambiguous
/Users/sameerkarur/Documents/Git/Data_science/07_IITK_AIML_Capstone/project1_autonomous_driving/data/part1/crops/00003735_1882_articulated_truck.jpg,articulated_truck,0,00003735,413,8,470,36,v3_no_ambiguous
/Users/sameerkarur/Documents/Git/Data_science/07_IITK_AIML_Capstone/project1_autonomous_driving/data/part1/crops/00005577_1883_car.jpg,car,3,00005577,549,234,655,307,v3_no_ambiguous
/Users/sameerkarur/Documents/Git/Data_science/07_IITK_AIML_Capstone/project1_autonomous_driving/data/part1/crops/00000909_1884_articulated_truck.jpg,articulated_truck,0,00000909,48,28,311,123,v3_no_ambiguous
/Users/sameerkarur/Documents/Git/Data_science/07_IITK_AIML_Capstone/project1_autonomous_driving/data/part1/crops/00004508_1885_bus.jpg,bus,2,00004508,160,178,308,273,v3_no_ambiguous
/Users/sameerkarur/Documents/Git/Data_science/07_IITK_AIML_Capstone/project1_autonomous_driving/data/part1/crops/00005291_1886_car.jpg,car,3,00005291,477,243,717,364,v3_no_ambiguous
/Users/sameerkarur/Documents/Git/Data_science/07_IITK_AIML_Capstone/project1_autonomous_driving/data/part1/crops/00002836_1887_car.jpg,car,3,00002836,34,58,92,87,v3_no_ambiguous
/Users/sameerkarur/Documents/Git/Data_science/07_IITK_AIML_Capstone/project1_autonomous_driving/data/part1/crops/00000265_1888_bicycle.jpg,bicycle,1,00000265,424,203,524,302,v3_no_ambiguous
/Users/sameerkarur/Documents/Git/Data_science/07_IITK_AIML_Capstone/project1_autonomous_driving/data/part1/crops/00000251_1889_bus.jpg,bus,2,00000251,175,216,257,304,v3_no_ambiguous
/Users/sameerkarur/Documents/Git/Data_science/07_IITK_AIML_Capstone/project1_autonomous_driving/data/part1/crops/00004065_1890_work_van.jpg,work_van,8,00004065,419,3,503,29,v3_no_ambiguous
/Users/sameerkarur/Documents/Git/Data_science/07_IITK_AIML_Capstone/project1_autonomous_driving/data/part1/crops/00004866_1891_work_van.jpg,work_van,8,00004866,75,44,109,70,v3_no_ambiguous
/Users/sameerkarur/Documents/Git/Data_science/07_IITK_AIML_Capstone/project1_autonomous_driving/data/part1/crops/00003909_1892_pickup_truck.jpg,pickup_truck,6,00003909,561,164,630,191,v3_no_ambiguous
/Users/sameerkarur/Documents/Git/Data_science/07_IITK_AIML_Capstone/project1_autonomous_driving/data/part1/crops/00000900_1893_bus.jpg,bus,2,00000900,221,143,477,277,v3_no_ambiguous
/Users/sameerkarur/Documents/Git/Data_science/07_IITK_AIML_Capstone/project1_autonomous_driving/data/part1/crops/00003275_1894_pickup_truck.jpg,pickup_truck,6,00003275,67,100,104,134,v3_no_ambiguous
/Users/sameerkarur/Documents/Git/Data_science/07_IITK_AIML_Capstone/project1_autonomous_driving/data/part1/crops/00004705_1895_pickup_truck.jpg,pickup_truck,6,00004705,551,174,615,203,v3_no_ambiguous
/Users/sameerkarur/Documents/Git/Data_science/07_IITK_AIML_Capstone/project1_autonomous_driving/data/part1/crops/00000588_1896_pickup_truck.jpg,pickup_truck,6,00000588,401,203,499,272,v3_no_ambiguous
/Users/sameerkarur/Documents/Git/Data_science/07_IITK_AIML_Capstone/project1_autonomous_driving/data/part1/crops/00005249_1897_work_van.jpg,work_van,8,00005249,247,53,337,104,v3_no_ambiguous
/Users/sameerkarur/Documents/Git/Data_science/07_IITK_AIML_Capstone/project1_autonomous_driving/data/part1/crops/00001260_1898_work_van.jpg,work_van,8,00001260,213,73,337,142,v3_no_ambiguous
/Users/sameerkarur/Documents/Git/Data_science/07_IITK_AIML_Capstone/project1_autonomous_driving/data/part1/crops/00000871_1899_pickup_truck.jpg,pickup_truck,6,00000871,92,143,155,187,v3_no_ambiguous
/Users/sameerkarur/Documents/Git/Data_science/07_IITK_AIML_Capstone/project1_autonomous_driving/data/part1/crops/00005411_1900_pickup_truck.jpg,pickup_truck,6,00005411,560,189,636,227,v3_no_ambiguous
/Users/sameerkarur/Documents/Git/Data_science/07_IITK_AIML_Capstone/project1_autonomous_driving/data/part1/crops/00000073_1901_car.jpg,car,3,00000073,100,31,157,75,v3_no_ambiguous
/Users/sameerkarur/Documents/Git/Data_science/07_IITK_AIML_Capstone/project1_autonomous_driving/data/part1/crops/00002770_1902_pickup_truck.jpg,pickup_truck,6,00002770,224,253,420,390,v3_no_ambiguous
/Users/sameerkarur/Documents/Git/Data_science/07_IITK_AIML_Capstone/project1_autonomous_driving/data/part1/crops/00002911_1903_car.jpg,car,3,00002911,38,114,129,194,v3_no_ambiguous
/Users/sameerkarur/Documents/Git/Data_science/07_IITK_AIML_Capstone/project1_autonomous_driving/data/part1/crops/00003759_1904_pickup_truck.jpg,pickup_truck,6,00003759,394,193,483,261,v3_no_ambiguous
/Users/sameerkarur/Documents/Git/Data_science/07_IITK_AIML_Capstone/project1_autonomous_driving/data/part1/crops/00000356_1905_pickup_truck.jpg,pickup_truck,6,00000356,150,34,333,116,v3_no_ambiguous
/Users/sameerkarur/Documents/Git/Data_science/07_IITK_AIML_Capstone/project1_autonomous_driving/data/part1/crops/00002887_1906_articulated_truck.jpg,articulated_truck,0,00002887,464,84,714,311,v3_no_ambiguous
/Users/sameerkarur/Documents/Git/Data_science/07_IITK_AIML_Capstone/project1_autonomous_driving/data/part1/crops/00004402_1907_bus.jpg,bus,2,00004402,140,179,271,321,v3_no_ambiguous
/Users/sameerkarur/Documents/Git/Data_science/07_IITK_AIML_Capstone/project1_autonomous_driving/data/part1/crops/00004028_1908_car.jpg,car,3,00004028,400,355,584,478,v3_no_ambiguous
/Users/sameerkarur/Documents/Git/Data_science/07_IITK_AIML_Capstone/project1_autonomous_driving/data/part1/crops/00002615_1909_bus.jpg,bus,2,00002615,31,140,529,335,v3_no_ambiguous
/Users/sameerkarur/Documents/Git/Data_science/07_IITK_AIML_Capstone/project1_autonomous_driving/data/part1/crops/00004686_1910_pickup_truck.jpg,pickup_truck,6,00004686,260,45,307,69,v3_no_ambiguous
/Users/sameerkarur/Documents/Git/Data_science/07_IITK_AIML_Capstone/project1_autonomous_driving/data/part1/crops/00000232_1911_pedestrian.jpg,pedestrian,5,00000232,98,182,133,220,v3_no_ambiguous
/Users/sameerkarur/Documents/Git/Data_science/07_IITK_AIML_Capstone/project1_autonomous_driving/data/part1/crops/00004945_1912_bus.jpg,bus,2,00004945,116,67,294,197,v3_no_ambiguous
/Users/sameerkarur/Documents/Git/Data_science/07_IITK_AIML_Capstone/project1_autonomous_driving/data/part1/crops/00005444_1913_articulated_truck.jpg,articulated_truck,0,00005444,450,1,515,25,v3_no_ambiguous
/Users/sameerkarur/Documents/Git/Data_science/07_IITK_AIML_Capstone/project1_autonomous_driving/data/part1/crops/00005470_1914_single_unit_truck.jpg,single_unit_truck,7,00005470,79,142,242,337,v3_no_ambiguous
/Users/sameerkarur/Documents/Git/Data_science/07_IITK_AIML_Capstone/project1_autonomous_driving/data/part1/crops/00001358_1915_car.jpg,car,3,00001358,14,139,126,191,v3_no_ambiguous
/Users/sameerkarur/Documents/Git/Data_science/07_IITK_AIML_Capstone/project1_autonomous_driving/data/part1/crops/00002677_1916_pickup_truck.jpg,pickup_truck,6,00002677,257,183,423,300,v3_no_ambiguous
/Users/sameerkarur/Documents/Git/Data_science/07_IITK_AIML_Capstone/project1_autonomous_driving/data/part1/crops/00000143_1917_work_van.jpg,work_van,8,00000143,256,137,551,271,v3_no_ambiguous
/Users/sameerkarur/Documents/Git/Data_science/07_IITK_AIML_Capstone/project1_autonomous_driving/data/part1/crops/00004922_1918_articulated_truck.jpg,articulated_truck,0,00004922,1,135,407,407,v3_no_ambiguous
/Users/sameerkarur/Documents/Git/Data_science/07_IITK_AIML_Capstone/project1_autonomous_driving/data/part1/crops/00005649_1919_articulated_truck.jpg,articulated_truck,0,00005649,213,112,258,162,v3_no_ambiguous
/Users/sameerkarur/Documents/Git/Data_science/07_IITK_AIML_Capstone/project1_autonomous_driving/data/part1/crops/00002734_1920_articulated_truck.jpg,articulated_truck,0,00002734,532,17,626,112,v3_no_ambiguous
/Users/sameerkarur/Documents/Git/Data_science/07_IITK_AIML_Capstone/project1_autonomous_driving/data/part1/crops/00004566_1921_work_van.jpg,work_van,8,00004566,107,312,382,478,v3_no_ambiguous
/Users/sameerkarur/Documents/Git/Data_science/07_IITK_AIML_Capstone/project1_autonomous_driving/data/part1/crops/00001029_1922_car.jpg,car,3,00001029,608,169,650,211,v3_no_ambiguous
/Users/sameerkarur/Documents/Git/Data_science/07_IITK_AIML_Capstone/project1_autonomous_driving/data/part1/crops/00004163_1923_car.jpg,car,3,00004163,613,133,637,159,v3_no_ambiguous
/Users/sameerkarur/Documents/Git/Data_science/07_IITK_AIML_Capstone/project1_autonomous_driving/data/part1/crops/00004875_1924_bus.jpg,bus,2,00004875,0,161,641,479,v3_no_ambiguous
/Users/sameerkarur/Documents/Git/Data_science/07_IITK_AIML_Capstone/project1_autonomous_driving/data/part1/crops/00002245_1925_bus.jpg,bus,2,00002245,504,117,710,326,v3_no_ambiguous
/Users/sameerkarur/Documents/Git/Data_science/07_IITK_AIML_Capstone/project1_autonomous_driving/data/part1/crops/00001549_1926_pickup_truck.jpg,pickup_truck,6,00001549,125,46,256,96,v3_no_ambiguous
/Users/sameerkarur/Documents/Git/Data_science/07_IITK_AIML_Capstone/project1_autonomous_driving/data/part1/crops/00002652_1927_car.jpg,car,3,00002652,75,124,180,203,v3_no_ambiguous
/Users/sameerkarur/Documents/Git/Data_science/07_IITK_AIML_Capstone/project1_autonomous_driving/data/part1/crops/00002225_1928_pickup_truck.jpg,pickup_truck,6,00002225,549,176,619,210,v3_no_ambiguous
/Users/sameerkarur/Documents/Git/Data_science/07_IITK_AIML_Capstone/project1_autonomous_driving/data/part1/crops/00001219_1929_pickup_truck.jpg,pickup_truck,6,00001219,125,144,310,227,v3_no_ambiguous
/Users/sameerkarur/Documents/Git/Data_science/07_IITK_AIML_Capstone/project1_autonomous_driving/data/part1/crops/00002850_1930_bicycle.jpg,bicycle,1,00002850,51,382,185,478,v3_no_ambiguous
/Users/sameerkarur/Documents/Git/Data_science/07_IITK_AIML_Capstone/project1_autonomous_driving/data/part1/crops/00003991_1931_car.jpg,car,3,00003991,214,241,476,478,v3_no_ambiguous
/Users/sameerkarur/Documents/Git/Data_science/07_IITK_AIML_Capstone/project1_autonomous_driving/data/part1/crops/00001565_1932_pedestrian.jpg,pedestrian,5,00001565,321,419,350,478,v3_no_ambiguous
/Users/sameerkarur/Documents/Git/Data_science/07_IITK_AIML_Capstone/project1_autonomous_driving/data/part1/crops/00001332_1933_car.jpg,car,3,00001332,408,181,489,232,v3_no_ambiguous
/Users/sameerkarur/Documents/Git/Data_science/07_IITK_AIML_Capstone/project1_autonomous_driving/data/part1/crops/00002915_1934_articulated_truck.jpg,articulated_truck,0,00002915,8,51,627,244,v3_no_ambiguous
/Users/sameerkarur/Documents/Git/Data_science/07_IITK_AIML_Capstone/project1_autonomous_driving/data/part1/crops/00005422_1935_bicycle.jpg,bicycle,1,00005422,245,122,286,201,v3_no_ambiguous
/Users/sameerkarur/Documents/Git/Data_science/07_IITK_AIML_Capstone/project1_autonomous_driving/data/part1/crops/00004901_1936_car.jpg,car,3,00004901,413,142,468,178,v3_no_ambiguous
/Users/sameerkarur/Documents/Git/Data_science/07_IITK_AIML_Capstone/project1_autonomous_driving/data/part1/crops/00004464_1937_car.jpg,car,3,00004464,307,141,403,194,v3_no_ambiguous
/Users/sameerkarur/Documents/Git/Data_science/07_IITK_AIML_Capstone/project1_autonomous_driving/data/part1/crops/00004082_1938_pickup_truck.jpg,pickup_truck,6,00004082,136,174,219,218,v3_no_ambiguous
/Users/sameerkarur/Documents/Git/Data_science/07_IITK_AIML_Capstone/project1_autonomous_driving/data/part1/crops/00004208_1939_work_van.jpg,work_van,8,00004208,54,101,141,180,v3_no_ambiguous
/Users/sameerkarur/Documents/Git/Data_science/07_IITK_AIML_Capstone/project1_autonomous_driving/data/part1/crops/00003538_1940_bus.jpg,bus,2,00003538,1,153,56,210,v3_no_ambiguous
/Users/sameerkarur/Documents/Git/Data_science/07_IITK_AIML_Capstone/project1_autonomous_driving/data/part1/crops/00000367_1941_single_unit_truck.jpg,single_unit_truck,7,00000367,29,39,201,208,v3_no_ambiguous
/Users/sameerkarur/Documents/Git/Data_science/07_IITK_AIML_Capstone/project1_autonomous_driving/data/part1/crops/00003034_1942_work_van.jpg,work_van,8,00003034,68,91,158,142,v3_no_ambiguous
/Users/sameerkarur/Documents/Git/Data_science/07_IITK_AIML_Capstone/project1_autonomous_driving/data/part1/crops/00003520_1943_car.jpg,car,3,00003520,218,131,506,260,v3_no_ambiguous
/Users/sameerkarur/Documents/Git/Data_science/07_IITK_AIML_Capstone/project1_autonomous_driving/data/part1/crops/00001570_1944_car.jpg,car,3,00001570,588,141,657,172,v3_no_ambiguous
/Users/sameerkarur/Documents/Git/Data_science/07_IITK_AIML_Capstone/project1_autonomous_driving/data/part1/crops/00002287_1945_car.jpg,car,3,00002287,78,172,211,235,v3_no_ambiguous
/Users/sameerkarur/Documents/Git/Data_science/07_IITK_AIML_Capstone/project1_autonomous_driving/data/part1/crops/00005305_1946_pickup_truck.jpg,pickup_truck,6,00005305,124,57,224,99,v3_no_ambiguous
/Users/sameerkarur/Documents/Git/Data_science/07_IITK_AIML_Capstone/project1_autonomous_driving/data/part1/crops/00000711_1947_car.jpg,car,3,00000711,7,42,51,66,v3_no_ambiguous
/Users/sameerkarur/Documents/Git/Data_science/07_IITK_AIML_Capstone/project1_autonomous_driving/data/part1/crops/00004566_1948_pickup_truck.jpg,pickup_truck,6,00004566,423,129,470,161,v3_no_ambiguous
/Users/sameerkarur/Documents/Git/Data_science/07_IITK_AIML_Capstone/project1_autonomous_driving/data/part1/crops/00004026_1949_work_van.jpg,work_van,8,00004026,347,128,430,183,v3_no_ambiguous
/Users/sameerkarur/Documents/Git/Data_science/07_IITK_AIML_Capstone/project1_autonomous_driving/data/part1/crops/00004104_1950_car.jpg,car,3,00004104,72,129,237,208,v3_no_ambiguous
/Users/sameerkarur/Documents/Git/Data_science/07_IITK_AIML_Capstone/project1_autonomous_driving/data/part1/crops/00003952_1951_car.jpg,car,3,00003952,159,246,313,345,v3_no_ambiguous
/Users/sameerkarur/Documents/Git/Data_science/07_IITK_AIML_Capstone/project1_autonomous_driving/data/part1/crops/00001727_1952_car.jpg,car,3,00001727,107,306,276,424,v3_no_ambiguous
/Users/sameerkarur/Documents/Git/Data_science/07_IITK_AIML_Capstone/project1_autonomous_driving/data/part1/crops/00004224_1953_pickup_truck.jpg,pickup_truck,6,00004224,12,140,150,217,v3_no_ambiguous
/Users/sameerkarur/Documents/Git/Data_science/07_IITK_AIML_Capstone/project1_autonomous_driving/data/part1/crops/00002867_1954_car.jpg,car,3,00002867,78,237,300,404,v3_no_ambiguous
/Users/sameerkarur/Documents/Git/Data_science/07_IITK_AIML_Capstone/project1_autonomous_driving/data/part1/crops/00001072_1955_articulated_truck.jpg,articulated_truck,0,00001072,400,35,715,353,v3_no_ambiguous
/Users/sameerkarur/Documents/Git/Data_science/07_IITK_AIML_Capstone/project1_autonomous_driving/data/part1/crops/00005259_1956_work_van.jpg,work_van,8,00005259,74,44,113,71,v3_no_ambiguous
/Users/sameerkarur/Documents/Git/Data_science/07_IITK_AIML_Capstone/project1_autonomous_driving/data/part1/crops/00004796_1957_pickup_truck.jpg,pickup_truck,6,00004796,144,97,290,168,v3_no_ambiguous
/Users/sameerkarur/Documents/Git/Data_science/07_IITK_AIML_Capstone/project1_autonomous_driving/data/part1/crops/00000242_1958_articulated_truck.jpg,articulated_truck,0,00000242,616,92,710,124,v3_no_ambiguous
/Users/sameerkarur/Documents/Git/Data_science/07_IITK_AIML_Capstone/project1_autonomous_driving/data/part1/crops/00002306_1959_pedestrian.jpg,pedestrian,5,00002306,561,325,621,409,v3_no_ambiguous
/Users/sameerkarur/Documents/Git/Data_science/07_IITK_AIML_Capstone/project1_autonomous_driving/data/part1/crops/00000687_1960_car.jpg,car,3,00000687,41,126,71,153,v3_no_ambiguous
/Users/sameerkarur/Documents/Git/Data_science/07_IITK_AIML_Capstone/project1_autonomous_driving/data/part1/crops/00001709_1961_pedestrian.jpg,pedestrian,5,00001709,586,454,634,478,v3_no_ambiguous
/Users/sameerkarur/Documents/Git/Data_science/07_IITK_AIML_Capstone/project1_autonomous_driving/data/part1/crops/00002927_1962_pedestrian.jpg,pedestrian,5,00002927,533,172,559,209,v3_no_ambiguous
/Users/sameerkarur/Documents/Git/Data_science/07_IITK_AIML_Capstone/project1_autonomous_driving/data/part1/crops/00000902_1963_car.jpg,car,3,00000902,198,53,266,86,v3_no_ambiguous
/Users/sameerkarur/Documents/Git/Data_science/07_IITK_AIML_Capstone/project1_autonomous_driving/data/part1/crops/00003433_1964_pickup_truck.jpg,pickup_truck,6,00003433,55,129,184,188,v3_no_ambiguous
/Users/sameerkarur/Documents/Git/Data_science/07_IITK_AIML_Capstone/project1_autonomous_driving/data/part1/crops/00005027_1965_car.jpg,car,3,00005027,337,112,406,144,v3_no_ambiguous
/Users/sameerkarur/Documents/Git/Data_science/07_IITK_AIML_Capstone/project1_autonomous_driving/data/part1/crops/00001291_1966_car.jpg,car,3,00001291,282,129,382,183,v3_no_ambiguous
/Users/sameerkarur/Documents/Git/Data_science/07_IITK_AIML_Capstone/project1_autonomous_driving/data/part1/crops/00005385_1967_work_van.jpg,work_van,8,00005385,549,233,643,333,v3_no_ambiguous
/Users/sameerkarur/Documents/Git/Data_science/07_IITK_AIML_Capstone/project1_autonomous_driving/data/part1/crops/00000337_1968_work_van.jpg,work_van,8,00000337,142,42,259,90,v3_no_ambiguous
/Users/sameerkarur/Documents/Git/Data_science/07_IITK_AIML_Capstone/project1_autonomous_driving/data/part1/crops/00002782_1969_pickup_truck.jpg,pickup_truck,6,00002782,358,91,596,254,v3_no_ambiguous
/Users/sameerkarur/Documents/Git/Data_science/07_IITK_AIML_Capstone/project1_autonomous_driving/data/part1/crops/00001714_1970_car.jpg,car,3,00001714,419,259,701,409,v3_no_ambiguous
/Users/sameerkarur/Documents/Git/Data_science/07_IITK_AIML_Capstone/project1_autonomous_driving/data/part1/crops/00002860_1971_car.jpg,car,3,00002860,168,61,268,94,v3_no_ambiguous
/Users/sameerkarur/Documents/Git/Data_science/07_IITK_AIML_Capstone/project1_autonomous_driving/data/part1/crops/00002236_1972_work_van.jpg,work_van,8,00002236,574,72,598,100,v3_no_ambiguous
/Users/sameerkarur/Documents/Git/Data_science/07_IITK_AIML_Capstone/project1_autonomous_driving/data/part1/crops/00000250_1973_work_van.jpg,work_van,8,00000250,87,91,139,142,v3_no_ambiguous
/Users/sameerkarur/Documents/Git/Data_science/07_IITK_AIML_Capstone/project1_autonomous_driving/data/part1/crops/00000511_1974_bus.jpg,bus,2,00000511,207,144,557,297,v3_no_ambiguous
/Users/sameerkarur/Documents/Git/Data_science/07_IITK_AIML_Capstone/project1_autonomous_driving/data/part1/crops/00001738_1975_car.jpg,car,3,00001738,114,50,157,85,v3_no_ambiguous
/Users/sameerkarur/Documents/Git/Data_science/07_IITK_AIML_Capstone/project1_autonomous_driving/data/part1/crops/00002152_1976_articulated_truck.jpg,articulated_truck,0,00002152,3,94,143,240,v3_no_ambiguous
/Users/sameerkarur/Documents/Git/Data_science/07_IITK_AIML_Capstone/project1_autonomous_driving/data/part1/crops/00001982_1977_pickup_truck.jpg,pickup_truck,6,00001982,109,278,498,433,v3_no_ambiguous
/Users/sameerkarur/Documents/Git/Data_science/07_IITK_AIML_Capstone/project1_autonomous_driving/data/part1/crops/00002174_1978_bus.jpg,bus,2,00002174,267,63,339,128,v3_no_ambiguous
/Users/sameerkarur/Documents/Git/Data_science/07_IITK_AIML_Capstone/project1_autonomous_driving/data/part1/crops/00005567_1979_work_van.jpg,work_van,8,00005567,484,116,551,175,v3_no_ambiguous
/Users/sameerkarur/Documents/Git/Data_science/07_IITK_AIML_Capstone/project1_autonomous_driving/data/part1/crops/00002322_1980_work_van.jpg,work_van,8,00002322,74,46,116,72,v3_no_ambiguous
/Users/sameerkarur/Documents/Git/Data_science/07_IITK_AIML_Capstone/project1_autonomous_driving/data/part1/crops/00000944_1981_car.jpg,car,3,00000944,438,210,529,257,v3_no_ambiguous
/Users/sameerkarur/Documents/Git/Data_science/07_IITK_AIML_Capstone/project1_autonomous_driving/data/part1/crops/00003567_1982_single_unit_truck.jpg,single_unit_truck,7,00003567,245,87,289,138,v3_no_ambiguous
/Users/sameerkarur/Documents/Git/Data_science/07_IITK_AIML_Capstone/project1_autonomous_driving/data/part1/crops/00004704_1983_work_van.jpg,work_van,8,00004704,76,43,120,70,v3_no_ambiguous
/Users/sameerkarur/Documents/Git/Data_science/07_IITK_AIML_Capstone/project1_autonomous_driving/data/part1/crops/00001489_1984_single_unit_truck.jpg,single_unit_truck,7,00001489,64,3,140,33,v3_no_ambiguous
/Users/sameerkarur/Documents/Git/Data_science/07_IITK_AIML_Capstone/project1_autonomous_driving/data/part1/crops/00000170_1985_pickup_truck.jpg,pickup_truck,6,00000170,0,185,60,217,v3_no_ambiguous
/Users/sameerkarur/Documents/Git/Data_science/07_IITK_AIML_Capstone/project1_autonomous_driving/data/part1/crops/00001236_1986_bus.jpg,bus,2,00001236,2,90,170,295,v3_no_ambiguous
/Users/sameerkarur/Documents/Git/Data_science/07_IITK_AIML_Capstone/project1_autonomous_driving/data/part1/crops/00002364_1987_car.jpg,car,3,00002364,173,173,343,342,v3_no_ambiguous
/Users/sameerkarur/Documents/Git/Data_science/07_IITK_AIML_Capstone/project1_autonomous_driving/data/part1/crops/00000119_1988_car.jpg,car,3,00000119,119,39,214,92,v3_no_ambiguous
/Users/sameerkarur/Documents/Git/Data_science/07_IITK_AIML_Capstone/project1_autonomous_driving/data/part1/crops/00005299_1989_pedestrian.jpg,pedestrian,5,00005299,436,245,468,327,v3_no_ambiguous
/Users/sameerkarur/Documents/Git/Data_science/07_IITK_AIML_Capstone/project1_autonomous_driving/data/part1/crops/00004957_1990_single_unit_truck.jpg,single_unit_truck,7,00004957,476,63,562,135,v3_no_ambiguous
/Users/sameerkarur/Documents/Git/Data_science/07_IITK_AIML_Capstone/project1_autonomous_driving/data/part1/crops/00004045_1991_bicycle.jpg,bicycle,1,00004045,401,56,452,100,v3_no_ambiguous
/Users/sameerkarur/Documents/Git/Data_science/07_IITK_AIML_Capstone/project1_autonomous_driving/data/part1/crops/00000449_1992_pickup_truck.jpg,pickup_truck,6,00000449,100,248,202,321,v3_no_ambiguous
/Users/sameerkarur/Documents/Git/Data_science/07_IITK_AIML_Capstone/project1_autonomous_driving/data/part1/crops/00005220_1993_car.jpg,car,3,00005220,598,234,663,309,v3_no_ambiguous
/Users/sameerkarur/Documents/Git/Data_science/07_IITK_AIML_Capstone/project1_autonomous_driving/data/part1/crops/00000969_1994_articulated_truck.jpg,articulated_truck,0,00000969,182,211,718,479,v3_no_ambiguous
/Users/sameerkarur/Documents/Git/Data_science/07_IITK_AIML_Capstone/project1_autonomous_driving/data/part1/crops/00004255_1995_work_van.jpg,work_van,8,00004255,20,42,110,86,v3_no_ambiguous
/Users/sameerkarur/Documents/Git/Data_science/07_IITK_AIML_Capstone/project1_autonomous_driving/data/part1/crops/00003445_1996_pickup_truck.jpg,pickup_truck,6,00003445,26,153,208,254,v3_no_ambiguous
/Users/sameerkarur/Documents/Git/Data_science/07_IITK_AIML_Capstone/project1_autonomous_driving/data/part1/crops/00002450_1997_car.jpg,car,3,00002450,608,146,640,181,v3_no_ambiguous
/Users/sameerkarur/Documents/Git/Data_science/07_IITK_AIML_Capstone/project1_autonomous_driving/data/part1/crops/00000334_1998_bus.jpg,bus,2,00000334,168,109,258,147,v3_no_ambiguous
/Users/sameerkarur/Documents/Git/Data_science/07_IITK_AIML_Capstone/project1_autonomous_driving/data/part1/crops/00004439_1999_pickup_truck.jpg,pickup_truck,6,00004439,516,135,703,247,v3_no_ambiguous
/Users/sameerkarur/Documents/Git/Data_science/07_IITK_AIML_Capstone/project1_autonomous_driving/data/part1/crops/00001927_2000_pickup_truck.jpg,pickup_truck,6,00001927,486,182,712,377,v3_no_ambiguous
/Users/sameerkarur/Documents/Git/Data_science/07_IITK_AIML_Capstone/project1_autonomous_driving/data/part1/crops/00000392_2001_work_van.jpg,work_van,8,00000392,392,14,530,69,v3_no_ambiguous
/Users/sameerkarur/Documents/Git/Data_science/07_IITK_AIML_Capstone/project1_autonomous_driving/data/part1/crops/00005510_2002_articulated_truck.jpg,articulated_truck,0,00005510,204,91,440,238,v3_no_ambiguous
/Users/sameerkarur/Documents/Git/Data_science/07_IITK_AIML_Capstone/project1_autonomous_driving/data/part1/crops/00003866_2003_car.jpg,car,3,00003866,516,125,627,175,v3_no_ambiguous
/Users/sameerkarur/Documents/Git/Data_science/07_IITK_AIML_Capstone/project1_autonomous_driving/data/part1/crops/00003814_2004_pickup_truck.jpg,pickup_truck,6,00003814,51,72,174,146,v3_no_ambiguous
/Users/sameerkarur/Documents/Git/Data_science/07_IITK_AIML_Capstone/project1_autonomous_driving/data/part1/crops/00005080_2005_pickup_truck.jpg,pickup_truck,6,00005080,85,121,264,227,v3_no_ambiguous
/Users/sameerkarur/Documents/Git/Data_science/07_IITK_AIML_Capstone/project1_autonomous_driving/data/part1/crops/00004450_2006_pickup_truck.jpg,pickup_truck,6,00004450,364,135,438,185,v3_no_ambiguous
/Users/sameerkarur/Documents/Git/Data_science/07_IITK_AIML_Capstone/project1_autonomous_driving/data/part1/crops/00002406_2007_bus.jpg,bus,2,00002406,118,67,717,479,v3_no_ambiguous
/Users/sameerkarur/Documents/Git/Data_science/07_IITK_AIML_Capstone/project1_autonomous_driving/data/part1/crops/00000283_2008_pickup_truck.jpg,pickup_truck,6,00000283,143,265,287,367,v3_no_ambiguous
/Users/sameerkarur/Documents/Git/Data_science/07_IITK_AIML_Capstone/project1_autonomous_driving/data/part1/crops/00000594_2009_bus.jpg,bus,2,00000594,105,79,210,153,v3_no_ambiguous
/Users/sameerkarur/Documents/Git/Data_science/07_IITK_AIML_Capstone/project1_autonomous_driving/data/part1/crops/00002813_2010_single_unit_truck.jpg,single_unit_truck,7,00002813,81,0,150,25,v3_no_ambiguous
/Users/sameerkarur/Documents/Git/Data_science/07_IITK_AIML_Capstone/project1_autonomous_driving/data/part1/crops/00000684_2011_car.jpg,car,3,00000684,566,88,708,147,v3_no_ambiguous
/Users/sameerkarur/Documents/Git/Data_science/07_IITK_AIML_Capstone/project1_autonomous_driving/data/part1/crops/00004273_2012_articulated_truck.jpg,articulated_truck,0,00004273,92,36,318,177,v3_no_ambiguous
/Users/sameerkarur/Documents/Git/Data_science/07_IITK_AIML_Capstone/project1_autonomous_driving/data/part1/crops/00002926_2013_articulated_truck.jpg,articulated_truck,0,00002926,35,29,327,123,v3_no_ambiguous
/Users/sameerkarur/Documents/Git/Data_science/07_IITK_AIML_Capstone/project1_autonomous_driving/data/part1/crops/00002134_2014_car.jpg,car,3,00002134,638,66,686,100,v3_no_ambiguous
/Users/sameerkarur/Documents/Git/Data_science/07_IITK_AIML_Capstone/project1_autonomous_driving/data/part1/crops/00004710_2015_pickup_truck.jpg,pickup_truck,6,00004710,113,119,246,177,v3_no_ambiguous
/Users/sameerkarur/Documents/Git/Data_science/07_IITK_AIML_Capstone/project1_autonomous_driving/data/part1/crops/00005193_2016_work_van.jpg,work_van,8,00005193,12,113,45,154,v3_no_ambiguous
/Users/sameerkarur/Documents/Git/Data_science/07_IITK_AIML_Capstone/project1_autonomous_driving/data/part1/crops/00002057_2017_pedestrian.jpg,pedestrian,5,00002057,333,72,369,140,v3_no_ambiguous
/Users/sameerkarur/Documents/Git/Data_science/07_IITK_AIML_Capstone/project1_autonomous_driving/data/part1/crops/00004553_2018_bus.jpg,bus,2,00004553,325,148,395,206,v3_no_ambiguous
/Users/sameerkarur/Documents/Git/Data_science/07_IITK_AIML_Capstone/project1_autonomous_driving/data/part1/crops/00003373_2019_car.jpg,car,3,00003373,240,75,309,108,v3_no_ambiguous
/Users/sameerkarur/Documents/Git/Data_science/07_IITK_AIML_Capstone/project1_autonomous_driving/data/part1/crops/00002073_2020_pickup_truck.jpg,pickup_truck,6,00002073,4,114,63,157,v3_no_ambiguous
/Users/sameerkarur/Documents/Git/Data_science/07_IITK_AIML_Capstone/project1_autonomous_driving/data/part1/crops/00004336_2021_bus.jpg,bus,2,00004336,418,266,717,479,v3_no_ambiguous
/Users/sameerkarur/Documents/Git/Data_science/07_IITK_AIML_Capstone/project1_autonomous_driving/data/part1/crops/00004580_2022_pickup_truck.jpg,pickup_truck,6,00004580,237,95,338,147,v3_no_ambiguous
/Users/sameerkarur/Documents/Git/Data_science/07_IITK_AIML_Capstone/project1_autonomous_driving/data/part1/crops/00005427_2023_pickup_truck.jpg,pickup_truck,6,00005427,421,292,661,415,v3_no_ambiguous
/Users/sameerkarur/Documents/Git/Data_science/07_IITK_AIML_Capstone/project1_autonomous_driving/data/part1/crops/00002617_2024_articulated_truck.jpg,articulated_truck,0,00002617,21,36,129,67,v3_no_ambiguous
/Users/sameerkarur/Documents/Git/Data_science/07_IITK_AIML_Capstone/project1_autonomous_driving/data/part1/crops/00004366_2025_pickup_truck.jpg,pickup_truck,6,00004366,264,254,479,372,v3_no_ambiguous
/Users/sameerkarur/Documents/Git/Data_science/07_IITK_AIML_Capstone/project1_autonomous_driving/data/part1/crops/00000655_2026_pickup_truck.jpg,pickup_truck,6,00000655,597,153,645,180,v3_no_ambiguous
/Users/sameerkarur/Documents/Git/Data_science/07_IITK_AIML_Capstone/project1_autonomous_driving/data/part1/crops/00002796_2027_car.jpg,car,3,00002796,125,174,187,217,v3_no_ambiguous
/Users/sameerkarur/Documents/Git/Data_science/07_IITK_AIML_Capstone/project1_autonomous_driving/data/part1/crops/00005039_2028_bicycle.jpg,bicycle,1,00005039,462,67,496,96,v3_no_ambiguous
/Users/sameerkarur/Documents/Git/Data_science/07_IITK_AIML_Capstone/project1_autonomous_driving/data/part1/crops/00004551_2029_pickup_truck.jpg,pickup_truck,6,00004551,76,114,233,185,v3_no_ambiguous
/Users/sameerkarur/Documents/Git/Data_science/07_IITK_AIML_Capstone/project1_autonomous_driving/data/part1/crops/00003974_2030_bus.jpg,bus,2,00003974,36,101,503,305,v3_no_ambiguous
/Users/sameerkarur/Documents/Git/Data_science/07_IITK_AIML_Capstone/project1_autonomous_driving/data/part1/crops/00004652_2031_work_van.jpg,work_van,8,00004652,260,134,486,317,v3_no_ambiguous
/Users/sameerkarur/Documents/Git/Data_science/07_IITK_AIML_Capstone/project1_autonomous_driving/data/part1/crops/00003753_2032_articulated_truck.jpg,articulated_truck,0,00003753,23,6,713,365,v3_no_ambiguous
/Users/sameerkarur/Documents/Git/Data_science/07_IITK_AIML_Capstone/project1_autonomous_driving/data/part1/crops/00002063_2033_car.jpg,car,3,00002063,358,127,413,154,v3_no_ambiguous
/Users/sameerkarur/Documents/Git/Data_science/07_IITK_AIML_Capstone/project1_autonomous_driving/data/part1/crops/00004373_2034_motorcycle.jpg,motorcycle,4,00004373,73,355,131,422,v3_no_ambiguous
/Users/sameerkarur/Documents/Git/Data_science/07_IITK_AIML_Capstone/project1_autonomous_driving/data/part1/crops/00005273_2035_car.jpg,car,3,00005273,424,82,573,150,v3_no_ambiguous
/Users/sameerkarur/Documents/Git/Data_science/07_IITK_AIML_Capstone/project1_autonomous_driving/data/part1/crops/00004772_2036_pedestrian.jpg,pedestrian,5,00004772,51,131,87,185,v3_no_ambiguous
/Users/sameerkarur/Documents/Git/Data_science/07_IITK_AIML_Capstone/project1_autonomous_driving/data/part1/crops/00005397_2037_bus.jpg,bus,2,00005397,455,190,712,415,v3_no_ambiguous
/Users/sameerkarur/Documents/Git/Data_science/07_IITK_AIML_Capstone/project1_autonomous_driving/data/part1/crops/00003892_2038_car.jpg,car,3,00003892,593,232,663,321,v3_no_ambiguous
/Users/sameerkarur/Documents/Git/Data_science/07_IITK_AIML_Capstone/project1_autonomous_driving/data/part1/crops/00001753_2039_work_van.jpg,work_van,8,00001753,495,252,638,387,v3_no_ambiguous
/Users/sameerkarur/Documents/Git/Data_science/07_IITK_AIML_Capstone/project1_autonomous_driving/data/part1/crops/00003997_2040_car.jpg,car,3,00003997,544,155,686,278,v3_no_ambiguous
/Users/sameerkarur/Documents/Git/Data_science/07_IITK_AIML_Capstone/project1_autonomous_driving/data/part1/crops/00001338_2041_motorcycle.jpg,motorcycle,4,00001338,633,218,681,289,v3_no_ambiguous
/Users/sameerkarur/Documents/Git/Data_science/07_IITK_AIML_Capstone/project1_autonomous_driving/data/part1/crops/00000976_2042_motorcycle.jpg,motorcycle,4,00000976,249,248,282,297,v3_no_ambiguous
/Users/sameerkarur/Documents/Git/Data_science/07_IITK_AIML_Capstone/project1_autonomous_driving/data/part1/crops/00004046_2043_bus.jpg,bus,2,00004046,429,35,714,207,v3_no_ambiguous
/Users/sameerkarur/Documents/Git/Data_science/07_IITK_AIML_Capstone/project1_autonomous_driving/data/part1/crops/00004672_2044_work_van.jpg,work_van,8,00004672,134,44,206,74,v3_no_ambiguous
/Users/sameerkarur/Documents/Git/Data_science/07_IITK_AIML_Capstone/project1_autonomous_driving/data/part1/crops/00001229_2045_bicycle.jpg,bicycle,1,00001229,266,143,311,225,v3_no_ambiguous
/Users/sameerkarur/Documents/Git/Data_science/07_IITK_AIML_Capstone/project1_autonomous_driving/data/part1/crops/00005450_2046_work_van.jpg,work_van,8,00005450,122,62,213,102,v3_no_ambiguous
/Users/sameerkarur/Documents/Git/Data_science/07_IITK_AIML_Capstone/project1_autonomous_driving/data/part1/crops/00003137_2047_car.jpg,car,3,00003137,350,108,384,145,v3_no_ambiguous
/Users/sameerkarur/Documents/Git/Data_science/07_IITK_AIML_Capstone/project1_autonomous_driving/data/part1/crops/00004959_2048_car.jpg,car,3,00004959,35,113,130,169,v3_no_ambiguous
/Users/sameerkarur/Documents/Git/Data_science/07_IITK_AIML_Capstone/project1_autonomous_driving/data/part1/crops/00004565_2049_bus.jpg,bus,2,00004565,96,86,232,142,v3_no_ambiguous
/Users/sameerkarur/Documents/Git/Data_science/07_IITK_AIML_Capstone/project1_autonomous_driving/data/part1/crops/00003663_2050_bicycle.jpg,bicycle,1,00003663,394,15,433,58,v3_no_ambiguous
/Users/sameerkarur/Documents/Git/Data_science/07_IITK_AIML_Capstone/project1_autonomous_driving/data/part1/crops/00002532_2051_motorcycle.jpg,motorcycle,4,00002532,345,144,386,203,v3_no_ambiguous
/Users/sameerkarur/Documents/Git/Data_science/07_IITK_AIML_Capstone/project1_autonomous_driving/data/part1/crops/00003686_2052_work_van.jpg,work_van,8,00003686,187,157,386,357,v3_no_ambiguous
/Users/sameerkarur/Documents/Git/Data_science/07_IITK_AIML_Capstone/project1_autonomous_driving/data/part1/crops/00004758_2053_single_unit_truck.jpg,single_unit_truck,7,00004758,650,125,714,217,v3_no_ambiguous
/Users/sameerkarur/Documents/Git/Data_science/07_IITK_AIML_Capstone/project1_autonomous_driving/data/part1/crops/00005488_2054_pickup_truck.jpg,pickup_truck,6,00005488,531,198,593,237,v3_no_ambiguous
/Users/sameerkarur/Documents/Git/Data_science/07_IITK_AIML_Capstone/project1_autonomous_driving/data/part1/crops/00003081_2055_car.jpg,car,3,00003081,118,134,220,187,v3_no_ambiguous
/Users/sameerkarur/Documents/Git/Data_science/07_IITK_AIML_Capstone/project1_autonomous_driving/data/part1/crops/00000266_2056_single_unit_truck.jpg,single_unit_truck,7,00000266,11,57,466,359,v3_no_ambiguous
/Users/sameerkarur/Documents/Git/Data_science/07_IITK_AIML_Capstone/project1_autonomous_driving/data/part1/crops/00004411_2057_car.jpg,car,3,00004411,376,150,443,192,v3_no_ambiguous
/Users/sameerkarur/Documents/Git/Data_science/07_IITK_AIML_Capstone/project1_autonomous_driving/data/part1/crops/00003592_2058_car.jpg,car,3,00003592,100,127,222,177,v3_no_ambiguous
/Users/sameerkarur/Documents/Git/Data_science/07_IITK_AIML_Capstone/project1_autonomous_driving/data/part1/crops/00004016_2059_articulated_truck.jpg,articulated_truck,0,00004016,169,115,471,316,v3_no_ambiguous
/Users/sameerkarur/Documents/Git/Data_science/07_IITK_AIML_Capstone/project1_autonomous_driving/data/part1/crops/00001027_2060_car.jpg,car,3,00001027,175,104,258,144,v3_no_ambiguous
/Users/sameerkarur/Documents/Git/Data_science/07_IITK_AIML_Capstone/project1_autonomous_driving/data/part1/crops/00003816_2061_car.jpg,car,3,00003816,195,0,244,36,v3_no_ambiguous
/Users/sameerkarur/Documents/Git/Data_science/07_IITK_AIML_Capstone/project1_autonomous_driving/data/part1/crops/00005042_2062_bus.jpg,bus,2,00005042,1,182,328,462,v3_no_ambiguous
/Users/sameerkarur/Documents/Git/Data_science/07_IITK_AIML_Capstone/project1_autonomous_driving/data/part1/crops/00003949_2063_pickup_truck.jpg,pickup_truck,6,00003949,445,126,492,151,v3_no_ambiguous
/Users/sameerkarur/Documents/Git/Data_science/07_IITK_AIML_Capstone/project1_autonomous_driving/data/part1/crops/00002532_2064_bicycle.jpg,bicycle,1,00002532,22,173,69,224,v3_no_ambiguous
/Users/sameerkarur/Documents/Git/Data_science/07_IITK_AIML_Capstone/project1_autonomous_driving/data/part1/crops/00002569_2065_car.jpg,car,3,00002569,99,125,162,158,v3_no_ambiguous
/Users/sameerkarur/Documents/Git/Data_science/07_IITK_AIML_Capstone/project1_autonomous_driving/data/part1/crops/00000702_2066_single_unit_truck.jpg,single_unit_truck,7,00000702,152,33,306,122,v3_no_ambiguous
/Users/sameerkarur/Documents/Git/Data_science/07_IITK_AIML_Capstone/project1_autonomous_driving/data/part1/crops/00002577_2067_bus.jpg,bus,2,00002577,537,123,715,243,v3_no_ambiguous
/Users/sameerkarur/Documents/Git/Data_science/07_IITK_AIML_Capstone/project1_autonomous_driving/data/part1/crops/00000175_2068_pickup_truck.jpg,pickup_truck,6,00000175,21,129,160,187,v3_no_ambiguous
/Users/sameerkarur/Documents/Git/Data_science/07_IITK_AIML_Capstone/project1_autonomous_driving/data/part1/crops/00005272_2069_single_unit_truck.jpg,single_unit_truck,7,00005272,144,27,218,77,v3_no_ambiguous
/Users/sameerkarur/Documents/Git/Data_science/07_IITK_AIML_Capstone/project1_autonomous_driving/data/part1/crops/00005193_2070_single_unit_truck.jpg,single_unit_truck,7,00005193,34,79,69,109,v3_no_ambiguous
/Users/sameerkarur/Documents/Git/Data_science/07_IITK_AIML_Capstone/project1_autonomous_driving/data/part1/crops/00003894_2071_pickup_truck.jpg,pickup_truck,6,00003894,6,149,119,192,v3_no_ambiguous
/Users/sameerkarur/Documents/Git/Data_science/07_IITK_AIML_Capstone/project1_autonomous_driving/data/part1/crops/00000769_2072_car.jpg,car,3,00000769,541,121,713,206,v3_no_ambiguous
/Users/sameerkarur/Documents/Git/Data_science/07_IITK_AIML_Capstone/project1_autonomous_driving/data/part1/crops/00000126_2073_car.jpg,car,3,00000126,20,337,189,469,v3_no_ambiguous
/Users/sameerkarur/Documents/Git/Data_science/07_IITK_AIML_Capstone/project1_autonomous_driving/data/part1/crops/00001686_2074_pickup_truck.jpg,pickup_truck,6,00001686,127,88,288,154,v3_no_ambiguous
/Users/sameerkarur/Documents/Git/Data_science/07_IITK_AIML_Capstone/project1_autonomous_driving/data/part1/crops/00000690_2075_work_van.jpg,work_van,8,00000690,278,77,313,103,v3_no_ambiguous
/Users/sameerkarur/Documents/Git/Data_science/07_IITK_AIML_Capstone/project1_autonomous_driving/data/part1/crops/00004184_2076_work_van.jpg,work_van,8,00004184,245,214,553,478,v3_no_ambiguous
/Users/sameerkarur/Documents/Git/Data_science/07_IITK_AIML_Capstone/project1_autonomous_driving/data/part1/crops/00000468_2077_car.jpg,car,3,00000468,463,83,512,117,v3_no_ambiguous
/Users/sameerkarur/Documents/Git/Data_science/07_IITK_AIML_Capstone/project1_autonomous_driving/data/part1/crops/00002294_2078_work_van.jpg,work_van,8,00002294,123,44,247,96,v3_no_ambiguous
/Users/sameerkarur/Documents/Git/Data_science/07_IITK_AIML_Capstone/project1_autonomous_driving/data/part1/crops/00004384_2079_pickup_truck.jpg,pickup_truck,6,00004384,109,177,164,216,v3_no_ambiguous
/Users/sameerkarur/Documents/Git/Data_science/07_IITK_AIML_Capstone/project1_autonomous_driving/data/part1/crops/00001217_2080_pickup_truck.jpg,pickup_truck,6,00001217,95,104,165,156,v3_no_ambiguous
/Users/sameerkarur/Documents/Git/Data_science/07_IITK_AIML_Capstone/project1_autonomous_driving/data/part1/crops/00002092_2081_car.jpg,car,3,00002092,258,53,333,87,v3_no_ambiguous
/Users/sameerkarur/Documents/Git/Data_science/07_IITK_AIML_Capstone/project1_autonomous_driving/data/part1/crops/00000437_2082_car.jpg,car,3,00000437,364,173,589,345,v3_no_ambiguous
/Users/sameerkarur/Documents/Git/Data_science/07_IITK_AIML_Capstone/project1_autonomous_driving/data/part1/crops/00004921_2083_single_unit_truck.jpg,single_unit_truck,7,00004921,148,65,364,167,v3_no_ambiguous
/Users/sameerkarur/Documents/Git/Data_science/07_IITK_AIML_Capstone/project1_autonomous_driving/data/part1/crops/00003157_2084_pedestrian.jpg,pedestrian,5,00003157,501,130,539,225,v3_no_ambiguous
/Users/sameerkarur/Documents/Git/Data_science/07_IITK_AIML_Capstone/project1_autonomous_driving/data/part1/crops/00000153_2085_work_van.jpg,work_van,8,00000153,142,35,294,117,v3_no_ambiguous
/Users/sameerkarur/Documents/Git/Data_science/07_IITK_AIML_Capstone/project1_autonomous_driving/data/part1/crops/00005292_2086_car.jpg,car,3,00005292,387,203,453,240,v3_no_ambiguous
/Users/sameerkarur/Documents/Git/Data_science/07_IITK_AIML_Capstone/project1_autonomous_driving/data/part1/crops/00003294_2087_pickup_truck.jpg,pickup_truck,6,00003294,206,59,284,97,v3_no_ambiguous
/Users/sameerkarur/Documents/Git/Data_science/07_IITK_AIML_Capstone/project1_autonomous_driving/data/part1/crops/00002738_2088_work_van.jpg,work_van,8,00002738,216,55,282,87,v3_no_ambiguous
/Users/sameerkarur/Documents/Git/Data_science/07_IITK_AIML_Capstone/project1_autonomous_driving/data/part1/crops/00003009_2089_work_van.jpg,work_van,8,00003009,411,144,481,177,v3_no_ambiguous
/Users/sameerkarur/Documents/Git/Data_science/07_IITK_AIML_Capstone/project1_autonomous_driving/data/part1/crops/00003061_2090_car.jpg,car,3,00003061,599,164,637,201,v3_no_ambiguous
/Users/sameerkarur/Documents/Git/Data_science/07_IITK_AIML_Capstone/project1_autonomous_driving/data/part1/crops/00000274_2091_single_unit_truck.jpg,single_unit_truck,7,00000274,0,199,367,440,v3_no_ambiguous
/Users/sameerkarur/Documents/Git/Data_science/07_IITK_AIML_Capstone/project1_autonomous_driving/data/part1/crops/00003938_2092_bicycle.jpg,bicycle,1,00003938,358,133,393,200,v3_no_ambiguous
/Users/sameerkarur/Documents/Git/Data_science/07_IITK_AIML_Capstone/project1_autonomous_driving/data/part1/crops/00002405_2093_bus.jpg,bus,2,00002405,526,121,602,165,v3_no_ambiguous
/Users/sameerkarur/Documents/Git/Data_science/07_IITK_AIML_Capstone/project1_autonomous_driving/data/part1/crops/00003275_2094_pickup_truck.jpg,pickup_truck,6,00003275,93,100,163,150,v3_no_ambiguous
/Users/sameerkarur/Documents/Git/Data_science/07_IITK_AIML_Capstone/project1_autonomous_driving/data/part1/crops/00004243_2095_car.jpg,car,3,00004243,258,103,318,135,v3_no_ambiguous
/Users/sameerkarur/Documents/Git/Data_science/07_IITK_AIML_Capstone/project1_autonomous_driving/data/part1/crops/00002146_2096_car.jpg,car,3,00002146,143,252,284,338,v3_no_ambiguous
/Users/sameerkarur/Documents/Git/Data_science/07_IITK_AIML_Capstone/project1_autonomous_driving/data/part1/crops/00000495_2097_articulated_truck.jpg,articulated_truck,0,00000495,33,184,336,409,v3_no_ambiguous
/Users/sameerkarur/Documents/Git/Data_science/07_IITK_AIML_Capstone/project1_autonomous_driving/data/part1/crops/00004184_2098_car.jpg,car,3,00004184,635,177,687,219,v3_no_ambiguous
/Users/sameerkarur/Documents/Git/Data_science/07_IITK_AIML_Capstone/project1_autonomous_driving/data/part1/crops/00000396_2099_car.jpg,car,3,00000396,107,45,141,69,v3_no_ambiguous
/Users/sameerkarur/Documents/Git/Data_science/07_IITK_AIML_Capstone/project1_autonomous_driving/data/part1/crops/00002473_2100_pickup_truck.jpg,pickup_truck,6,00002473,128,38,238,92,v3_no_ambiguous
/Users/sameerkarur/Documents/Git/Data_science/07_IITK_AIML_Capstone/project1_autonomous_driving/data/part1/crops/00000550_2101_car.jpg,car,3,00000550,49,101,98,143,v3_no_ambiguous
/Users/sameerkarur/Documents/Git/Data_science/07_IITK_AIML_Capstone/project1_autonomous_driving/data/part1/crops/00003488_2102_car.jpg,car,3,00003488,666,145,711,185,v3_no_ambiguous
/Users/sameerkarur/Documents/Git/Data_science/07_IITK_AIML_Capstone/project1_autonomous_driving/data/part1/crops/00000522_2103_articulated_truck.jpg,articulated_truck,0,00000522,598,93,712,126,v3_no_ambiguous
/Users/sameerkarur/Documents/Git/Data_science/07_IITK_AIML_Capstone/project1_autonomous_driving/data/part1/crops/00000113_2104_car.jpg,car,3,00000113,109,336,312,479,v3_no_ambiguous
/Users/sameerkarur/Documents/Git/Data_science/07_IITK_AIML_Capstone/project1_autonomous_driving/data/part1/crops/00003155_2105_pickup_truck.jpg,pickup_truck,6,00003155,197,82,527,281,v3_no_ambiguous
/Users/sameerkarur/Documents/Git/Data_science/07_IITK_AIML_Capstone/project1_autonomous_driving/data/part1/crops/00002292_2106_articulated_truck.jpg,articulated_truck,0,00002292,458,16,652,108,v3_no_ambiguous
/Users/sameerkarur/Documents/Git/Data_science/07_IITK_AIML_Capstone/project1_autonomous_driving/data/part1/crops/00002032_2107_car.jpg,car,3,00002032,384,81,418,105,v3_no_ambiguous
/Users/sameerkarur/Documents/Git/Data_science/07_IITK_AIML_Capstone/project1_autonomous_driving/data/part1/crops/00002467_2108_pedestrian.jpg,pedestrian,5,00002467,0,313,24,349,v3_no_ambiguous
/Users/sameerkarur/Documents/Git/Data_science/07_IITK_AIML_Capstone/project1_autonomous_driving/data/part1/crops/00000531_2109_work_van.jpg,work_van,8,00000531,11,109,49,156,v3_no_ambiguous
/Users/sameerkarur/Documents/Git/Data_science/07_IITK_AIML_Capstone/project1_autonomous_driving/data/part1/crops/00004337_2110_pickup_truck.jpg,pickup_truck,6,00004337,561,105,714,230,v3_no_ambiguous
/Users/sameerkarur/Documents/Git/Data_science/07_IITK_AIML_Capstone/project1_autonomous_driving/data/part1/crops/00004874_2111_pickup_truck.jpg,pickup_truck,6,00004874,56,59,115,91,v3_no_ambiguous
/Users/sameerkarur/Documents/Git/Data_science/07_IITK_AIML_Capstone/project1_autonomous_driving/data/part1/crops/00000710_2112_car.jpg,car,3,00000710,390,143,444,169,v3_no_ambiguous
/Users/sameerkarur/Documents/Git/Data_science/07_IITK_AIML_Capstone/project1_autonomous_driving/data/part1/crops/00005059_2113_car.jpg,car,3,00005059,611,168,651,211,v3_no_ambiguous
/Users/sameerkarur/Documents/Git/Data_science/07_IITK_AIML_Capstone/project1_autonomous_driving/data/part1/crops/00003838_2114_car.jpg,car,3,00003838,597,161,638,205,v3_no_ambiguous
/Users/sameerkarur/Documents/Git/Data_science/07_IITK_AIML_Capstone/project1_autonomous_driving/data/part1/crops/00005042_2115_car.jpg,car,3,00005042,90,53,147,88,v3_no_ambiguous
/Users/sameerkarur/Documents/Git/Data_science/07_IITK_AIML_Capstone/project1_autonomous_driving/data/part1/crops/00001499_2116_bus.jpg,bus,2,00001499,0,133,396,479,v3_no_ambiguous
/Users/sameerkarur/Documents/Git/Data_science/07_IITK_AIML_Capstone/project1_autonomous_driving/data/part1/crops/00002138_2117_car.jpg,car,3,00002138,248,229,520,354,v3_no_ambiguous
/Users/sameerkarur/Documents/Git/Data_science/07_IITK_AIML_Capstone/project1_autonomous_driving/data/part1/crops/00002722_2118_bus.jpg,bus,2,00002722,121,129,183,178,v3_no_ambiguous
/Users/sameerkarur/Documents/Git/Data_science/07_IITK_AIML_Capstone/project1_autonomous_driving/data/part1/crops/00002035_2119_bus.jpg,bus,2,00002035,162,33,392,175,v3_no_ambiguous
/Users/sameerkarur/Documents/Git/Data_science/07_IITK_AIML_Capstone/project1_autonomous_driving/data/part1/crops/00002168_2120_articulated_truck.jpg,articulated_truck,0,00002168,413,34,716,398,v3_no_ambiguous
/Users/sameerkarur/Documents/Git/Data_science/07_IITK_AIML_Capstone/project1_autonomous_driving/data/part1/crops/00000016_2121_articulated_truck.jpg,articulated_truck,0,00000016,420,81,499,128,v3_no_ambiguous
/Users/sameerkarur/Documents/Git/Data_science/07_IITK_AIML_Capstone/project1_autonomous_driving/data/part1/crops/00000165_2122_single_unit_truck.jpg,single_unit_truck,7,00000165,0,280,207,413,v3_no_ambiguous
/Users/sameerkarur/Documents/Git/Data_science/07_IITK_AIML_Capstone/project1_autonomous_driving/data/part1/crops/00005575_2123_bus.jpg,bus,2,00005575,250,0,662,201,v3_no_ambiguous
/Users/sameerkarur/Documents/Git/Data_science/07_IITK_AIML_Capstone/project1_autonomous_driving/data/part1/crops/00005260_2124_work_van.jpg,work_van,8,00005260,196,77,271,129,v3_no_ambiguous
/Users/sameerkarur/Documents/Git/Data_science/07_IITK_AIML_Capstone/project1_autonomous_driving/data/part1/crops/00001001_2125_car.jpg,car,3,00001001,643,167,692,202,v3_no_ambiguous
/Users/sameerkarur/Documents/Git/Data_science/07_IITK_AIML_Capstone/project1_autonomous_driving/data/part1/crops/00003858_2126_car.jpg,car,3,00003858,182,280,471,479,v3_no_ambiguous
/Users/sameerkarur/Documents/Git/Data_science/07_IITK_AIML_Capstone/project1_autonomous_driving/data/part1/crops/00001514_2127_car.jpg,car,3,00001514,601,163,637,200,v3_no_ambiguous
/Users/sameerkarur/Documents/Git/Data_science/07_IITK_AIML_Capstone/project1_autonomous_driving/data/part1/crops/00004288_2128_car.jpg,car,3,00004288,124,48,229,91,v3_no_ambiguous
/Users/sameerkarur/Documents/Git/Data_science/07_IITK_AIML_Capstone/project1_autonomous_driving/data/part1/crops/00002134_2129_car.jpg,car,3,00002134,379,41,478,82,v3_no_ambiguous
/Users/sameerkarur/Documents/Git/Data_science/07_IITK_AIML_Capstone/project1_autonomous_driving/data/part1/crops/00004660_2130_pedestrian.jpg,pedestrian,5,00004660,158,262,191,314,v3_no_ambiguous
/Users/sameerkarur/Documents/Git/Data_science/07_IITK_AIML_Capstone/project1_autonomous_driving/data/part1/crops/00000617_2131_articulated_truck.jpg,articulated_truck,0,00000617,387,48,649,129,v3_no_ambiguous
/Users/sameerkarur/Documents/Git/Data_science/07_IITK_AIML_Capstone/project1_autonomous_driving/data/part1/crops/00003905_2132_work_van.jpg,work_van,8,00003905,303,180,397,298,v3_no_ambiguous
/Users/sameerkarur/Documents/Git/Data_science/07_IITK_AIML_Capstone/project1_autonomous_driving/data/part1/crops/00004217_2133_car.jpg,car,3,00004217,119,39,214,95,v3_no_ambiguous
/Users/sameerkarur/Documents/Git/Data_science/07_IITK_AIML_Capstone/project1_autonomous_driving/data/part1/crops/00001490_2134_pickup_truck.jpg,pickup_truck,6,00001490,180,38,369,125,v3_no_ambiguous
/Users/sameerkarur/Documents/Git/Data_science/07_IITK_AIML_Capstone/project1_autonomous_driving/data/part1/crops/00001265_2135_bus.jpg,bus,2,00001265,217,145,618,330,v3_no_ambiguous
/Users/sameerkarur/Documents/Git/Data_science/07_IITK_AIML_Capstone/project1_autonomous_driving/data/part1/crops/00000204_2136_work_van.jpg,work_van,8,00000204,75,44,120,68,v3_no_ambiguous
/Users/sameerkarur/Documents/Git/Data_science/07_IITK_AIML_Capstone/project1_autonomous_driving/data/part1/crops/00002522_2137_car.jpg,car,3,00002522,611,131,639,158,v3_no_ambiguous
/Users/sameerkarur/Documents/Git/Data_science/07_IITK_AIML_Capstone/project1_autonomous_driving/data/part1/crops/00001121_2138_pickup_truck.jpg,pickup_truck,6,00001121,561,162,618,187,v3_no_ambiguous
/Users/sameerkarur/Documents/Git/Data_science/07_IITK_AIML_Capstone/project1_autonomous_driving/data/part1/crops/00002864_2139_pickup_truck.jpg,pickup_truck,6,00002864,104,82,241,145,v3_no_ambiguous
/Users/sameerkarur/Documents/Git/Data_science/07_IITK_AIML_Capstone/project1_autonomous_driving/data/part1/crops/00005622_2140_car.jpg,car,3,00005622,46,181,104,233,v3_no_ambiguous
/Users/sameerkarur/Documents/Git/Data_science/07_IITK_AIML_Capstone/project1_autonomous_driving/data/part1/crops/00005148_2141_car.jpg,car,3,00005148,391,137,442,161,v3_no_ambiguous
/Users/sameerkarur/Documents/Git/Data_science/07_IITK_AIML_Capstone/project1_autonomous_driving/data/part1/crops/00004714_2142_bus.jpg,bus,2,00004714,235,199,460,330,v3_no_ambiguous
/Users/sameerkarur/Documents/Git/Data_science/07_IITK_AIML_Capstone/project1_autonomous_driving/data/part1/crops/00000929_2143_car.jpg,car,3,00000929,680,182,713,221,v3_no_ambiguous
/Users/sameerkarur/Documents/Git/Data_science/07_IITK_AIML_Capstone/project1_autonomous_driving/data/part1/crops/00001140_2144_car.jpg,car,3,00001140,681,177,714,216,v3_no_ambiguous
/Users/sameerkarur/Documents/Git/Data_science/07_IITK_AIML_Capstone/project1_autonomous_driving/data/part1/crops/00001312_2145_pickup_truck.jpg,pickup_truck,6,00001312,229,163,503,270,v3_no_ambiguous
/Users/sameerkarur/Documents/Git/Data_science/07_IITK_AIML_Capstone/project1_autonomous_driving/data/part1/crops/00002456_2146_car.jpg,car,3,00002456,141,99,261,146,v3_no_ambiguous
/Users/sameerkarur/Documents/Git/Data_science/07_IITK_AIML_Capstone/project1_autonomous_driving/data/part1/crops/00000796_2147_car.jpg,car,3,00000796,429,97,495,122,v3_no_ambiguous
/Users/sameerkarur/Documents/Git/Data_science/07_IITK_AIML_Capstone/project1_autonomous_driving/data/part1/crops/00005238_2148_bus.jpg,bus,2,00005238,184,7,608,194,v3_no_ambiguous
/Users/sameerkarur/Documents/Git/Data_science/07_IITK_AIML_Capstone/project1_autonomous_driving/data/part1/crops/00005628_2149_pedestrian.jpg,pedestrian,5,00005628,364,37,392,89,v3_no_ambiguous
/Users/sameerkarur/Documents/Git/Data_science/07_IITK_AIML_Capstone/project1_autonomous_driving/data/part1/crops/00004061_2150_pickup_truck.jpg,pickup_truck,6,00004061,616,154,662,182,v3_no_ambiguous
/Users/sameerkarur/Documents/Git/Data_science/07_IITK_AIML_Capstone/project1_autonomous_driving/data/part1/crops/00005601_2151_motorcycle.jpg,motorcycle,4,00005601,202,325,238,390,v3_no_ambiguous
/Users/sameerkarur/Documents/Git/Data_science/07_IITK_AIML_Capstone/project1_autonomous_driving/data/part1/crops/00004828_2152_pickup_truck.jpg,pickup_truck,6,00004828,356,23,398,67,v3_no_ambiguous
/Users/sameerkarur/Documents/Git/Data_science/07_IITK_AIML_Capstone/project1_autonomous_driving/data/part1/crops/00004806_2153_work_van.jpg,work_van,8,00004806,74,46,114,70,v3_no_ambiguous
/Users/sameerkarur/Documents/Git/Data_science/07_IITK_AIML_Capstone/project1_autonomous_driving/data/part1/crops/00005308_2154_car.jpg,car,3,00005308,195,125,331,177,v3_no_ambiguous
/Users/sameerkarur/Documents/Git/Data_science/07_IITK_AIML_Capstone/project1_autonomous_driving/data/part1/crops/00000323_2155_bicycle.jpg,bicycle,1,00000323,145,355,232,437,v3_no_ambiguous
/Users/sameerkarur/Documents/Git/Data_science/07_IITK_AIML_Capstone/project1_autonomous_driving/data/part1/crops/00002460_2156_work_van.jpg,work_van,8,00002460,10,113,46,155,v3_no_ambiguous
/Users/sameerkarur/Documents/Git/Data_science/07_IITK_AIML_Capstone/project1_autonomous_driving/data/part1/crops/00005325_2157_bus.jpg,bus,2,00005325,182,84,313,257,v3_no_ambiguous
/Users/sameerkarur/Documents/Git/Data_science/07_IITK_AIML_Capstone/project1_autonomous_driving/data/part1/crops/00002993_2158_bicycle.jpg,bicycle,1,00002993,366,121,403,224,v3_no_ambiguous
/Users/sameerkarur/Documents/Git/Data_science/07_IITK_AIML_Capstone/project1_autonomous_driving/data/part1/crops/00003992_2159_articulated_truck.jpg,articulated_truck,0,00003992,2,15,95,78,v3_no_ambiguous
/Users/sameerkarur/Documents/Git/Data_science/07_IITK_AIML_Capstone/project1_autonomous_driving/data/part1/crops/00002921_2160_work_van.jpg,work_van,8,00002921,180,92,234,116,v3_no_ambiguous
/Users/sameerkarur/Documents/Git/Data_science/07_IITK_AIML_Capstone/project1_autonomous_driving/data/part1/crops/00002040_2161_articulated_truck.jpg,articulated_truck,0,00002040,463,60,713,143,v3_no_ambiguous
/Users/sameerkarur/Documents/Git/Data_science/07_IITK_AIML_Capstone/project1_autonomous_driving/data/part1/crops/00000735_2162_car.jpg,car,3,00000735,118,38,215,94,v3_no_ambiguous
/Users/sameerkarur/Documents/Git/Data_science/07_IITK_AIML_Capstone/project1_autonomous_driving/data/part1/crops/00003119_2163_pickup_truck.jpg,pickup_truck,6,00003119,323,64,577,187,v3_no_ambiguous
/Users/sameerkarur/Documents/Git/Data_science/07_IITK_AIML_Capstone/project1_autonomous_driving/data/part1/crops/00005641_2164_car.jpg,car,3,00005641,215,205,316,276,v3_no_ambiguous
/Users/sameerkarur/Documents/Git/Data_science/07_IITK_AIML_Capstone/project1_autonomous_driving/data/part1/crops/00000489_2165_motorcycle.jpg,motorcycle,4,00000489,89,108,114,157,v3_no_ambiguous
/Users/sameerkarur/Documents/Git/Data_science/07_IITK_AIML_Capstone/project1_autonomous_driving/data/part1/crops/00003483_2166_pickup_truck.jpg,pickup_truck,6,00003483,479,157,592,199,v3_no_ambiguous
/Users/sameerkarur/Documents/Git/Data_science/07_IITK_AIML_Capstone/project1_autonomous_driving/data/part1/crops/00004754_2167_articulated_truck.jpg,articulated_truck,0,00004754,30,24,194,76,v3_no_ambiguous
/Users/sameerkarur/Documents/Git/Data_science/07_IITK_AIML_Capstone/project1_autonomous_driving/data/part1/crops/00004150_2168_pedestrian.jpg,pedestrian,5,00004150,622,227,685,384,v3_no_ambiguous
/Users/sameerkarur/Documents/Git/Data_science/07_IITK_AIML_Capstone/project1_autonomous_driving/data/part1/crops/00003615_2169_articulated_truck.jpg,articulated_truck,0,00003615,421,7,494,34,v3_no_ambiguous
/Users/sameerkarur/Documents/Git/Data_science/07_IITK_AIML_Capstone/project1_autonomous_driving/data/part1/crops/00004789_2170_work_van.jpg,work_van,8,00004789,75,45,114,72,v3_no_ambiguous
/Users/sameerkarur/Documents/Git/Data_science/07_IITK_AIML_Capstone/project1_autonomous_driving/data/part1/crops/00002028_2171_car.jpg,car,3,00002028,606,182,652,228,v3_no_ambiguous
/Users/sameerkarur/Documents/Git/Data_science/07_IITK_AIML_Capstone/project1_autonomous_driving/data/part1/crops/00003682_2172_articulated_truck.jpg,articulated_truck,0,00003682,46,10,530,175,v3_no_ambiguous
/Users/sameerkarur/Documents/Git/Data_science/07_IITK_AIML_Capstone/project1_autonomous_driving/data/part1/crops/00004210_2173_bus.jpg,bus,2,00004210,430,120,627,239,v3_no_ambiguous
/Users/sameerkarur/Documents/Git/Data_science/07_IITK_AIML_Capstone/project1_autonomous_driving/data/part1/crops/00005163_2174_work_van.jpg,work_van,8,00005163,326,306,564,478,v3_no_ambiguous
/Users/sameerkarur/Documents/Git/Data_science/07_IITK_AIML_Capstone/project1_autonomous_driving/data/part1/crops/00003321_2175_articulated_truck.jpg,articulated_truck,0,00003321,7,100,164,251,v3_no_ambiguous
/Users/sameerkarur/Documents/Git/Data_science/07_IITK_AIML_Capstone/project1_autonomous_driving/data/part1/crops/00002661_2176_work_van.jpg,work_van,8,00002661,231,219,360,302,v3_no_ambiguous
/Users/sameerkarur/Documents/Git/Data_science/07_IITK_AIML_Capstone/project1_autonomous_driving/data/part1/crops/00004743_2177_bicycle.jpg,bicycle,1,00004743,214,123,260,181,v3_no_ambiguous
/Users/sameerkarur/Documents/Git/Data_science/07_IITK_AIML_Capstone/project1_autonomous_driving/data/part1/crops/00000479_2178_car.jpg,car,3,00000479,183,183,238,208,v3_no_ambiguous
/Users/sameerkarur/Documents/Git/Data_science/07_IITK_AIML_Capstone/project1_autonomous_driving/data/part1/crops/00002420_2179_single_unit_truck.jpg,single_unit_truck,7,00002420,355,3,672,152,v3_no_ambiguous
/Users/sameerkarur/Documents/Git/Data_science/07_IITK_AIML_Capstone/project1_autonomous_driving/data/part1/crops/00001124_2180_pickup_truck.jpg,pickup_truck,6,00001124,277,172,532,268,v3_no_ambiguous
/Users/sameerkarur/Documents/Git/Data_science/07_IITK_AIML_Capstone/project1_autonomous_driving/data/part1/crops/00004927_2181_bus.jpg,bus,2,00004927,184,84,372,220,v3_no_ambiguous
/Users/sameerkarur/Documents/Git/Data_science/07_IITK_AIML_Capstone/project1_autonomous_driving/data/part1/crops/00002369_2182_car.jpg,car,3,00002369,539,145,719,249,v3_no_ambiguous
/Users/sameerkarur/Documents/Git/Data_science/07_IITK_AIML_Capstone/project1_autonomous_driving/data/part1/crops/00001701_2183_single_unit_truck.jpg,single_unit_truck,7,00001701,182,88,211,115,v3_no_ambiguous
/Users/sameerkarur/Documents/Git/Data_science/07_IITK_AIML_Capstone/project1_autonomous_driving/data/part1/crops/00004874_2184_work_van.jpg,work_van,8,00004874,167,46,246,85,v3_no_ambiguous
/Users/sameerkarur/Documents/Git/Data_science/07_IITK_AIML_Capstone/project1_autonomous_driving/data/part1/crops/00004933_2185_car.jpg,car,3,00004933,122,58,227,97,v3_no_ambiguous
/Users/sameerkarur/Documents/Git/Data_science/07_IITK_AIML_Capstone/project1_autonomous_driving/data/part1/crops/00003112_2186_work_van.jpg,work_van,8,00003112,367,108,457,181,v3_no_ambiguous
/Users/sameerkarur/Documents/Git/Data_science/07_IITK_AIML_Capstone/project1_autonomous_driving/data/part1/crops/00003421_2187_articulated_truck.jpg,articulated_truck,0,00003421,564,160,714,358,v3_no_ambiguous
/Users/sameerkarur/Documents/Git/Data_science/07_IITK_AIML_Capstone/project1_autonomous_driving/data/part1/crops/00000326_2188_bus.jpg,bus,2,00000326,136,49,455,212,v3_no_ambiguous
/Users/sameerkarur/Documents/Git/Data_science/07_IITK_AIML_Capstone/project1_autonomous_driving/data/part1/crops/00002940_2189_bus.jpg,bus,2,00002940,61,34,547,146,v3_no_ambiguous
/Users/sameerkarur/Documents/Git/Data_science/07_IITK_AIML_Capstone/project1_autonomous_driving/data/part1/crops/00004347_2190_articulated_truck.jpg,articulated_truck,0,00004347,466,43,595,75,v3_no_ambiguous
/Users/sameerkarur/Documents/Git/Data_science/07_IITK_AIML_Capstone/project1_autonomous_driving/data/part1/crops/00004594_2191_car.jpg,car,3,00004594,314,199,415,320,v3_no_ambiguous
/Users/sameerkarur/Documents/Git/Data_science/07_IITK_AIML_Capstone/project1_autonomous_driving/data/part1/crops/00001935_2192_car.jpg,car,3,00001935,606,169,652,214,v3_no_ambiguous
/Users/sameerkarur/Documents/Git/Data_science/07_IITK_AIML_Capstone/project1_autonomous_driving/data/part1/crops/00004165_2193_work_van.jpg,work_van,8,00004165,76,43,113,70,v3_no_ambiguous
/Users/sameerkarur/Documents/Git/Data_science/07_IITK_AIML_Capstone/project1_autonomous_driving/data/part1/crops/00000195_2194_articulated_truck.jpg,articulated_truck,0,00000195,2,42,716,268,v3_no_ambiguous
/Users/sameerkarur/Documents/Git/Data_science/07_IITK_AIML_Capstone/project1_autonomous_driving/data/part1/crops/00004612_2195_single_unit_truck.jpg,single_unit_truck,7,00004612,2,44,27,73,v3_no_ambiguous
/Users/sameerkarur/Documents/Git/Data_science/07_IITK_AIML_Capstone/project1_autonomous_driving/data/part1/crops/00005608_2196_pickup_truck.jpg,pickup_truck,6,00005608,207,62,288,101,v3_no_ambiguous
/Users/sameerkarur/Documents/Git/Data_science/07_IITK_AIML_Capstone/project1_autonomous_driving/data/part1/crops/00003087_2197_pickup_truck.jpg,pickup_truck,6,00003087,205,133,518,382,v3_no_ambiguous
/Users/sameerkarur/Documents/Git/Data_science/07_IITK_AIML_Capstone/project1_autonomous_driving/data/part1/crops/00005207_2198_articulated_truck.jpg,articulated_truck,0,00005207,111,115,377,269,v3_no_ambiguous
/Users/sameerkarur/Documents/Git/Data_science/07_IITK_AIML_Capstone/project1_autonomous_driving/data/part1/crops/00002507_2199_articulated_truck.jpg,articulated_truck,0,00002507,192,18,303,45,v3_no_ambiguous
/Users/sameerkarur/Documents/Git/Data_science/07_IITK_AIML_Capstone/project1_autonomous_driving/data/part1/crops/00003160_2200_car.jpg,car,3,00003160,36,99,125,144,v3_no_ambiguous
/Users/sameerkarur/Documents/Git/Data_science/07_IITK_AIML_Capstone/project1_autonomous_driving/data/part1/crops/00002890_2201_pickup_truck.jpg,pickup_truck,6,00002890,453,249,633,341,v3_no_ambiguous
/Users/sameerkarur/Documents/Git/Data_science/07_IITK_AIML_Capstone/project1_autonomous_driving/data/part1/crops/00003042_2202_car.jpg,car,3,00003042,374,186,458,212,v3_no_ambiguous
/Users/sameerkarur/Documents/Git/Data_science/07_IITK_AIML_Capstone/project1_autonomous_driving/data/part1/crops/00004114_2203_car.jpg,car,3,00004114,483,149,529,179,v3_no_ambiguous
/Users/sameerkarur/Documents/Git/Data_science/07_IITK_AIML_Capstone/project1_autonomous_driving/data/part1/crops/00002108_2204_pickup_truck.jpg,pickup_truck,6,00002108,240,261,428,366,v3_no_ambiguous
/Users/sameerkarur/Documents/Git/Data_science/07_IITK_AIML_Capstone/project1_autonomous_driving/data/part1/crops/00003208_2205_bus.jpg,bus,2,00003208,1,181,475,476,v3_no_ambiguous
/Users/sameerkarur/Documents/Git/Data_science/07_IITK_AIML_Capstone/project1_autonomous_driving/data/part1/crops/00004264_2206_car.jpg,car,3,00004264,75,165,283,270,v3_no_ambiguous
/Users/sameerkarur/Documents/Git/Data_science/07_IITK_AIML_Capstone/project1_autonomous_driving/data/part1/crops/00000342_2207_bicycle.jpg,bicycle,1,00000342,338,121,374,204,v3_no_ambiguous
/Users/sameerkarur/Documents/Git/Data_science/07_IITK_AIML_Capstone/project1_autonomous_driving/data/part1/crops/00003990_2208_bus.jpg,bus,2,00003990,213,82,650,421,v3_no_ambiguous
/Users/sameerkarur/Documents/Git/Data_science/07_IITK_AIML_Capstone/project1_autonomous_driving/data/part1/crops/00005116_2209_pickup_truck.jpg,pickup_truck,6,00005116,205,71,324,138,v3_no_ambiguous
/Users/sameerkarur/Documents/Git/Data_science/07_IITK_AIML_Capstone/project1_autonomous_driving/data/part1/crops/00001514_2210_pickup_truck.jpg,pickup_truck,6,00001514,24,318,235,466,v3_no_ambiguous
/Users/sameerkarur/Documents/Git/Data_science/07_IITK_AIML_Capstone/project1_autonomous_driving/data/part1/crops/00004282_2211_bus.jpg,bus,2,00004282,222,2,267,31,v3_no_ambiguous
/Users/sameerkarur/Documents/Git/Data_science/07_IITK_AIML_Capstone/project1_autonomous_driving/data/part1/crops/00004921_2212_bus.jpg,bus,2,00004921,0,156,545,478,v3_no_ambiguous
/Users/sameerkarur/Documents/Git/Data_science/07_IITK_AIML_Capstone/project1_autonomous_driving/data/part1/crops/00002233_2213_car.jpg,car,3,00002233,348,327,531,479,v3_no_ambiguous
/Users/sameerkarur/Documents/Git/Data_science/07_IITK_AIML_Capstone/project1_autonomous_driving/data/part1/crops/00001855_2214_articulated_truck.jpg,articulated_truck,0,00001855,551,1,718,68,v3_no_ambiguous
/Users/sameerkarur/Documents/Git/Data_science/07_IITK_AIML_Capstone/project1_autonomous_driving/data/part1/crops/00005081_2215_bus.jpg,bus,2,00005081,194,113,251,145,v3_no_ambiguous
/Users/sameerkarur/Documents/Git/Data_science/07_IITK_AIML_Capstone/project1_autonomous_driving/data/part1/crops/00004706_2216_articulated_truck.jpg,articulated_truck,0,00004706,137,64,197,88,v3_no_ambiguous
/Users/sameerkarur/Documents/Git/Data_science/07_IITK_AIML_Capstone/project1_autonomous_driving/data/part1/crops/00000118_2217_bicycle.jpg,bicycle,1,00000118,362,137,408,242,v3_no_ambiguous
/Users/sameerkarur/Documents/Git/Data_science/07_IITK_AIML_Capstone/project1_autonomous_driving/data/part1/crops/00001868_2218_pickup_truck.jpg,pickup_truck,6,00001868,103,122,239,185,v3_no_ambiguous
/Users/sameerkarur/Documents/Git/Data_science/07_IITK_AIML_Capstone/project1_autonomous_driving/data/part1/crops/00005186_2219_car.jpg,car,3,00005186,606,167,652,216,v3_no_ambiguous
/Users/sameerkarur/Documents/Git/Data_science/07_IITK_AIML_Capstone/project1_autonomous_driving/data/part1/crops/00000486_2220_work_van.jpg,work_van,8,00000486,544,210,648,330,v3_no_ambiguous
/Users/sameerkarur/Documents/Git/Data_science/07_IITK_AIML_Capstone/project1_autonomous_driving/data/part1/crops/00004209_2221_bus.jpg,bus,2,00004209,426,11,530,77,v3_no_ambiguous
/Users/sameerkarur/Documents/Git/Data_science/07_IITK_AIML_Capstone/project1_autonomous_driving/data/part1/crops/00001231_2222_car.jpg,car,3,00001231,558,72,678,138,v3_no_ambiguous
/Users/sameerkarur/Documents/Git/Data_science/07_IITK_AIML_Capstone/project1_autonomous_driving/data/part1/crops/00001075_2223_pickup_truck.jpg,pickup_truck,6,00001075,5,296,215,454,v3_no_ambiguous
/Users/sameerkarur/Documents/Git/Data_science/07_IITK_AIML_Capstone/project1_autonomous_driving/data/part1/crops/00003633_2224_single_unit_truck.jpg,single_unit_truck,7,00003633,2,60,413,438,v3_no_ambiguous
/Users/sameerkarur/Documents/Git/Data_science/07_IITK_AIML_Capstone/project1_autonomous_driving/data/part1/crops/00004536_2225_car.jpg,car,3,00004536,606,233,648,262,v3_no_ambiguous
/Users/sameerkarur/Documents/Git/Data_science/07_IITK_AIML_Capstone/project1_autonomous_driving/data/part1/crops/00001599_2226_work_van.jpg,work_van,8,00001599,426,78,652,219,v3_no_ambiguous
/Users/sameerkarur/Documents/Git/Data_science/07_IITK_AIML_Capstone/project1_autonomous_driving/data/part1/crops/00001161_2227_single_unit_truck.jpg,single_unit_truck,7,00001161,224,106,275,172,v3_no_ambiguous
/Users/sameerkarur/Documents/Git/Data_science/07_IITK_AIML_Capstone/project1_autonomous_driving/data/part1/crops/00001507_2228_car.jpg,car,3,00001507,4,72,49,101,v3_no_ambiguous
/Users/sameerkarur/Documents/Git/Data_science/07_IITK_AIML_Capstone/project1_autonomous_driving/data/part1/crops/00005482_2229_car.jpg,car,3,00005482,537,249,718,418,v3_no_ambiguous
/Users/sameerkarur/Documents/Git/Data_science/07_IITK_AIML_Capstone/project1_autonomous_driving/data/part1/crops/00003525_2230_pickup_truck.jpg,pickup_truck,6,00003525,1,61,50,117,v3_no_ambiguous
/Users/sameerkarur/Documents/Git/Data_science/07_IITK_AIML_Capstone/project1_autonomous_driving/data/part1/crops/00000547_2231_car.jpg,car,3,00000547,488,130,553,180,v3_no_ambiguous
/Users/sameerkarur/Documents/Git/Data_science/07_IITK_AIML_Capstone/project1_autonomous_driving/data/part1/crops/00001299_2232_car.jpg,car,3,00001299,469,228,578,284,v3_no_ambiguous
/Users/sameerkarur/Documents/Git/Data_science/07_IITK_AIML_Capstone/project1_autonomous_driving/data/part1/crops/00000227_2233_work_van.jpg,work_van,8,00000227,153,185,235,244,v3_no_ambiguous
/Users/sameerkarur/Documents/Git/Data_science/07_IITK_AIML_Capstone/project1_autonomous_driving/data/part1/crops/00004751_2234_articulated_truck.jpg,articulated_truck,0,00004751,595,86,708,122,v3_no_ambiguous
/Users/sameerkarur/Documents/Git/Data_science/07_IITK_AIML_Capstone/project1_autonomous_driving/data/part1/crops/00002943_2235_articulated_truck.jpg,articulated_truck,0,00002943,479,4,563,36,v3_no_ambiguous
/Users/sameerkarur/Documents/Git/Data_science/07_IITK_AIML_Capstone/project1_autonomous_driving/data/part1/crops/00000155_2236_car.jpg,car,3,00000155,503,66,535,98,v3_no_ambiguous
/Users/sameerkarur/Documents/Git/Data_science/07_IITK_AIML_Capstone/project1_autonomous_driving/data/part1/crops/00001031_2237_single_unit_truck.jpg,single_unit_truck,7,00001031,459,65,559,145,v3_no_ambiguous
/Users/sameerkarur/Documents/Git/Data_science/07_IITK_AIML_Capstone/project1_autonomous_driving/data/part1/crops/00002389_2238_work_van.jpg,work_van,8,00002389,2,136,248,290,v3_no_ambiguous
/Users/sameerkarur/Documents/Git/Data_science/07_IITK_AIML_Capstone/project1_autonomous_driving/data/part1/crops/00005154_2239_pickup_truck.jpg,pickup_truck,6,00005154,236,92,305,121,v3_no_ambiguous
/Users/sameerkarur/Documents/Git/Data_science/07_IITK_AIML_Capstone/project1_autonomous_driving/data/part1/crops/00000198_2240_pickup_truck.jpg,pickup_truck,6,00000198,507,197,701,295,v3_no_ambiguous
/Users/sameerkarur/Documents/Git/Data_science/07_IITK_AIML_Capstone/project1_autonomous_driving/data/part1/crops/00005369_2241_pickup_truck.jpg,pickup_truck,6,00005369,267,79,337,111,v3_no_ambiguous
/Users/sameerkarur/Documents/Git/Data_science/07_IITK_AIML_Capstone/project1_autonomous_driving/data/part1/crops/00001373_2242_articulated_truck.jpg,articulated_truck,0,00001373,0,47,122,123,v3_no_ambiguous
/Users/sameerkarur/Documents/Git/Data_science/07_IITK_AIML_Capstone/project1_autonomous_driving/data/part1/crops/00001028_2243_pickup_truck.jpg,pickup_truck,6,00001028,544,111,709,240,v3_no_ambiguous
/Users/sameerkarur/Documents/Git/Data_science/07_IITK_AIML_Capstone/project1_autonomous_driving/data/part1/crops/00002310_2244_articulated_truck.jpg,articulated_truck,0,00002310,215,84,297,175,v3_no_ambiguous
/Users/sameerkarur/Documents/Git/Data_science/07_IITK_AIML_Capstone/project1_autonomous_driving/data/part1/crops/00001437_2245_articulated_truck.jpg,articulated_truck,0,00001437,588,89,708,125,v3_no_ambiguous
/Users/sameerkarur/Documents/Git/Data_science/07_IITK_AIML_Capstone/project1_autonomous_driving/data/part1/crops/00001003_2246_single_unit_truck.jpg,single_unit_truck,7,00001003,297,49,431,126,v3_no_ambiguous
/Users/sameerkarur/Documents/Git/Data_science/07_IITK_AIML_Capstone/project1_autonomous_driving/data/part1/crops/00005282_2247_work_van.jpg,work_van,8,00005282,67,53,271,153,v3_no_ambiguous
/Users/sameerkarur/Documents/Git/Data_science/07_IITK_AIML_Capstone/project1_autonomous_driving/data/part1/crops/00002064_2248_pickup_truck.jpg,pickup_truck,6,00002064,554,119,715,241,v3_no_ambiguous
/Users/sameerkarur/Documents/Git/Data_science/07_IITK_AIML_Capstone/project1_autonomous_driving/data/part1/crops/00000848_2249_pickup_truck.jpg,pickup_truck,6,00000848,174,37,361,125,v3_no_ambiguous
/Users/sameerkarur/Documents/Git/Data_science/07_IITK_AIML_Capstone/project1_autonomous_driving/data/part1/crops/00000943_2250_pickup_truck.jpg,pickup_truck,6,00000943,82,171,166,257,v3_no_ambiguous
/Users/sameerkarur/Documents/Git/Data_science/07_IITK_AIML_Capstone/project1_autonomous_driving/data/part1/crops/00001283_2251_pickup_truck.jpg,pickup_truck,6,00001283,607,151,649,180,v3_no_ambiguous
/Users/sameerkarur/Documents/Git/Data_science/07_IITK_AIML_Capstone/project1_autonomous_driving/data/part1/crops/00002129_2252_pickup_truck.jpg,pickup_truck,6,00002129,132,44,257,95,v3_no_ambiguous
/Users/sameerkarur/Documents/Git/Data_science/07_IITK_AIML_Capstone/project1_autonomous_driving/data/part1/crops/00005195_2253_pickup_truck.jpg,pickup_truck,6,00005195,2,141,132,195,v3_no_ambiguous
/Users/sameerkarur/Documents/Git/Data_science/07_IITK_AIML_Capstone/project1_autonomous_driving/data/part1/crops/00001227_2254_pickup_truck.jpg,pickup_truck,6,00001227,285,269,479,381,v3_no_ambiguous
/Users/sameerkarur/Documents/Git/Data_science/07_IITK_AIML_Capstone/project1_autonomous_driving/data/part1/crops/00002132_2255_work_van.jpg,work_van,8,00002132,130,89,211,142,v3_no_ambiguous
/Users/sameerkarur/Documents/Git/Data_science/07_IITK_AIML_Capstone/project1_autonomous_driving/data/part1/crops/00001162_2256_car.jpg,car,3,00001162,447,148,535,212,v3_no_ambiguous
/Users/sameerkarur/Documents/Git/Data_science/07_IITK_AIML_Capstone/project1_autonomous_driving/data/part1/crops/00000561_2257_pedestrian.jpg,pedestrian,5,00000561,423,431,506,478,v3_no_ambiguous
/Users/sameerkarur/Documents/Git/Data_science/07_IITK_AIML_Capstone/project1_autonomous_driving/data/part1/crops/00003460_2258_car.jpg,car,3,00003460,534,286,650,361,v3_no_ambiguous
/Users/sameerkarur/Documents/Git/Data_science/07_IITK_AIML_Capstone/project1_autonomous_driving/data/part1/crops/00002703_2259_single_unit_truck.jpg,single_unit_truck,7,00002703,509,85,718,321,v3_no_ambiguous
/Users/sameerkarur/Documents/Git/Data_science/07_IITK_AIML_Capstone/project1_autonomous_driving/data/part1/crops/00003822_2260_pickup_truck.jpg,pickup_truck,6,00003822,111,64,206,107,v3_no_ambiguous
/Users/sameerkarur/Documents/Git/Data_science/07_IITK_AIML_Capstone/project1_autonomous_driving/data/part1/crops/00004877_2261_bicycle.jpg,bicycle,1,00004877,530,43,603,121,v3_no_ambiguous
/Users/sameerkarur/Documents/Git/Data_science/07_IITK_AIML_Capstone/project1_autonomous_driving/data/part1/crops/00000555_2262_pickup_truck.jpg,pickup_truck,6,00000555,195,217,325,301,v3_no_ambiguous
/Users/sameerkarur/Documents/Git/Data_science/07_IITK_AIML_Capstone/project1_autonomous_driving/data/part1/crops/00002414_2263_pickup_truck.jpg,pickup_truck,6,00002414,435,202,719,344,v3_no_ambiguous
/Users/sameerkarur/Documents/Git/Data_science/07_IITK_AIML_Capstone/project1_autonomous_driving/data/part1/crops/00002789_2264_car.jpg,car,3,00002789,224,90,269,128,v3_no_ambiguous
/Users/sameerkarur/Documents/Git/Data_science/07_IITK_AIML_Capstone/project1_autonomous_driving/data/part1/crops/00001054_2265_pickup_truck.jpg,pickup_truck,6,00001054,156,108,224,142,v3_no_ambiguous
/Users/sameerkarur/Documents/Git/Data_science/07_IITK_AIML_Capstone/project1_autonomous_driving/data/part1/crops/00001915_2266_single_unit_truck.jpg,single_unit_truck,7,00001915,3,250,49,346,v3_no_ambiguous
/Users/sameerkarur/Documents/Git/Data_science/07_IITK_AIML_Capstone/project1_autonomous_driving/data/part1/crops/00002311_2267_pickup_truck.jpg,pickup_truck,6,00002311,259,45,307,69,v3_no_ambiguous
/Users/sameerkarur/Documents/Git/Data_science/07_IITK_AIML_Capstone/project1_autonomous_driving/data/part1/crops/00002236_2268_single_unit_truck.jpg,single_unit_truck,7,00002236,468,61,507,90,v3_no_ambiguous
/Users/sameerkarur/Documents/Git/Data_science/07_IITK_AIML_Capstone/project1_autonomous_driving/data/part1/crops/00000543_2269_bicycle.jpg,bicycle,1,00000543,383,127,425,230,v3_no_ambiguous
/Users/sameerkarur/Documents/Git/Data_science/07_IITK_AIML_Capstone/project1_autonomous_driving/data/part1/crops/00003483_2270_bus.jpg,bus,2,00003483,207,150,570,308,v3_no_ambiguous
/Users/sameerkarur/Documents/Git/Data_science/07_IITK_AIML_Capstone/project1_autonomous_driving/data/part1/crops/00004644_2271_pickup_truck.jpg,pickup_truck,6,00004644,108,136,251,227,v3_no_ambiguous
/Users/sameerkarur/Documents/Git/Data_science/07_IITK_AIML_Capstone/project1_autonomous_driving/data/part1/crops/00001322_2272_articulated_truck.jpg,articulated_truck,0,00001322,549,81,663,116,v3_no_ambiguous
/Users/sameerkarur/Documents/Git/Data_science/07_IITK_AIML_Capstone/project1_autonomous_driving/data/part1/crops/00005401_2273_car.jpg,car,3,00005401,300,328,567,478,v3_no_ambiguous
/Users/sameerkarur/Documents/Git/Data_science/07_IITK_AIML_Capstone/project1_autonomous_driving/data/part1/crops/00004975_2274_work_van.jpg,work_van,8,00004975,79,141,215,227,v3_no_ambiguous
/Users/sameerkarur/Documents/Git/Data_science/07_IITK_AIML_Capstone/project1_autonomous_driving/data/part1/crops/00001836_2275_work_van.jpg,work_van,8,00001836,76,43,111,70,v3_no_ambiguous
/Users/sameerkarur/Documents/Git/Data_science/07_IITK_AIML_Capstone/project1_autonomous_driving/data/part1/crops/00001572_2276_work_van.jpg,work_van,8,00001572,172,187,425,445,v3_no_ambiguous
/Users/sameerkarur/Documents/Git/Data_science/07_IITK_AIML_Capstone/project1_autonomous_driving/data/part1/crops/00001472_2277_motorcycle.jpg,motorcycle,4,00001472,391,57,461,110,v3_no_ambiguous
/Users/sameerkarur/Documents/Git/Data_science/07_IITK_AIML_Capstone/project1_autonomous_driving/data/part1/crops/00001309_2278_pickup_truck.jpg,pickup_truck,6,00001309,544,55,630,103,v3_no_ambiguous
/Users/sameerkarur/Documents/Git/Data_science/07_IITK_AIML_Capstone/project1_autonomous_driving/data/part1/crops/00002068_2279_articulated_truck.jpg,articulated_truck,0,00002068,567,1,717,70,v3_no_ambiguous
/Users/sameerkarur/Documents/Git/Data_science/07_IITK_AIML_Capstone/project1_autonomous_driving/data/part1/crops/00000345_2280_articulated_truck.jpg,articulated_truck,0,00000345,1,166,405,427,v3_no_ambiguous
/Users/sameerkarur/Documents/Git/Data_science/07_IITK_AIML_Capstone/project1_autonomous_driving/data/part1/crops/00004061_2281_pickup_truck.jpg,pickup_truck,6,00004061,509,209,718,314,v3_no_ambiguous
/Users/sameerkarur/Documents/Git/Data_science/07_IITK_AIML_Capstone/project1_autonomous_driving/data/part1/crops/00002205_2282_single_unit_truck.jpg,single_unit_truck,7,00002205,166,43,249,83,v3_no_ambiguous
/Users/sameerkarur/Documents/Git/Data_science/07_IITK_AIML_Capstone/project1_autonomous_driving/data/part1/crops/00000732_2283_bus.jpg,bus,2,00000732,233,3,712,311,v3_no_ambiguous
/Users/sameerkarur/Documents/Git/Data_science/07_IITK_AIML_Capstone/project1_autonomous_driving/data/part1/crops/00001960_2284_car.jpg,car,3,00001960,650,172,702,204,v3_no_ambiguous
/Users/sameerkarur/Documents/Git/Data_science/07_IITK_AIML_Capstone/project1_autonomous_driving/data/part1/crops/00004956_2285_car.jpg,car,3,00004956,194,1,246,35,v3_no_ambiguous
/Users/sameerkarur/Documents/Git/Data_science/07_IITK_AIML_Capstone/project1_autonomous_driving/data/part1/crops/00004860_2286_pickup_truck.jpg,pickup_truck,6,00004860,13,154,196,261,v3_no_ambiguous
/Users/sameerkarur/Documents/Git/Data_science/07_IITK_AIML_Capstone/project1_autonomous_driving/data/part1/crops/00003005_2287_car.jpg,car,3,00003005,60,228,129,288,v3_no_ambiguous
/Users/sameerkarur/Documents/Git/Data_science/07_IITK_AIML_Capstone/project1_autonomous_driving/data/part1/crops/00000262_2288_bus.jpg,bus,2,00000262,325,0,719,309,v3_no_ambiguous
/Users/sameerkarur/Documents/Git/Data_science/07_IITK_AIML_Capstone/project1_autonomous_driving/data/part1/crops/00000888_2289_car.jpg,car,3,00000888,346,27,511,102,v3_no_ambiguous
/Users/sameerkarur/Documents/Git/Data_science/07_IITK_AIML_Capstone/project1_autonomous_driving/data/part1/crops/00003947_2290_bicycle.jpg,bicycle,1,00003947,449,220,474,294,v3_no_ambiguous
/Users/sameerkarur/Documents/Git/Data_science/07_IITK_AIML_Capstone/project1_autonomous_driving/data/part1/crops/00004357_2291_car.jpg,car,3,00004357,14,59,80,92,v3_no_ambiguous
/Users/sameerkarur/Documents/Git/Data_science/07_IITK_AIML_Capstone/project1_autonomous_driving/data/part1/crops/00004815_2292_single_unit_truck.jpg,single_unit_truck,7,00004815,2,51,38,75,v3_no_ambiguous
/Users/sameerkarur/Documents/Git/Data_science/07_IITK_AIML_Capstone/project1_autonomous_driving/data/part1/crops/00001833_2293_bus.jpg,bus,2,00001833,335,139,644,288,v3_no_ambiguous
/Users/sameerkarur/Documents/Git/Data_science/07_IITK_AIML_Capstone/project1_autonomous_driving/data/part1/crops/00002284_2294_articulated_truck.jpg,articulated_truck,0,00002284,452,166,712,418,v3_no_ambiguous
/Users/sameerkarur/Documents/Git/Data_science/07_IITK_AIML_Capstone/project1_autonomous_driving/data/part1/crops/00001763_2295_bus.jpg,bus,2,00001763,548,138,717,225,v3_no_ambiguous
/Users/sameerkarur/Documents/Git/Data_science/07_IITK_AIML_Capstone/project1_autonomous_driving/data/part1/crops/00005052_2296_pickup_truck.jpg,pickup_truck,6,00005052,84,116,243,187,v3_no_ambiguous
/Users/sameerkarur/Documents/Git/Data_science/07_IITK_AIML_Capstone/project1_autonomous_driving/data/part1/crops/00003269_2297_work_van.jpg,work_van,8,00003269,255,161,434,339,v3_no_ambiguous
/Users/sameerkarur/Documents/Git/Data_science/07_IITK_AIML_Capstone/project1_autonomous_driving/data/part1/crops/00000389_2298_pickup_truck.jpg,pickup_truck,6,00000389,106,142,246,227,v3_no_ambiguous
/Users/sameerkarur/Documents/Git/Data_science/07_IITK_AIML_Capstone/project1_autonomous_driving/data/part1/crops/00002012_2299_car.jpg,car,3,00002012,55,106,142,147,v3_no_ambiguous
/Users/sameerkarur/Documents/Git/Data_science/07_IITK_AIML_Capstone/project1_autonomous_driving/data/part1/crops/00001210_2300_bus.jpg,bus,2,00001210,406,51,712,242,v3_no_ambiguous
/Users/sameerkarur/Documents/Git/Data_science/07_IITK_AIML_Capstone/project1_autonomous_driving/data/part1/crops/00005292_2301_car.jpg,car,3,00005292,551,240,651,309,v3_no_ambiguous
/Users/sameerkarur/Documents/Git/Data_science/07_IITK_AIML_Capstone/project1_autonomous_driving/data/part1/crops/00004352_2302_car.jpg,car,3,00004352,495,185,715,321,v3_no_ambiguous
/Users/sameerkarur/Documents/Git/Data_science/07_IITK_AIML_Capstone/project1_autonomous_driving/data/part1/crops/00000216_2303_pickup_truck.jpg,pickup_truck,6,00000216,123,94,289,160,v3_no_ambiguous
/Users/sameerkarur/Documents/Git/Data_science/07_IITK_AIML_Capstone/project1_autonomous_driving/data/part1/crops/00000694_2304_pickup_truck.jpg,pickup_truck,6,00000694,481,151,714,257,v3_no_ambiguous
/Users/sameerkarur/Documents/Git/Data_science/07_IITK_AIML_Capstone/project1_autonomous_driving/data/part1/crops/00004152_2305_car.jpg,car,3,00004152,383,200,467,240,v3_no_ambiguous
/Users/sameerkarur/Documents/Git/Data_science/07_IITK_AIML_Capstone/project1_autonomous_driving/data/part1/crops/00004343_2306_motorcycle.jpg,motorcycle,4,00004343,537,109,562,136,v3_no_ambiguous
/Users/sameerkarur/Documents/Git/Data_science/07_IITK_AIML_Capstone/project1_autonomous_driving/data/part1/crops/00003074_2307_pedestrian.jpg,pedestrian,5,00003074,32,266,67,322,v3_no_ambiguous
/Users/sameerkarur/Documents/Git/Data_science/07_IITK_AIML_Capstone/project1_autonomous_driving/data/part1/crops/00003597_2308_pickup_truck.jpg,pickup_truck,6,00003597,343,73,598,191,v3_no_ambiguous
/Users/sameerkarur/Documents/Git/Data_science/07_IITK_AIML_Capstone/project1_autonomous_driving/data/part1/crops/00000196_2309_work_van.jpg,work_van,8,00000196,256,75,296,134,v3_no_ambiguous
/Users/sameerkarur/Documents/Git/Data_science/07_IITK_AIML_Capstone/project1_autonomous_driving/data/part1/crops/00001910_2310_pickup_truck.jpg,pickup_truck,6,00001910,67,348,318,478,v3_no_ambiguous
/Users/sameerkarur/Documents/Git/Data_science/07_IITK_AIML_Capstone/project1_autonomous_driving/data/part1/crops/00003203_2311_bicycle.jpg,bicycle,1,00003203,591,275,640,369,v3_no_ambiguous
/Users/sameerkarur/Documents/Git/Data_science/07_IITK_AIML_Capstone/project1_autonomous_driving/data/part1/crops/00000713_2312_motorcycle.jpg,motorcycle,4,00000713,447,181,496,233,v3_no_ambiguous
/Users/sameerkarur/Documents/Git/Data_science/07_IITK_AIML_Capstone/project1_autonomous_driving/data/part1/crops/00005119_2313_car.jpg,car,3,00005119,411,136,456,165,v3_no_ambiguous
/Users/sameerkarur/Documents/Git/Data_science/07_IITK_AIML_Capstone/project1_autonomous_driving/data/part1/crops/00001840_2314_single_unit_truck.jpg,single_unit_truck,7,00001840,674,112,714,194,v3_no_ambiguous
/Users/sameerkarur/Documents/Git/Data_science/07_IITK_AIML_Capstone/project1_autonomous_driving/data/part1/crops/00001870_2315_car.jpg,car,3,00001870,293,50,454,140,v3_no_ambiguous
/Users/sameerkarur/Documents/Git/Data_science/07_IITK_AIML_Capstone/project1_autonomous_driving/data/part1/crops/00003168_2316_articulated_truck.jpg,articulated_truck,0,00003168,185,0,450,155,v3_no_ambiguous
/Users/sameerkarur/Documents/Git/Data_science/07_IITK_AIML_Capstone/project1_autonomous_driving/data/part1/crops/00000004_2317_bus.jpg,bus,2,00000004,439,32,719,171,v3_no_ambiguous
/Users/sameerkarur/Documents/Git/Data_science/07_IITK_AIML_Capstone/project1_autonomous_driving/data/part1/crops/00001981_2318_bus.jpg,bus,2,00001981,155,89,370,227,v3_no_ambiguous
/Users/sameerkarur/Documents/Git/Data_science/07_IITK_AIML_Capstone/project1_autonomous_driving/data/part1/crops/00005043_2319_single_unit_truck.jpg,single_unit_truck,7,00005043,147,66,364,169,v3_no_ambiguous
/Users/sameerkarur/Documents/Git/Data_science/07_IITK_AIML_Capstone/project1_autonomous_driving/data/part1/crops/00005384_2320_motorcycle.jpg,motorcycle,4,00005384,417,170,458,217,v3_no_ambiguous
/Users/sameerkarur/Documents/Git/Data_science/07_IITK_AIML_Capstone/project1_autonomous_driving/data/part1/crops/00003963_2321_bus.jpg,bus,2,00003963,268,129,716,299,v3_no_ambiguous
/Users/sameerkarur/Documents/Git/Data_science/07_IITK_AIML_Capstone/project1_autonomous_driving/data/part1/crops/00003551_2322_car.jpg,car,3,00003551,315,48,385,74,v3_no_ambiguous
/Users/sameerkarur/Documents/Git/Data_science/07_IITK_AIML_Capstone/project1_autonomous_driving/data/part1/crops/00001752_2323_car.jpg,car,3,00001752,583,162,630,189,v3_no_ambiguous
/Users/sameerkarur/Documents/Git/Data_science/07_IITK_AIML_Capstone/project1_autonomous_driving/data/part1/crops/00001221_2324_pickup_truck.jpg,pickup_truck,6,00001221,27,73,100,115,v3_no_ambiguous
/Users/sameerkarur/Documents/Git/Data_science/07_IITK_AIML_Capstone/project1_autonomous_driving/data/part1/crops/00000908_2325_pickup_truck.jpg,pickup_truck,6,00000908,504,166,714,279,v3_no_ambiguous
/Users/sameerkarur/Documents/Git/Data_science/07_IITK_AIML_Capstone/project1_autonomous_driving/data/part1/crops/00002229_2326_work_van.jpg,work_van,8,00002229,262,213,520,470,v3_no_ambiguous
/Users/sameerkarur/Documents/Git/Data_science/07_IITK_AIML_Capstone/project1_autonomous_driving/data/part1/crops/00004232_2327_bus.jpg,bus,2,00004232,111,93,611,294,v3_no_ambiguous
/Users/sameerkarur/Documents/Git/Data_science/07_IITK_AIML_Capstone/project1_autonomous_driving/data/part1/crops/00002068_2328_single_unit_truck.jpg,single_unit_truck,7,00002068,545,8,646,62,v3_no_ambiguous
/Users/sameerkarur/Documents/Git/Data_science/07_IITK_AIML_Capstone/project1_autonomous_driving/data/part1/crops/00004612_2329_car.jpg,car,3,00004612,136,65,215,92,v3_no_ambiguous
/Users/sameerkarur/Documents/Git/Data_science/07_IITK_AIML_Capstone/project1_autonomous_driving/data/part1/crops/00003857_2330_pickup_truck.jpg,pickup_truck,6,00003857,157,173,545,346,v3_no_ambiguous
/Users/sameerkarur/Documents/Git/Data_science/07_IITK_AIML_Capstone/project1_autonomous_driving/data/part1/crops/00003711_2331_work_van.jpg,work_van,8,00003711,24,188,66,231,v3_no_ambiguous
/Users/sameerkarur/Documents/Git/Data_science/07_IITK_AIML_Capstone/project1_autonomous_driving/data/part1/crops/00001869_2332_pickup_truck.jpg,pickup_truck,6,00001869,100,119,272,227,v3_no_ambiguous
/Users/sameerkarur/Documents/Git/Data_science/07_IITK_AIML_Capstone/project1_autonomous_driving/data/part1/crops/00002493_2333_pickup_truck.jpg,pickup_truck,6,00002493,153,38,351,113,v3_no_ambiguous
/Users/sameerkarur/Documents/Git/Data_science/07_IITK_AIML_Capstone/project1_autonomous_driving/data/part1/crops/00000598_2334_single_unit_truck.jpg,single_unit_truck,7,00000598,0,133,329,379,v3_no_ambiguous
/Users/sameerkarur/Documents/Git/Data_science/07_IITK_AIML_Capstone/project1_autonomous_driving/data/part1/crops/00003579_2335_single_unit_truck.jpg,single_unit_truck,7,00003579,440,91,524,158,v3_no_ambiguous
/Users/sameerkarur/Documents/Git/Data_science/07_IITK_AIML_Capstone/project1_autonomous_driving/data/part1/crops/00000416_2336_bus.jpg,bus,2,00000416,204,156,567,320,v3_no_ambiguous
/Users/sameerkarur/Documents/Git/Data_science/07_IITK_AIML_Capstone/project1_autonomous_driving/data/part1/crops/00004812_2337_single_unit_truck.jpg,single_unit_truck,7,00004812,63,117,88,149,v3_no_ambiguous
/Users/sameerkarur/Documents/Git/Data_science/07_IITK_AIML_Capstone/project1_autonomous_driving/data/part1/crops/00004202_2338_bus.jpg,bus,2,00004202,113,147,174,182,v3_no_ambiguous
/Users/sameerkarur/Documents/Git/Data_science/07_IITK_AIML_Capstone/project1_autonomous_driving/data/part1/crops/00005458_2339_car.jpg,car,3,00005458,92,133,162,175,v3_no_ambiguous
/Users/sameerkarur/Documents/Git/Data_science/07_IITK_AIML_Capstone/project1_autonomous_driving/data/part1/crops/00005351_2340_pickup_truck.jpg,pickup_truck,6,00005351,502,94,718,244,v3_no_ambiguous
/Users/sameerkarur/Documents/Git/Data_science/07_IITK_AIML_Capstone/project1_autonomous_driving/data/part1/crops/00003628_2341_bus.jpg,bus,2,00003628,19,179,78,244,v3_no_ambiguous
/Users/sameerkarur/Documents/Git/Data_science/07_IITK_AIML_Capstone/project1_autonomous_driving/data/part1/crops/00001024_2342_articulated_truck.jpg,articulated_truck,0,00001024,391,29,674,256,v3_no_ambiguous
/Users/sameerkarur/Documents/Git/Data_science/07_IITK_AIML_Capstone/project1_autonomous_driving/data/part1/crops/00003304_2343_car.jpg,car,3,00003304,37,163,64,188,v3_no_ambiguous
/Users/sameerkarur/Documents/Git/Data_science/07_IITK_AIML_Capstone/project1_autonomous_driving/data/part1/crops/00001772_2344_work_van.jpg,work_van,8,00001772,100,250,296,402,v3_no_ambiguous
/Users/sameerkarur/Documents/Git/Data_science/07_IITK_AIML_Capstone/project1_autonomous_driving/data/part1/crops/00002745_2345_bus.jpg,bus,2,00002745,46,35,715,320,v3_no_ambiguous
/Users/sameerkarur/Documents/Git/Data_science/07_IITK_AIML_Capstone/project1_autonomous_driving/data/part1/crops/00001679_2346_work_van.jpg,work_van,8,00001679,421,1,498,28,v3_no_ambiguous
/Users/sameerkarur/Documents/Git/Data_science/07_IITK_AIML_Capstone/project1_autonomous_driving/data/part1/crops/00001487_2347_work_van.jpg,work_van,8,00001487,78,44,111,71,v3_no_ambiguous
/Users/sameerkarur/Documents/Git/Data_science/07_IITK_AIML_Capstone/project1_autonomous_driving/data/part1/crops/00004224_2348_bus.jpg,bus,2,00004224,472,121,713,298,v3_no_ambiguous
/Users/sameerkarur/Documents/Git/Data_science/07_IITK_AIML_Capstone/project1_autonomous_driving/data/part1/crops/00004639_2349_articulated_truck.jpg,articulated_truck,0,00004639,408,19,495,59,v3_no_ambiguous
/Users/sameerkarur/Documents/Git/Data_science/07_IITK_AIML_Capstone/project1_autonomous_driving/data/part1/crops/00001012_2350_motorcycle.jpg,motorcycle,4,00001012,505,166,549,218,v3_no_ambiguous
/Users/sameerkarur/Documents/Git/Data_science/07_IITK_AIML_Capstone/project1_autonomous_driving/data/part1/crops/00003231_2351_car.jpg,car,3,00003231,596,233,661,312,v3_no_ambiguous
/Users/sameerkarur/Documents/Git/Data_science/07_IITK_AIML_Capstone/project1_autonomous_driving/data/part1/crops/00002498_2352_bus.jpg,bus,2,00002498,293,5,711,295,v3_no_ambiguous
/Users/sameerkarur/Documents/Git/Data_science/07_IITK_AIML_Capstone/project1_autonomous_driving/data/part1/crops/00004017_2353_bus.jpg,bus,2,00004017,272,157,710,395,v3_no_ambiguous
/Users/sameerkarur/Documents/Git/Data_science/07_IITK_AIML_Capstone/project1_autonomous_driving/data/part1/crops/00002065_2354_bus.jpg,bus,2,00002065,425,134,696,258,v3_no_ambiguous
/Users/sameerkarur/Documents/Git/Data_science/07_IITK_AIML_Capstone/project1_autonomous_driving/data/part1/crops/00002491_2355_articulated_truck.jpg,articulated_truck,0,00002491,0,210,493,450,v3_no_ambiguous
/Users/sameerkarur/Documents/Git/Data_science/07_IITK_AIML_Capstone/project1_autonomous_driving/data/part1/crops/00002188_2356_articulated_truck.jpg,articulated_truck,0,00002188,546,164,715,398,v3_no_ambiguous
/Users/sameerkarur/Documents/Git/Data_science/07_IITK_AIML_Capstone/project1_autonomous_driving/data/part1/crops/00004268_2357_car.jpg,car,3,00004268,196,142,369,215,v3_no_ambiguous
/Users/sameerkarur/Documents/Git/Data_science/07_IITK_AIML_Capstone/project1_autonomous_driving/data/part1/crops/00003813_2358_bicycle.jpg,bicycle,1,00003813,191,176,246,277,v3_no_ambiguous
/Users/sameerkarur/Documents/Git/Data_science/07_IITK_AIML_Capstone/project1_autonomous_driving/data/part1/crops/00002154_2359_car.jpg,car,3,00002154,144,239,362,385,v3_no_ambiguous
/Users/sameerkarur/Documents/Git/Data_science/07_IITK_AIML_Capstone/project1_autonomous_driving/data/part1/crops/00002803_2360_car.jpg,car,3,00002803,194,236,324,321,v3_no_ambiguous
/Users/sameerkarur/Documents/Git/Data_science/07_IITK_AIML_Capstone/project1_autonomous_driving/data/part1/crops/00002325_2361_work_van.jpg,work_van,8,00002325,167,60,279,118,v3_no_ambiguous
/Users/sameerkarur/Documents/Git/Data_science/07_IITK_AIML_Capstone/project1_autonomous_driving/data/part1/crops/00002811_2362_car.jpg,car,3,00002811,366,138,419,162,v3_no_ambiguous
/Users/sameerkarur/Documents/Git/Data_science/07_IITK_AIML_Capstone/project1_autonomous_driving/data/part1/crops/00004622_2363_articulated_truck.jpg,articulated_truck,0,00004622,215,22,305,46,v3_no_ambiguous
/Users/sameerkarur/Documents/Git/Data_science/07_IITK_AIML_Capstone/project1_autonomous_driving/data/part1/crops/00000250_2364_car.jpg,car,3,00000250,204,80,269,121,v3_no_ambiguous
/Users/sameerkarur/Documents/Git/Data_science/07_IITK_AIML_Capstone/project1_autonomous_driving/data/part1/crops/00005092_2365_single_unit_truck.jpg,single_unit_truck,7,00005092,75,103,206,221,v3_no_ambiguous
/Users/sameerkarur/Documents/Git/Data_science/07_IITK_AIML_Capstone/project1_autonomous_driving/data/part1/crops/00001418_2366_car.jpg,car,3,00001418,77,163,120,193,v3_no_ambiguous
/Users/sameerkarur/Documents/Git/Data_science/07_IITK_AIML_Capstone/project1_autonomous_driving/data/part1/crops/00005060_2367_car.jpg,car,3,00005060,421,70,468,101,v3_no_ambiguous
/Users/sameerkarur/Documents/Git/Data_science/07_IITK_AIML_Capstone/project1_autonomous_driving/data/part1/crops/00004410_2368_articulated_truck.jpg,articulated_truck,0,00004410,65,122,513,478,v3_no_ambiguous
/Users/sameerkarur/Documents/Git/Data_science/07_IITK_AIML_Capstone/project1_autonomous_driving/data/part1/crops/00002427_2369_bus.jpg,bus,2,00002427,256,24,280,55,v3_no_ambiguous
/Users/sameerkarur/Documents/Git/Data_science/07_IITK_AIML_Capstone/project1_autonomous_driving/data/part1/crops/00002200_2370_car.jpg,car,3,00002200,554,159,596,183,v3_no_ambiguous
/Users/sameerkarur/Documents/Git/Data_science/07_IITK_AIML_Capstone/project1_autonomous_driving/data/part1/crops/00003404_2371_work_van.jpg,work_van,8,00003404,608,312,711,448,v3_no_ambiguous
/Users/sameerkarur/Documents/Git/Data_science/07_IITK_AIML_Capstone/project1_autonomous_driving/data/part1/crops/00002814_2372_pickup_truck.jpg,pickup_truck,6,00002814,19,52,63,89,v3_no_ambiguous
/Users/sameerkarur/Documents/Git/Data_science/07_IITK_AIML_Capstone/project1_autonomous_driving/data/part1/crops/00001472_2373_pedestrian.jpg,pedestrian,5,00001472,216,120,254,196,v3_no_ambiguous
/Users/sameerkarur/Documents/Git/Data_science/07_IITK_AIML_Capstone/project1_autonomous_driving/data/part1/crops/00004660_2374_pedestrian.jpg,pedestrian,5,00004660,102,284,145,357,v3_no_ambiguous
/Users/sameerkarur/Documents/Git/Data_science/07_IITK_AIML_Capstone/project1_autonomous_driving/data/part1/crops/00002144_2375_pickup_truck.jpg,pickup_truck,6,00002144,522,119,561,147,v3_no_ambiguous
/Users/sameerkarur/Documents/Git/Data_science/07_IITK_AIML_Capstone/project1_autonomous_driving/data/part1/crops/00003654_2376_car.jpg,car,3,00003654,5,217,220,327,v3_no_ambiguous
/Users/sameerkarur/Documents/Git/Data_science/07_IITK_AIML_Capstone/project1_autonomous_driving/data/part1/crops/00004514_2377_bus.jpg,bus,2,00004514,78,74,342,308,v3_no_ambiguous
/Users/sameerkarur/Documents/Git/Data_science/07_IITK_AIML_Capstone/project1_autonomous_driving/data/part1/crops/00002072_2378_bus.jpg,bus,2,00002072,479,155,715,301,v3_no_ambiguous
/Users/sameerkarur/Documents/Git/Data_science/07_IITK_AIML_Capstone/project1_autonomous_driving/data/part1/crops/00000636_2379_articulated_truck.jpg,articulated_truck,0,00000636,253,21,337,56,v3_no_ambiguous
/Users/sameerkarur/Documents/Git/Data_science/07_IITK_AIML_Capstone/project1_autonomous_driving/data/part1/crops/00002285_2380_car.jpg,car,3,00002285,88,293,240,386,v3_no_ambiguous
/Users/sameerkarur/Documents/Git/Data_science/07_IITK_AIML_Capstone/project1_autonomous_driving/data/part1/crops/00003377_2381_single_unit_truck.jpg,single_unit_truck,7,00003377,267,51,506,159,v3_no_ambiguous
/Users/sameerkarur/Documents/Git/Data_science/07_IITK_AIML_Capstone/project1_autonomous_driving/data/part1/crops/00004895_2382_pickup_truck.jpg,pickup_truck,6,00004895,280,69,337,103,v3_no_ambiguous
/Users/sameerkarur/Documents/Git/Data_science/07_IITK_AIML_Capstone/project1_autonomous_driving/data/part1/crops/00004989_2383_car.jpg,car,3,00004989,124,95,306,216,v3_no_ambiguous
/Users/sameerkarur/Documents/Git/Data_science/07_IITK_AIML_Capstone/project1_autonomous_driving/data/part1/crops/00002216_2384_pedestrian.jpg,pedestrian,5,00002216,576,330,623,388,v3_no_ambiguous
/Users/sameerkarur/Documents/Git/Data_science/07_IITK_AIML_Capstone/project1_autonomous_driving/data/part1/crops/00002404_2385_work_van.jpg,work_van,8,00002404,320,173,547,373,v3_no_ambiguous
/Users/sameerkarur/Documents/Git/Data_science/07_IITK_AIML_Capstone/project1_autonomous_driving/data/part1/crops/00003957_2386_car.jpg,car,3,00003957,115,55,216,95,v3_no_ambiguous
/Users/sameerkarur/Documents/Git/Data_science/07_IITK_AIML_Capstone/project1_autonomous_driving/data/part1/crops/00003052_2387_work_van.jpg,work_van,8,00003052,378,97,447,138,v3_no_ambiguous
/Users/sameerkarur/Documents/Git/Data_science/07_IITK_AIML_Capstone/project1_autonomous_driving/data/part1/crops/00004149_2388_car.jpg,car,3,00004149,267,114,296,149,v3_no_ambiguous
/Users/sameerkarur/Documents/Git/Data_science/07_IITK_AIML_Capstone/project1_autonomous_driving/data/part1/crops/00003319_2389_bus.jpg,bus,2,00003319,520,124,713,340,v3_no_ambiguous
/Users/sameerkarur/Documents/Git/Data_science/07_IITK_AIML_Capstone/project1_autonomous_driving/data/part1/crops/00005002_2390_single_unit_truck.jpg,single_unit_truck,7,00005002,80,150,304,265,v3_no_ambiguous
/Users/sameerkarur/Documents/Git/Data_science/07_IITK_AIML_Capstone/project1_autonomous_driving/data/part1/crops/00003937_2391_articulated_truck.jpg,articulated_truck,0,00003937,242,106,447,269,v3_no_ambiguous
/Users/sameerkarur/Documents/Git/Data_science/07_IITK_AIML_Capstone/project1_autonomous_driving/data/part1/crops/00005217_2392_work_van.jpg,work_van,8,00005217,76,45,113,70,v3_no_ambiguous
/Users/sameerkarur/Documents/Git/Data_science/07_IITK_AIML_Capstone/project1_autonomous_driving/data/part1/crops/00002619_2393_bicycle.jpg,bicycle,1,00002619,207,296,311,479,v3_no_ambiguous
/Users/sameerkarur/Documents/Git/Data_science/07_IITK_AIML_Capstone/project1_autonomous_driving/data/part1/crops/00004035_2394_pickup_truck.jpg,pickup_truck,6,00004035,65,97,106,137,v3_no_ambiguous
/Users/sameerkarur/Documents/Git/Data_science/07_IITK_AIML_Capstone/project1_autonomous_driving/data/part1/crops/00003407_2395_motorcycle.jpg,motorcycle,4,00003407,189,121,228,192,v3_no_ambiguous
/Users/sameerkarur/Documents/Git/Data_science/07_IITK_AIML_Capstone/project1_autonomous_driving/data/part1/crops/00002961_2396_bus.jpg,bus,2,00002961,348,63,568,213,v3_no_ambiguous
/Users/sameerkarur/Documents/Git/Data_science/07_IITK_AIML_Capstone/project1_autonomous_driving/data/part1/crops/00002259_2397_car.jpg,car,3,00002259,205,128,249,156,v3_no_ambiguous
/Users/sameerkarur/Documents/Git/Data_science/07_IITK_AIML_Capstone/project1_autonomous_driving/data/part1/crops/00004171_2398_pickup_truck.jpg,pickup_truck,6,00004171,552,179,612,210,v3_no_ambiguous
/Users/sameerkarur/Documents/Git/Data_science/07_IITK_AIML_Capstone/project1_autonomous_driving/data/part1/crops/00005224_2399_car.jpg,car,3,00005224,312,59,380,103,v3_no_ambiguous
/Users/sameerkarur/Documents/Git/Data_science/07_IITK_AIML_Capstone/project1_autonomous_driving/data/part1/crops/00002244_2400_work_van.jpg,work_van,8,00002244,373,134,412,158,v3_no_ambiguous
/Users/sameerkarur/Documents/Git/Data_science/07_IITK_AIML_Capstone/project1_autonomous_driving/data/part1/crops/00003766_2401_work_van.jpg,work_van,8,00003766,421,62,455,90,v3_no_ambiguous
/Users/sameerkarur/Documents/Git/Data_science/07_IITK_AIML_Capstone/project1_autonomous_driving/data/part1/crops/00004616_2402_articulated_truck.jpg,articulated_truck,0,00004616,127,90,276,278,v3_no_ambiguous
/Users/sameerkarur/Documents/Git/Data_science/07_IITK_AIML_Capstone/project1_autonomous_driving/data/part1/crops/00001348_2403_car.jpg,car,3,00001348,220,195,472,292,v3_no_ambiguous
/Users/sameerkarur/Documents/Git/Data_science/07_IITK_AIML_Capstone/project1_autonomous_driving/data/part1/crops/00000698_2404_car.jpg,car,3,00000698,5,271,240,391,v3_no_ambiguous
/Users/sameerkarur/Documents/Git/Data_science/07_IITK_AIML_Capstone/project1_autonomous_driving/data/part1/crops/00005149_2405_car.jpg,car,3,00005149,600,163,642,205,v3_no_ambiguous
/Users/sameerkarur/Documents/Git/Data_science/07_IITK_AIML_Capstone/project1_autonomous_driving/data/part1/crops/00004834_2406_articulated_truck.jpg,articulated_truck,0,00004834,139,58,334,134,v3_no_ambiguous
/Users/sameerkarur/Documents/Git/Data_science/07_IITK_AIML_Capstone/project1_autonomous_driving/data/part1/crops/00002053_2407_articulated_truck.jpg,articulated_truck,0,00002053,420,87,507,156,v3_no_ambiguous
/Users/sameerkarur/Documents/Git/Data_science/07_IITK_AIML_Capstone/project1_autonomous_driving/data/part1/crops/00004803_2408_pickup_truck.jpg,pickup_truck,6,00004803,97,125,264,200,v3_no_ambiguous
/Users/sameerkarur/Documents/Git/Data_science/07_IITK_AIML_Capstone/project1_autonomous_driving/data/part1/crops/00001905_2409_car.jpg,car,3,00001905,631,175,681,226,v3_no_ambiguous
/Users/sameerkarur/Documents/Git/Data_science/07_IITK_AIML_Capstone/project1_autonomous_driving/data/part1/crops/00001420_2410_bus.jpg,bus,2,00001420,112,39,194,81,v3_no_ambiguous
/Users/sameerkarur/Documents/Git/Data_science/07_IITK_AIML_Capstone/project1_autonomous_driving/data/part1/crops/00002134_2411_car.jpg,car,3,00002134,526,83,595,128,v3_no_ambiguous
/Users/sameerkarur/Documents/Git/Data_science/07_IITK_AIML_Capstone/project1_autonomous_driving/data/part1/crops/00003236_2412_pickup_truck.jpg,pickup_truck,6,00003236,341,118,377,148,v3_no_ambiguous
/Users/sameerkarur/Documents/Git/Data_science/07_IITK_AIML_Capstone/project1_autonomous_driving/data/part1/crops/00004544_2413_pedestrian.jpg,pedestrian,5,00004544,318,412,366,479,v3_no_ambiguous
/Users/sameerkarur/Documents/Git/Data_science/07_IITK_AIML_Capstone/project1_autonomous_driving/data/part1/crops/00005437_2414_bus.jpg,bus,2,00005437,287,48,548,236,v3_no_ambiguous
/Users/sameerkarur/Documents/Git/Data_science/07_IITK_AIML_Capstone/project1_autonomous_driving/data/part1/crops/00001282_2415_car.jpg,car,3,00001282,412,309,603,409,v3_no_ambiguous
/Users/sameerkarur/Documents/Git/Data_science/07_IITK_AIML_Capstone/project1_autonomous_driving/data/part1/crops/00004581_2416_pickup_truck.jpg,pickup_truck,6,00004581,164,176,254,243,v3_no_ambiguous
/Users/sameerkarur/Documents/Git/Data_science/07_IITK_AIML_Capstone/project1_autonomous_driving/data/part1/crops/00001068_2417_single_unit_truck.jpg,single_unit_truck,7,00001068,596,42,716,183,v3_no_ambiguous
/Users/sameerkarur/Documents/Git/Data_science/07_IITK_AIML_Capstone/project1_autonomous_driving/data/part1/crops/00004096_2418_pickup_truck.jpg,pickup_truck,6,00004096,283,99,486,181,v3_no_ambiguous
/Users/sameerkarur/Documents/Git/Data_science/07_IITK_AIML_Capstone/project1_autonomous_driving/data/part1/crops/00005081_2419_single_unit_truck.jpg,single_unit_truck,7,00005081,324,115,439,165,v3_no_ambiguous
/Users/sameerkarur/Documents/Git/Data_science/07_IITK_AIML_Capstone/project1_autonomous_driving/data/part1/crops/00000105_2420_car.jpg,car,3,00000105,610,167,647,211,v3_no_ambiguous
/Users/sameerkarur/Documents/Git/Data_science/07_IITK_AIML_Capstone/project1_autonomous_driving/data/part1/crops/00002703_2421_work_van.jpg,work_van,8,00002703,558,51,638,89,v3_no_ambiguous
/Users/sameerkarur/Documents/Git/Data_science/07_IITK_AIML_Capstone/project1_autonomous_driving/data/part1/crops/00004023_2422_car.jpg,car,3,00004023,407,139,502,226,v3_no_ambiguous
/Users/sameerkarur/Documents/Git/Data_science/07_IITK_AIML_Capstone/project1_autonomous_driving/data/part1/crops/00002439_2423_car.jpg,car,3,00002439,3,319,163,433,v3_no_ambiguous
/Users/sameerkarur/Documents/Git/Data_science/07_IITK_AIML_Capstone/project1_autonomous_driving/data/part1/crops/00000299_2424_articulated_truck.jpg,articulated_truck,0,00000299,30,124,60,150,v3_no_ambiguous
/Users/sameerkarur/Documents/Git/Data_science/07_IITK_AIML_Capstone/project1_autonomous_driving/data/part1/crops/00002481_2425_work_van.jpg,work_van,8,00002481,10,114,46,155,v3_no_ambiguous
/Users/sameerkarur/Documents/Git/Data_science/07_IITK_AIML_Capstone/project1_autonomous_driving/data/part1/crops/00004405_2426_pickup_truck.jpg,pickup_truck,6,00004405,440,151,710,356,v3_no_ambiguous
/Users/sameerkarur/Documents/Git/Data_science/07_IITK_AIML_Capstone/project1_autonomous_driving/data/part1/crops/00000054_2427_pickup_truck.jpg,pickup_truck,6,00000054,269,53,496,154,v3_no_ambiguous
/Users/sameerkarur/Documents/Git/Data_science/07_IITK_AIML_Capstone/project1_autonomous_driving/data/part1/crops/00000569_2428_pickup_truck.jpg,pickup_truck,6,00000569,17,52,83,88,v3_no_ambiguous
/Users/sameerkarur/Documents/Git/Data_science/07_IITK_AIML_Capstone/project1_autonomous_driving/data/part1/crops/00001090_2429_bus.jpg,bus,2,00001090,179,54,340,157,v3_no_ambiguous
/Users/sameerkarur/Documents/Git/Data_science/07_IITK_AIML_Capstone/project1_autonomous_driving/data/part1/crops/00000351_2430_work_van.jpg,work_van,8,00000351,19,89,100,159,v3_no_ambiguous
/Users/sameerkarur/Documents/Git/Data_science/07_IITK_AIML_Capstone/project1_autonomous_driving/data/part1/crops/00004254_2431_bus.jpg,bus,2,00004254,274,102,303,126,v3_no_ambiguous
/Users/sameerkarur/Documents/Git/Data_science/07_IITK_AIML_Capstone/project1_autonomous_driving/data/part1/crops/00003242_2432_pickup_truck.jpg,pickup_truck,6,00003242,186,216,346,308,v3_no_ambiguous
/Users/sameerkarur/Documents/Git/Data_science/07_IITK_AIML_Capstone/project1_autonomous_driving/data/part1/crops/00000772_2433_single_unit_truck.jpg,single_unit_truck,7,00000772,17,131,45,173,v3_no_ambiguous
/Users/sameerkarur/Documents/Git/Data_science/07_IITK_AIML_Capstone/project1_autonomous_driving/data/part1/crops/00005154_2434_work_van.jpg,work_van,8,00005154,130,62,186,86,v3_no_ambiguous
/Users/sameerkarur/Documents/Git/Data_science/07_IITK_AIML_Capstone/project1_autonomous_driving/data/part1/crops/00005638_2435_articulated_truck.jpg,articulated_truck,0,00005638,352,30,405,72,v3_no_ambiguous
/Users/sameerkarur/Documents/Git/Data_science/07_IITK_AIML_Capstone/project1_autonomous_driving/data/part1/crops/00001188_2436_pickup_truck.jpg,pickup_truck,6,00001188,26,28,95,59,v3_no_ambiguous
/Users/sameerkarur/Documents/Git/Data_science/07_IITK_AIML_Capstone/project1_autonomous_driving/data/part1/crops/00000785_2437_single_unit_truck.jpg,single_unit_truck,7,00000785,358,40,417,77,v3_no_ambiguous
/Users/sameerkarur/Documents/Git/Data_science/07_IITK_AIML_Capstone/project1_autonomous_driving/data/part1/crops/00001797_2438_pickup_truck.jpg,pickup_truck,6,00001797,91,102,165,155,v3_no_ambiguous
/Users/sameerkarur/Documents/Git/Data_science/07_IITK_AIML_Capstone/project1_autonomous_driving/data/part1/crops/00003980_2439_pickup_truck.jpg,pickup_truck,6,00003980,199,114,302,166,v3_no_ambiguous
/Users/sameerkarur/Documents/Git/Data_science/07_IITK_AIML_Capstone/project1_autonomous_driving/data/part1/crops/00005018_2440_pickup_truck.jpg,pickup_truck,6,00005018,252,175,378,259,v3_no_ambiguous
/Users/sameerkarur/Documents/Git/Data_science/07_IITK_AIML_Capstone/project1_autonomous_driving/data/part1/crops/00004766_2441_bus.jpg,bus,2,00004766,151,175,302,274,v3_no_ambiguous
/Users/sameerkarur/Documents/Git/Data_science/07_IITK_AIML_Capstone/project1_autonomous_driving/data/part1/crops/00004748_2442_single_unit_truck.jpg,single_unit_truck,7,00004748,105,79,472,402,v3_no_ambiguous
/Users/sameerkarur/Documents/Git/Data_science/07_IITK_AIML_Capstone/project1_autonomous_driving/data/part1/crops/00002522_2443_pickup_truck.jpg,pickup_truck,6,00002522,386,182,488,254,v3_no_ambiguous
/Users/sameerkarur/Documents/Git/Data_science/07_IITK_AIML_Capstone/project1_autonomous_driving/data/part1/crops/00004446_2444_work_van.jpg,work_van,8,00004446,140,99,230,168,v3_no_ambiguous
/Users/sameerkarur/Documents/Git/Data_science/07_IITK_AIML_Capstone/project1_autonomous_driving/data/part1/crops/00005545_2445_car.jpg,car,3,00005545,593,96,638,128,v3_no_ambiguous
/Users/sameerkarur/Documents/Git/Data_science/07_IITK_AIML_Capstone/project1_autonomous_driving/data/part1/crops/00002523_2446_car.jpg,car,3,00002523,211,160,284,220,v3_no_ambiguous
/Users/sameerkarur/Documents/Git/Data_science/07_IITK_AIML_Capstone/project1_autonomous_driving/data/part1/crops/00001915_2447_bus.jpg,bus,2,00001915,1,95,274,202,v3_no_ambiguous
/Users/sameerkarur/Documents/Git/Data_science/07_IITK_AIML_Capstone/project1_autonomous_driving/data/part1/crops/00005195_2448_pickup_truck.jpg,pickup_truck,6,00005195,36,93,144,136,v3_no_ambiguous
/Users/sameerkarur/Documents/Git/Data_science/07_IITK_AIML_Capstone/project1_autonomous_driving/data/part1/crops/00000937_2449_bus.jpg,bus,2,00000937,202,110,535,252,v3_no_ambiguous
/Users/sameerkarur/Documents/Git/Data_science/07_IITK_AIML_Capstone/project1_autonomous_driving/data/part1/crops/00000737_2450_car.jpg,car,3,00000737,607,124,685,156,v3_no_ambiguous
/Users/sameerkarur/Documents/Git/Data_science/07_IITK_AIML_Capstone/project1_autonomous_driving/data/part1/crops/00005546_2451_pickup_truck.jpg,pickup_truck,6,00005546,6,57,103,100,v3_no_ambiguous
/Users/sameerkarur/Documents/Git/Data_science/07_IITK_AIML_Capstone/project1_autonomous_driving/data/part1/crops/00001853_2452_car.jpg,car,3,00001853,525,110,662,213,v3_no_ambiguous
/Users/sameerkarur/Documents/Git/Data_science/07_IITK_AIML_Capstone/project1_autonomous_driving/data/part1/crops/00005626_2453_single_unit_truck.jpg,single_unit_truck,7,00005626,149,61,367,168,v3_no_ambiguous
/Users/sameerkarur/Documents/Git/Data_science/07_IITK_AIML_Capstone/project1_autonomous_driving/data/part1/crops/00003549_2454_car.jpg,car,3,00003549,365,265,643,478,v3_no_ambiguous
/Users/sameerkarur/Documents/Git/Data_science/07_IITK_AIML_Capstone/project1_autonomous_driving/data/part1/crops/00005225_2455_car.jpg,car,3,00005225,37,59,89,86,v3_no_ambiguous
/Users/sameerkarur/Documents/Git/Data_science/07_IITK_AIML_Capstone/project1_autonomous_driving/data/part1/crops/00000330_2456_work_van.jpg,work_van,8,00000330,118,171,320,307,v3_no_ambiguous
/Users/sameerkarur/Documents/Git/Data_science/07_IITK_AIML_Capstone/project1_autonomous_driving/data/part1/crops/00001280_2457_car.jpg,car,3,00001280,1,283,171,412,v3_no_ambiguous
/Users/sameerkarur/Documents/Git/Data_science/07_IITK_AIML_Capstone/project1_autonomous_driving/data/part1/crops/00003589_2458_car.jpg,car,3,00003589,384,191,466,220,v3_no_ambiguous
/Users/sameerkarur/Documents/Git/Data_science/07_IITK_AIML_Capstone/project1_autonomous_driving/data/part1/crops/00000319_2459_pickup_truck.jpg,pickup_truck,6,00000319,187,226,497,361,v3_no_ambiguous
/Users/sameerkarur/Documents/Git/Data_science/07_IITK_AIML_Capstone/project1_autonomous_driving/data/part1/crops/00001691_2460_articulated_truck.jpg,articulated_truck,0,00001691,408,35,676,241,v3_no_ambiguous
/Users/sameerkarur/Documents/Git/Data_science/07_IITK_AIML_Capstone/project1_autonomous_driving/data/part1/crops/00005354_2461_work_van.jpg,work_van,8,00005354,39,122,159,209,v3_no_ambiguous
/Users/sameerkarur/Documents/Git/Data_science/07_IITK_AIML_Capstone/project1_autonomous_driving/data/part1/crops/00000106_2462_car.jpg,car,3,00000106,432,101,490,128,v3_no_ambiguous
/Users/sameerkarur/Documents/Git/Data_science/07_IITK_AIML_Capstone/project1_autonomous_driving/data/part1/crops/00005057_2463_articulated_truck.jpg,articulated_truck,0,00005057,1,39,321,171,v3_no_ambiguous
/Users/sameerkarur/Documents/Git/Data_science/07_IITK_AIML_Capstone/project1_autonomous_driving/data/part1/crops/00004009_2464_bus.jpg,bus,2,00004009,248,12,548,126,v3_no_ambiguous
/Users/sameerkarur/Documents/Git/Data_science/07_IITK_AIML_Capstone/project1_autonomous_driving/data/part1/crops/00005274_2465_car.jpg,car,3,00005274,102,42,146,68,v3_no_ambiguous
/Users/sameerkarur/Documents/Git/Data_science/07_IITK_AIML_Capstone/project1_autonomous_driving/data/part1/crops/00004032_2466_car.jpg,car,3,00004032,582,163,632,188,v3_no_ambiguous
/Users/sameerkarur/Documents/Git/Data_science/07_IITK_AIML_Capstone/project1_autonomous_driving/data/part1/crops/00003878_2467_pedestrian.jpg,pedestrian,5,00003878,9,350,91,428,v3_no_ambiguous
/Users/sameerkarur/Documents/Git/Data_science/07_IITK_AIML_Capstone/project1_autonomous_driving/data/part1/crops/00004551_2468_work_van.jpg,work_van,8,00004551,75,45,109,70,v3_no_ambiguous
/Users/sameerkarur/Documents/Git/Data_science/07_IITK_AIML_Capstone/project1_autonomous_driving/data/part1/crops/00001381_2469_pickup_truck.jpg,pickup_truck,6,00001381,416,237,714,445,v3_no_ambiguous
/Users/sameerkarur/Documents/Git/Data_science/07_IITK_AIML_Capstone/project1_autonomous_driving/data/part1/crops/00005198_2470_articulated_truck.jpg,articulated_truck,0,00005198,417,98,500,139,v3_no_ambiguous
/Users/sameerkarur/Documents/Git/Data_science/07_IITK_AIML_Capstone/project1_autonomous_driving/data/part1/crops/00000854_2471_pickup_truck.jpg,pickup_truck,6,00000854,562,167,629,199,v3_no_ambiguous
/Users/sameerkarur/Documents/Git/Data_science/07_IITK_AIML_Capstone/project1_autonomous_driving/data/part1/crops/00004871_2472_articulated_truck.jpg,articulated_truck,0,00004871,391,40,471,101,v3_no_ambiguous
/Users/sameerkarur/Documents/Git/Data_science/07_IITK_AIML_Capstone/project1_autonomous_driving/data/part1/crops/00003861_2473_single_unit_truck.jpg,single_unit_truck,7,00003861,8,30,36,64,v3_no_ambiguous
/Users/sameerkarur/Documents/Git/Data_science/07_IITK_AIML_Capstone/project1_autonomous_driving/data/part1/crops/00001948_2474_single_unit_truck.jpg,single_unit_truck,7,00001948,5,73,67,110,v3_no_ambiguous
/Users/sameerkarur/Documents/Git/Data_science/07_IITK_AIML_Capstone/project1_autonomous_driving/data/part1/crops/00001284_2475_bus.jpg,bus,2,00001284,0,161,540,479,v3_no_ambiguous
/Users/sameerkarur/Documents/Git/Data_science/07_IITK_AIML_Capstone/project1_autonomous_driving/data/part1/crops/00002039_2476_pickup_truck.jpg,pickup_truck,6,00002039,281,140,538,395,v3_no_ambiguous
/Users/sameerkarur/Documents/Git/Data_science/07_IITK_AIML_Capstone/project1_autonomous_driving/data/part1/crops/00000145_2477_articulated_truck.jpg,articulated_truck,0,00000145,57,15,135,39,v3_no_ambiguous
/Users/sameerkarur/Documents/Git/Data_science/07_IITK_AIML_Capstone/project1_autonomous_driving/data/part1/crops/00001601_2478_pickup_truck.jpg,pickup_truck,6,00001601,409,152,650,257,v3_no_ambiguous
/Users/sameerkarur/Documents/Git/Data_science/07_IITK_AIML_Capstone/project1_autonomous_driving/data/part1/crops/00000222_2479_pedestrian.jpg,pedestrian,5,00000222,27,350,108,430,v3_no_ambiguous
/Users/sameerkarur/Documents/Git/Data_science/07_IITK_AIML_Capstone/project1_autonomous_driving/data/part1/crops/00004743_2480_car.jpg,car,3,00004743,39,114,132,195,v3_no_ambiguous
/Users/sameerkarur/Documents/Git/Data_science/07_IITK_AIML_Capstone/project1_autonomous_driving/data/part1/crops/00001113_2481_bus.jpg,bus,2,00001113,0,126,208,226,v3_no_ambiguous
/Users/sameerkarur/Documents/Git/Data_science/07_IITK_AIML_Capstone/project1_autonomous_driving/data/part1/crops/00001760_2482_work_van.jpg,work_van,8,00001760,222,86,301,118,v3_no_ambiguous
/Users/sameerkarur/Documents/Git/Data_science/07_IITK_AIML_Capstone/project1_autonomous_driving/data/part1/crops/00001288_2483_articulated_truck.jpg,articulated_truck,0,00001288,4,40,715,436,v3_no_ambiguous
/Users/sameerkarur/Documents/Git/Data_science/07_IITK_AIML_Capstone/project1_autonomous_driving/data/part1/crops/00001729_2484_articulated_truck.jpg,articulated_truck,0,00001729,172,63,348,147,v3_no_ambiguous
/Users/sameerkarur/Documents/Git/Data_science/07_IITK_AIML_Capstone/project1_autonomous_driving/data/part1/crops/00002393_2485_pickup_truck.jpg,pickup_truck,6,00002393,2,116,80,160,v3_no_ambiguous
/Users/sameerkarur/Documents/Git/Data_science/07_IITK_AIML_Capstone/project1_autonomous_driving/data/part1/crops/00003677_2486_pickup_truck.jpg,pickup_truck,6,00003677,0,152,310,309,v3_no_ambiguous
/Users/sameerkarur/Documents/Git/Data_science/07_IITK_AIML_Capstone/project1_autonomous_driving/data/part1/crops/00005611_2487_work_van.jpg,work_van,8,00005611,107,120,243,186,v3_no_ambiguous
/Users/sameerkarur/Documents/Git/Data_science/07_IITK_AIML_Capstone/project1_autonomous_driving/data/part1/crops/00001504_2488_pickup_truck.jpg,pickup_truck,6,00001504,104,139,153,175,v3_no_ambiguous
/Users/sameerkarur/Documents/Git/Data_science/07_IITK_AIML_Capstone/project1_autonomous_driving/data/part1/crops/00003234_2489_car.jpg,car,3,00003234,85,26,152,58,v3_no_ambiguous
/Users/sameerkarur/Documents/Git/Data_science/07_IITK_AIML_Capstone/project1_autonomous_driving/data/part1/crops/00005331_2490_pickup_truck.jpg,pickup_truck,6,00005331,192,157,284,221,v3_no_ambiguous
/Users/sameerkarur/Documents/Git/Data_science/07_IITK_AIML_Capstone/project1_autonomous_driving/data/part1/crops/00001045_2491_pickup_truck.jpg,pickup_truck,6,00001045,158,163,400,268,v3_no_ambiguous
/Users/sameerkarur/Documents/Git/Data_science/07_IITK_AIML_Capstone/project1_autonomous_driving/data/part1/crops/00001507_2492_car.jpg,car,3,00001507,0,184,56,238,v3_no_ambiguous
/Users/sameerkarur/Documents/Git/Data_science/07_IITK_AIML_Capstone/project1_autonomous_driving/data/part1/crops/00005361_2493_pickup_truck.jpg,pickup_truck,6,00005361,95,129,215,180,v3_no_ambiguous
/Users/sameerkarur/Documents/Git/Data_science/07_IITK_AIML_Capstone/project1_autonomous_driving/data/part1/crops/00004302_2494_car.jpg,car,3,00004302,283,96,337,138,v3_no_ambiguous
/Users/sameerkarur/Documents/Git/Data_science/07_IITK_AIML_Capstone/project1_autonomous_driving/data/part1/crops/00005123_2495_car.jpg,car,3,00005123,50,130,155,196,v3_no_ambiguous
/Users/sameerkarur/Documents/Git/Data_science/07_IITK_AIML_Capstone/project1_autonomous_driving/data/part1/crops/00004830_2496_bus.jpg,bus,2,00004830,421,92,514,135,v3_no_ambiguous
/Users/sameerkarur/Documents/Git/Data_science/07_IITK_AIML_Capstone/project1_autonomous_driving/data/part1/crops/00001084_2497_car.jpg,car,3,00001084,115,101,236,144,v3_no_ambiguous
/Users/sameerkarur/Documents/Git/Data_science/07_IITK_AIML_Capstone/project1_autonomous_driving/data/part1/crops/00003375_2498_pickup_truck.jpg,pickup_truck,6,00003375,308,173,423,246,v3_no_ambiguous
/Users/sameerkarur/Documents/Git/Data_science/07_IITK_AIML_Capstone/project1_autonomous_driving/data/part1/crops/00003560_2499_car.jpg,car,3,00003560,498,111,578,179,v3_no_ambiguous
/Users/sameerkarur/Documents/Git/Data_science/07_IITK_AIML_Capstone/project1_autonomous_driving/data/part1/crops/00003929_2500_work_van.jpg,work_van,8,00003929,356,323,536,478,v3_no_ambiguous
/Users/sameerkarur/Documents/Git/Data_science/07_IITK_AIML_Capstone/project1_autonomous_driving/data/part1/crops/00002473_2501_car.jpg,car,3,00002473,20,67,80,111,v3_no_ambiguous
/Users/sameerkarur/Documents/Git/Data_science/07_IITK_AIML_Capstone/project1_autonomous_driving/data/part1/crops/00002291_2502_car.jpg,car,3,00002291,196,0,243,36,v3_no_ambiguous
/Users/sameerkarur/Documents/Git/Data_science/07_IITK_AIML_Capstone/project1_autonomous_driving/data/part1/crops/00004544_2503_pedestrian.jpg,pedestrian,5,00004544,244,398,285,475,v3_no_ambiguous
/Users/sameerkarur/Documents/Git/Data_science/07_IITK_AIML_Capstone/project1_autonomous_driving/data/part1/crops/00001597_2504_bicycle.jpg,bicycle,1,00001597,358,113,394,165,v3_no_ambiguous
/Users/sameerkarur/Documents/Git/Data_science/07_IITK_AIML_Capstone/project1_autonomous_driving/data/part1/crops/00000778_2505_bus.jpg,bus,2,00000778,414,65,715,322,v3_no_ambiguous
/Users/sameerkarur/Documents/Git/Data_science/07_IITK_AIML_Capstone/project1_autonomous_driving/data/part1/crops/00001041_2506_pickup_truck.jpg,pickup_truck,6,00001041,267,83,336,125,v3_no_ambiguous
/Users/sameerkarur/Documents/Git/Data_science/07_IITK_AIML_Capstone/project1_autonomous_driving/data/part1/crops/00004743_2507_bicycle.jpg,bicycle,1,00004743,220,178,279,287,v3_no_ambiguous
/Users/sameerkarur/Documents/Git/Data_science/07_IITK_AIML_Capstone/project1_autonomous_driving/data/part1/crops/00005651_2508_car.jpg,car,3,00005651,271,205,324,239,v3_no_ambiguous
/Users/sameerkarur/Documents/Git/Data_science/07_IITK_AIML_Capstone/project1_autonomous_driving/data/part1/crops/00004472_2509_single_unit_truck.jpg,single_unit_truck,7,00004472,294,96,354,139,v3_no_ambiguous
/Users/sameerkarur/Documents/Git/Data_science/07_IITK_AIML_Capstone/project1_autonomous_driving/data/part1/crops/00001829_2510_car.jpg,car,3,00001829,106,52,209,87,v3_no_ambiguous
/Users/sameerkarur/Documents/Git/Data_science/07_IITK_AIML_Capstone/project1_autonomous_driving/data/part1/crops/00002741_2511_work_van.jpg,work_van,8,00002741,226,120,368,223,v3_no_ambiguous
/Users/sameerkarur/Documents/Git/Data_science/07_IITK_AIML_Capstone/project1_autonomous_driving/data/part1/crops/00002440_2512_car.jpg,car,3,00002440,393,52,519,112,v3_no_ambiguous
/Users/sameerkarur/Documents/Git/Data_science/07_IITK_AIML_Capstone/project1_autonomous_driving/data/part1/crops/00001355_2513_car.jpg,car,3,00001355,214,104,250,138,v3_no_ambiguous
/Users/sameerkarur/Documents/Git/Data_science/07_IITK_AIML_Capstone/project1_autonomous_driving/data/part1/crops/00001224_2514_pickup_truck.jpg,pickup_truck,6,00001224,94,103,166,152,v3_no_ambiguous
/Users/sameerkarur/Documents/Git/Data_science/07_IITK_AIML_Capstone/project1_autonomous_driving/data/part1/crops/00005410_2515_car.jpg,car,3,00005410,180,58,288,155,v3_no_ambiguous
/Users/sameerkarur/Documents/Git/Data_science/07_IITK_AIML_Capstone/project1_autonomous_driving/data/part1/crops/00002034_2516_work_van.jpg,work_van,8,00002034,563,188,642,228,v3_no_ambiguous
/Users/sameerkarur/Documents/Git/Data_science/07_IITK_AIML_Capstone/project1_autonomous_driving/data/part1/crops/00000336_2517_car.jpg,car,3,00000336,361,36,397,60,v3_no_ambiguous
/Users/sameerkarur/Documents/Git/Data_science/07_IITK_AIML_Capstone/project1_autonomous_driving/data/part1/crops/00001915_2518_pedestrian.jpg,pedestrian,5,00001915,678,234,704,283,v3_no_ambiguous
/Users/sameerkarur/Documents/Git/Data_science/07_IITK_AIML_Capstone/project1_autonomous_driving/data/part1/crops/00003046_2519_bus.jpg,bus,2,00003046,171,109,424,320,v3_no_ambiguous
/Users/sameerkarur/Documents/Git/Data_science/07_IITK_AIML_Capstone/project1_autonomous_driving/data/part1/crops/00004307_2520_car.jpg,car,3,00004307,609,166,650,207,v3_no_ambiguous
/Users/sameerkarur/Documents/Git/Data_science/07_IITK_AIML_Capstone/project1_autonomous_driving/data/part1/crops/00003589_2521_work_van.jpg,work_van,8,00003589,208,259,291,333,v3_no_ambiguous
/Users/sameerkarur/Documents/Git/Data_science/07_IITK_AIML_Capstone/project1_autonomous_driving/data/part1/crops/00004358_2522_car.jpg,car,3,00004358,12,122,37,150,v3_no_ambiguous
/Users/sameerkarur/Documents/Git/Data_science/07_IITK_AIML_Capstone/project1_autonomous_driving/data/part1/crops/00005070_2523_pickup_truck.jpg,pickup_truck,6,00005070,281,137,590,256,v3_no_ambiguous
/Users/sameerkarur/Documents/Git/Data_science/07_IITK_AIML_Capstone/project1_autonomous_driving/data/part1/crops/00005247_2524_single_unit_truck.jpg,single_unit_truck,7,00005247,603,89,679,121,v3_no_ambiguous
/Users/sameerkarur/Documents/Git/Data_science/07_IITK_AIML_Capstone/project1_autonomous_driving/data/part1/crops/00003888_2525_pedestrian.jpg,pedestrian,5,00003888,198,271,251,347,v3_no_ambiguous
/Users/sameerkarur/Documents/Git/Data_science/07_IITK_AIML_Capstone/project1_autonomous_driving/data/part1/crops/00004151_2526_single_unit_truck.jpg,single_unit_truck,7,00004151,94,25,136,62,v3_no_ambiguous
/Users/sameerkarur/Documents/Git/Data_science/07_IITK_AIML_Capstone/project1_autonomous_driving/data/part1/crops/00004171_2527_car.jpg,car,3,00004171,358,146,423,187,v3_no_ambiguous
/Users/sameerkarur/Documents/Git/Data_science/07_IITK_AIML_Capstone/project1_autonomous_driving/data/part1/crops/00001236_2528_car.jpg,car,3,00001236,199,41,356,105,v3_no_ambiguous
/Users/sameerkarur/Documents/Git/Data_science/07_IITK_AIML_Capstone/project1_autonomous_driving/data/part1/crops/00004794_2529_pickup_truck.jpg,pickup_truck,6,00004794,347,80,578,237,v3_no_ambiguous
/Users/sameerkarur/Documents/Git/Data_science/07_IITK_AIML_Capstone/project1_autonomous_driving/data/part1/crops/00003370_2530_bus.jpg,bus,2,00003370,197,63,486,232,v3_no_ambiguous
/Users/sameerkarur/Documents/Git/Data_science/07_IITK_AIML_Capstone/project1_autonomous_driving/data/part1/crops/00000501_2531_car.jpg,car,3,00000501,597,233,664,313,v3_no_ambiguous
/Users/sameerkarur/Documents/Git/Data_science/07_IITK_AIML_Capstone/project1_autonomous_driving/data/part1/crops/00003842_2532_work_van.jpg,work_van,8,00003842,73,47,112,72,v3_no_ambiguous
/Users/sameerkarur/Documents/Git/Data_science/07_IITK_AIML_Capstone/project1_autonomous_driving/data/part1/crops/00004314_2533_work_van.jpg,work_van,8,00004314,410,126,474,199,v3_no_ambiguous
/Users/sameerkarur/Documents/Git/Data_science/07_IITK_AIML_Capstone/project1_autonomous_driving/data/part1/crops/00004514_2534_work_van.jpg,work_van,8,00004514,316,37,394,72,v3_no_ambiguous
/Users/sameerkarur/Documents/Git/Data_science/07_IITK_AIML_Capstone/project1_autonomous_driving/data/part1/crops/00001476_2535_pedestrian.jpg,pedestrian,5,00001476,554,295,586,370,v3_no_ambiguous
/Users/sameerkarur/Documents/Git/Data_science/07_IITK_AIML_Capstone/project1_autonomous_driving/data/part1/crops/00001778_2536_pickup_truck.jpg,pickup_truck,6,00001778,561,192,651,231,v3_no_ambiguous
/Users/sameerkarur/Documents/Git/Data_science/07_IITK_AIML_Capstone/project1_autonomous_driving/data/part1/crops/00000809_2537_car.jpg,car,3,00000809,606,266,714,341,v3_no_ambiguous
/Users/sameerkarur/Documents/Git/Data_science/07_IITK_AIML_Capstone/project1_autonomous_driving/data/part1/crops/00004860_2538_work_van.jpg,work_van,8,00004860,74,44,114,72,v3_no_ambiguous
/Users/sameerkarur/Documents/Git/Data_science/07_IITK_AIML_Capstone/project1_autonomous_driving/data/part1/crops/00001770_2539_articulated_truck.jpg,articulated_truck,0,00001770,485,81,712,371,v3_no_ambiguous
/Users/sameerkarur/Documents/Git/Data_science/07_IITK_AIML_Capstone/project1_autonomous_driving/data/part1/crops/00000968_2540_articulated_truck.jpg,articulated_truck,0,00000968,599,89,710,118,v3_no_ambiguous
/Users/sameerkarur/Documents/Git/Data_science/07_IITK_AIML_Capstone/project1_autonomous_driving/data/part1/crops/00000926_2541_motorcycle.jpg,motorcycle,4,00000926,424,286,477,389,v3_no_ambiguous
/Users/sameerkarur/Documents/Git/Data_science/07_IITK_AIML_Capstone/project1_autonomous_driving/data/part1/crops/00005239_2542_bus.jpg,bus,2,00005239,455,7,712,173,v3_no_ambiguous
/Users/sameerkarur/Documents/Git/Data_science/07_IITK_AIML_Capstone/project1_autonomous_driving/data/part1/crops/00002760_2543_car.jpg,car,3,00002760,55,62,108,92,v3_no_ambiguous
/Users/sameerkarur/Documents/Git/Data_science/07_IITK_AIML_Capstone/project1_autonomous_driving/data/part1/crops/00000043_2544_car.jpg,car,3,00000043,555,78,632,129,v3_no_ambiguous
/Users/sameerkarur/Documents/Git/Data_science/07_IITK_AIML_Capstone/project1_autonomous_driving/data/part1/crops/00004419_2545_work_van.jpg,work_van,8,00004419,14,113,48,158,v3_no_ambiguous
/Users/sameerkarur/Documents/Git/Data_science/07_IITK_AIML_Capstone/project1_autonomous_driving/data/part1/crops/00001252_2546_pickup_truck.jpg,pickup_truck,6,00001252,315,255,541,385,v3_no_ambiguous
/Users/sameerkarur/Documents/Git/Data_science/07_IITK_AIML_Capstone/project1_autonomous_driving/data/part1/crops/00000219_2547_single_unit_truck.jpg,single_unit_truck,7,00000219,346,33,393,68,v3_no_ambiguous
/Users/sameerkarur/Documents/Git/Data_science/07_IITK_AIML_Capstone/project1_autonomous_driving/data/part1/crops/00005163_2548_car.jpg,car,3,00005163,501,118,552,142,v3_no_ambiguous
/Users/sameerkarur/Documents/Git/Data_science/07_IITK_AIML_Capstone/project1_autonomous_driving/data/part1/crops/00002964_2549_car.jpg,car,3,00002964,37,28,84,59,v3_no_ambiguous
/Users/sameerkarur/Documents/Git/Data_science/07_IITK_AIML_Capstone/project1_autonomous_driving/data/part1/crops/00004567_2550_car.jpg,car,3,00004567,435,173,488,211,v3_no_ambiguous
/Users/sameerkarur/Documents/Git/Data_science/07_IITK_AIML_Capstone/project1_autonomous_driving/data/part1/crops/00003662_2551_work_van.jpg,work_van,8,00003662,480,105,555,179,v3_no_ambiguous
/Users/sameerkarur/Documents/Git/Data_science/07_IITK_AIML_Capstone/project1_autonomous_driving/data/part1/crops/00002602_2552_pickup_truck.jpg,pickup_truck,6,00002602,60,281,230,399,v3_no_ambiguous
/Users/sameerkarur/Documents/Git/Data_science/07_IITK_AIML_Capstone/project1_autonomous_driving/data/part1/crops/00005435_2553_articulated_truck.jpg,articulated_truck,0,00005435,211,68,407,153,v3_no_ambiguous
/Users/sameerkarur/Documents/Git/Data_science/07_IITK_AIML_Capstone/project1_autonomous_driving/data/part1/crops/00004372_2554_car.jpg,car,3,00004372,656,109,709,141,v3_no_ambiguous
/Users/sameerkarur/Documents/Git/Data_science/07_IITK_AIML_Capstone/project1_autonomous_driving/data/part1/crops/00004671_2555_articulated_truck.jpg,articulated_truck,0,00004671,26,28,323,130,v3_no_ambiguous
/Users/sameerkarur/Documents/Git/Data_science/07_IITK_AIML_Capstone/project1_autonomous_driving/data/part1/crops/00000641_2556_pickup_truck.jpg,pickup_truck,6,00000641,541,106,715,234,v3_no_ambiguous
/Users/sameerkarur/Documents/Git/Data_science/07_IITK_AIML_Capstone/project1_autonomous_driving/data/part1/crops/00002203_2557_work_van.jpg,work_van,8,00002203,78,46,111,70,v3_no_ambiguous
/Users/sameerkarur/Documents/Git/Data_science/07_IITK_AIML_Capstone/project1_autonomous_driving/data/part1/crops/00004416_2558_pickup_truck.jpg,pickup_truck,6,00004416,102,332,340,477,v3_no_ambiguous
/Users/sameerkarur/Documents/Git/Data_science/07_IITK_AIML_Capstone/project1_autonomous_driving/data/part1/crops/00002203_2559_car.jpg,car,3,00002203,12,159,141,237,v3_no_ambiguous
/Users/sameerkarur/Documents/Git/Data_science/07_IITK_AIML_Capstone/project1_autonomous_driving/data/part1/crops/00002429_2560_car.jpg,car,3,00002429,564,170,685,275,v3_no_ambiguous
/Users/sameerkarur/Documents/Git/Data_science/07_IITK_AIML_Capstone/project1_autonomous_driving/data/part1/crops/00004779_2561_work_van.jpg,work_van,8,00004779,123,57,215,108,v3_no_ambiguous
/Users/sameerkarur/Documents/Git/Data_science/07_IITK_AIML_Capstone/project1_autonomous_driving/data/part1/crops/00001467_2562_car.jpg,car,3,00001467,56,145,162,215,v3_no_ambiguous
/Users/sameerkarur/Documents/Git/Data_science/07_IITK_AIML_Capstone/project1_autonomous_driving/data/part1/crops/00005058_2563_work_van.jpg,work_van,8,00005058,517,107,633,165,v3_no_ambiguous
/Users/sameerkarur/Documents/Git/Data_science/07_IITK_AIML_Capstone/project1_autonomous_driving/data/part1/crops/00003869_2564_pickup_truck.jpg,pickup_truck,6,00003869,1,214,41,288,v3_no_ambiguous
/Users/sameerkarur/Documents/Git/Data_science/07_IITK_AIML_Capstone/project1_autonomous_driving/data/part1/crops/00001186_2565_single_unit_truck.jpg,single_unit_truck,7,00001186,571,0,717,58,v3_no_ambiguous
/Users/sameerkarur/Documents/Git/Data_science/07_IITK_AIML_Capstone/project1_autonomous_driving/data/part1/crops/00000236_2566_car.jpg,car,3,00000236,216,196,456,308,v3_no_ambiguous
/Users/sameerkarur/Documents/Git/Data_science/07_IITK_AIML_Capstone/project1_autonomous_driving/data/part1/crops/00004511_2567_articulated_truck.jpg,articulated_truck,0,00004511,0,40,202,150,v3_no_ambiguous
/Users/sameerkarur/Documents/Git/Data_science/07_IITK_AIML_Capstone/project1_autonomous_driving/data/part1/crops/00003127_2568_car.jpg,car,3,00003127,389,195,460,219,v3_no_ambiguous
/Users/sameerkarur/Documents/Git/Data_science/07_IITK_AIML_Capstone/project1_autonomous_driving/data/part1/crops/00001222_2569_work_van.jpg,work_van,8,00001222,106,197,315,334,v3_no_ambiguous
/Users/sameerkarur/Documents/Git/Data_science/07_IITK_AIML_Capstone/project1_autonomous_driving/data/part1/crops/00001611_2570_motorcycle.jpg,motorcycle,4,00001611,493,421,576,479,v3_no_ambiguous
/Users/sameerkarur/Documents/Git/Data_science/07_IITK_AIML_Capstone/project1_autonomous_driving/data/part1/crops/00005191_2571_pedestrian.jpg,pedestrian,5,00005191,24,355,107,426,v3_no_ambiguous
/Users/sameerkarur/Documents/Git/Data_science/07_IITK_AIML_Capstone/project1_autonomous_driving/data/part1/crops/00005589_2572_car.jpg,car,3,00005589,218,87,283,117,v3_no_ambiguous
/Users/sameerkarur/Documents/Git/Data_science/07_IITK_AIML_Capstone/project1_autonomous_driving/data/part1/crops/00003468_2573_car.jpg,car,3,00003468,644,180,685,206,v3_no_ambiguous
/Users/sameerkarur/Documents/Git/Data_science/07_IITK_AIML_Capstone/project1_autonomous_driving/data/part1/crops/00003559_2574_articulated_truck.jpg,articulated_truck,0,00003559,246,23,338,55,v3_no_ambiguous
/Users/sameerkarur/Documents/Git/Data_science/07_IITK_AIML_Capstone/project1_autonomous_driving/data/part1/crops/00004392_2575_pickup_truck.jpg,pickup_truck,6,00004392,260,45,305,69,v3_no_ambiguous
/Users/sameerkarur/Documents/Git/Data_science/07_IITK_AIML_Capstone/project1_autonomous_driving/data/part1/crops/00002340_2576_car.jpg,car,3,00002340,514,139,548,163,v3_no_ambiguous
/Users/sameerkarur/Documents/Git/Data_science/07_IITK_AIML_Capstone/project1_autonomous_driving/data/part1/crops/00000019_2577_bus.jpg,bus,2,00000019,136,142,202,188,v3_no_ambiguous
/Users/sameerkarur/Documents/Git/Data_science/07_IITK_AIML_Capstone/project1_autonomous_driving/data/part1/crops/00003019_2578_bus.jpg,bus,2,00003019,2,165,549,477,v3_no_ambiguous
/Users/sameerkarur/Documents/Git/Data_science/07_IITK_AIML_Capstone/project1_autonomous_driving/data/part1/crops/00000117_2579_pickup_truck.jpg,pickup_truck,6,00000117,118,90,226,135,v3_no_ambiguous
/Users/sameerkarur/Documents/Git/Data_science/07_IITK_AIML_Capstone/project1_autonomous_driving/data/part1/crops/00002256_2580_car.jpg,car,3,00002256,551,240,652,308,v3_no_ambiguous
/Users/sameerkarur/Documents/Git/Data_science/07_IITK_AIML_Capstone/project1_autonomous_driving/data/part1/crops/00001930_2581_articulated_truck.jpg,articulated_truck,0,00001930,655,126,715,207,v3_no_ambiguous
/Users/sameerkarur/Documents/Git/Data_science/07_IITK_AIML_Capstone/project1_autonomous_driving/data/part1/crops/00005052_2582_car.jpg,car,3,00005052,80,45,110,70,v3_no_ambiguous
/Users/sameerkarur/Documents/Git/Data_science/07_IITK_AIML_Capstone/project1_autonomous_driving/data/part1/crops/00002044_2583_car.jpg,car,3,00002044,437,170,549,236,v3_no_ambiguous
/Users/sameerkarur/Documents/Git/Data_science/07_IITK_AIML_Capstone/project1_autonomous_driving/data/part1/crops/00000324_2584_car.jpg,car,3,00000324,206,93,287,127,v3_no_ambiguous
/Users/sameerkarur/Documents/Git/Data_science/07_IITK_AIML_Capstone/project1_autonomous_driving/data/part1/crops/00004505_2585_articulated_truck.jpg,articulated_truck,0,00004505,138,159,557,369,v3_no_ambiguous
/Users/sameerkarur/Documents/Git/Data_science/07_IITK_AIML_Capstone/project1_autonomous_driving/data/part1/crops/00003268_2586_bus.jpg,bus,2,00003268,485,76,719,272,v3_no_ambiguous
/Users/sameerkarur/Documents/Git/Data_science/07_IITK_AIML_Capstone/project1_autonomous_driving/data/part1/crops/00001502_2587_pedestrian.jpg,pedestrian,5,00001502,588,54,614,97,v3_no_ambiguous
/Users/sameerkarur/Documents/Git/Data_science/07_IITK_AIML_Capstone/project1_autonomous_driving/data/part1/crops/00002379_2588_pickup_truck.jpg,pickup_truck,6,00002379,35,164,66,189,v3_no_ambiguous
/Users/sameerkarur/Documents/Git/Data_science/07_IITK_AIML_Capstone/project1_autonomous_driving/data/part1/crops/00002134_2589_bus.jpg,bus,2,00002134,80,63,383,335,v3_no_ambiguous
/Users/sameerkarur/Documents/Git/Data_science/07_IITK_AIML_Capstone/project1_autonomous_driving/data/part1/crops/00003826_2590_pedestrian.jpg,pedestrian,5,00003826,627,316,664,387,v3_no_ambiguous
/Users/sameerkarur/Documents/Git/Data_science/07_IITK_AIML_Capstone/project1_autonomous_driving/data/part1/crops/00001510_2591_articulated_truck.jpg,articulated_truck,0,00001510,67,70,280,145,v3_no_ambiguous
/Users/sameerkarur/Documents/Git/Data_science/07_IITK_AIML_Capstone/project1_autonomous_driving/data/part1/crops/00005002_2592_bus.jpg,bus,2,00005002,141,245,622,479,v3_no_ambiguous
/Users/sameerkarur/Documents/Git/Data_science/07_IITK_AIML_Capstone/project1_autonomous_driving/data/part1/crops/00003035_2593_articulated_truck.jpg,articulated_truck,0,00003035,99,37,665,169,v3_no_ambiguous
/Users/sameerkarur/Documents/Git/Data_science/07_IITK_AIML_Capstone/project1_autonomous_driving/data/part1/crops/00004260_2594_bus.jpg,bus,2,00004260,364,124,532,197,v3_no_ambiguous
/Users/sameerkarur/Documents/Git/Data_science/07_IITK_AIML_Capstone/project1_autonomous_driving/data/part1/crops/00004888_2595_pickup_truck.jpg,pickup_truck,6,00004888,433,136,616,213,v3_no_ambiguous
/Users/sameerkarur/Documents/Git/Data_science/07_IITK_AIML_Capstone/project1_autonomous_driving/data/part1/crops/00002885_2596_single_unit_truck.jpg,single_unit_truck,7,00002885,149,72,364,166,v3_no_ambiguous
/Users/sameerkarur/Documents/Git/Data_science/07_IITK_AIML_Capstone/project1_autonomous_driving/data/part1/crops/00004346_2597_car.jpg,car,3,00004346,86,262,262,396,v3_no_ambiguous
/Users/sameerkarur/Documents/Git/Data_science/07_IITK_AIML_Capstone/project1_autonomous_driving/data/part1/crops/00001680_2598_pickup_truck.jpg,pickup_truck,6,00001680,476,77,628,146,v3_no_ambiguous
/Users/sameerkarur/Documents/Git/Data_science/07_IITK_AIML_Capstone/project1_autonomous_driving/data/part1/crops/00003039_2599_pickup_truck.jpg,pickup_truck,6,00003039,571,87,713,155,v3_no_ambiguous
/Users/sameerkarur/Documents/Git/Data_science/07_IITK_AIML_Capstone/project1_autonomous_driving/data/part1/crops/00004895_2600_work_van.jpg,work_van,8,00004895,162,86,301,165,v3_no_ambiguous
/Users/sameerkarur/Documents/Git/Data_science/07_IITK_AIML_Capstone/project1_autonomous_driving/data/part1/crops/00003973_2601_car.jpg,car,3,00003973,127,12,211,57,v3_no_ambiguous
/Users/sameerkarur/Documents/Git/Data_science/07_IITK_AIML_Capstone/project1_autonomous_driving/data/part1/crops/00000531_2602_work_van.jpg,work_van,8,00000531,220,143,426,292,v3_no_ambiguous
/Users/sameerkarur/Documents/Git/Data_science/07_IITK_AIML_Capstone/project1_autonomous_driving/data/part1/crops/00004350_2603_bus.jpg,bus,2,00004350,3,35,354,284,v3_no_ambiguous
/Users/sameerkarur/Documents/Git/Data_science/07_IITK_AIML_Capstone/project1_autonomous_driving/data/part1/crops/00002632_2604_articulated_truck.jpg,articulated_truck,0,00002632,454,0,530,32,v3_no_ambiguous
/Users/sameerkarur/Documents/Git/Data_science/07_IITK_AIML_Capstone/project1_autonomous_driving/data/part1/crops/00005601_2605_car.jpg,car,3,00005601,587,255,710,336,v3_no_ambiguous
/Users/sameerkarur/Documents/Git/Data_science/07_IITK_AIML_Capstone/project1_autonomous_driving/data/part1/crops/00004729_2606_car.jpg,car,3,00004729,189,51,265,79,v3_no_ambiguous
/Users/sameerkarur/Documents/Git/Data_science/07_IITK_AIML_Capstone/project1_autonomous_driving/data/part1/crops/00005097_2607_car.jpg,car,3,00005097,173,63,294,167,v3_no_ambiguous
/Users/sameerkarur/Documents/Git/Data_science/07_IITK_AIML_Capstone/project1_autonomous_driving/data/part1/crops/00003633_2608_pickup_truck.jpg,pickup_truck,6,00003633,260,99,330,129,v3_no_ambiguous
/Users/sameerkarur/Documents/Git/Data_science/07_IITK_AIML_Capstone/project1_autonomous_driving/data/part1/crops/00001341_2609_car.jpg,car,3,00001341,321,118,589,293,v3_no_ambiguous
/Users/sameerkarur/Documents/Git/Data_science/07_IITK_AIML_Capstone/project1_autonomous_driving/data/part1/crops/00001618_2610_articulated_truck.jpg,articulated_truck,0,00001618,407,32,676,245,v3_no_ambiguous
/Users/sameerkarur/Documents/Git/Data_science/07_IITK_AIML_Capstone/project1_autonomous_driving/data/part1/crops/00005424_2611_bus.jpg,bus,2,00005424,85,76,285,208,v3_no_ambiguous
/Users/sameerkarur/Documents/Git/Data_science/07_IITK_AIML_Capstone/project1_autonomous_driving/data/part1/crops/00004853_2612_car.jpg,car,3,00004853,500,116,550,140,v3_no_ambiguous
/Users/sameerkarur/Documents/Git/Data_science/07_IITK_AIML_Capstone/project1_autonomous_driving/data/part1/crops/00000058_2613_articulated_truck.jpg,articulated_truck,0,00000058,136,156,566,431,v3_no_ambiguous
/Users/sameerkarur/Documents/Git/Data_science/07_IITK_AIML_Capstone/project1_autonomous_driving/data/part1/crops/00000943_2614_articulated_truck.jpg,articulated_truck,0,00000943,510,79,628,110,v3_no_ambiguous
/Users/sameerkarur/Documents/Git/Data_science/07_IITK_AIML_Capstone/project1_autonomous_driving/data/part1/crops/00000366_2615_car.jpg,car,3,00000366,104,56,216,98,v3_no_ambiguous
/Users/sameerkarur/Documents/Git/Data_science/07_IITK_AIML_Capstone/project1_autonomous_driving/data/part1/crops/00004360_2616_bicycle.jpg,bicycle,1,00004360,51,300,168,418,v3_no_ambiguous
/Users/sameerkarur/Documents/Git/Data_science/07_IITK_AIML_Capstone/project1_autonomous_driving/data/part1/crops/00000094_2617_articulated_truck.jpg,articulated_truck,0,00000094,0,73,628,353,v3_no_ambiguous
/Users/sameerkarur/Documents/Git/Data_science/07_IITK_AIML_Capstone/project1_autonomous_driving/data/part1/crops/00004859_2618_car.jpg,car,3,00004859,133,101,206,140,v3_no_ambiguous
/Users/sameerkarur/Documents/Git/Data_science/07_IITK_AIML_Capstone/project1_autonomous_driving/data/part1/crops/00004139_2619_bus.jpg,bus,2,00004139,176,109,343,214,v3_no_ambiguous
/Users/sameerkarur/Documents/Git/Data_science/07_IITK_AIML_Capstone/project1_autonomous_driving/data/part1/crops/00002006_2620_pickup_truck.jpg,pickup_truck,6,00002006,74,95,234,153,v3_no_ambiguous
/Users/sameerkarur/Documents/Git/Data_science/07_IITK_AIML_Capstone/project1_autonomous_driving/data/part1/crops/00003085_2621_articulated_truck.jpg,articulated_truck,0,00003085,408,19,507,66,v3_no_ambiguous
/Users/sameerkarur/Documents/Git/Data_science/07_IITK_AIML_Capstone/project1_autonomous_driving/data/part1/crops/00000748_2622_car.jpg,car,3,00000748,150,126,237,185,v3_no_ambiguous
/Users/sameerkarur/Documents/Git/Data_science/07_IITK_AIML_Capstone/project1_autonomous_driving/data/part1/crops/00005479_2623_pickup_truck.jpg,pickup_truck,6,00005479,107,39,236,106,v3_no_ambiguous
/Users/sameerkarur/Documents/Git/Data_science/07_IITK_AIML_Capstone/project1_autonomous_driving/data/part1/crops/00003270_2624_articulated_truck.jpg,articulated_truck,0,00003270,0,44,149,127,v3_no_ambiguous
/Users/sameerkarur/Documents/Git/Data_science/07_IITK_AIML_Capstone/project1_autonomous_driving/data/part1/crops/00001482_2625_pickup_truck.jpg,pickup_truck,6,00001482,239,111,517,257,v3_no_ambiguous
/Users/sameerkarur/Documents/Git/Data_science/07_IITK_AIML_Capstone/project1_autonomous_driving/data/part1/crops/00005042_2626_car.jpg,car,3,00005042,17,79,49,107,v3_no_ambiguous
/Users/sameerkarur/Documents/Git/Data_science/07_IITK_AIML_Capstone/project1_autonomous_driving/data/part1/crops/00002004_2627_work_van.jpg,work_van,8,00002004,127,90,208,146,v3_no_ambiguous
/Users/sameerkarur/Documents/Git/Data_science/07_IITK_AIML_Capstone/project1_autonomous_driving/data/part1/crops/00002297_2628_pickup_truck.jpg,pickup_truck,6,00002297,487,152,714,324,v3_no_ambiguous
/Users/sameerkarur/Documents/Git/Data_science/07_IITK_AIML_Capstone/project1_autonomous_driving/data/part1/crops/00004539_2629_pickup_truck.jpg,pickup_truck,6,00004539,589,189,715,328,v3_no_ambiguous
/Users/sameerkarur/Documents/Git/Data_science/07_IITK_AIML_Capstone/project1_autonomous_driving/data/part1/crops/00003775_2630_car.jpg,car,3,00003775,597,162,642,207,v3_no_ambiguous
/Users/sameerkarur/Documents/Git/Data_science/07_IITK_AIML_Capstone/project1_autonomous_driving/data/part1/crops/00000483_2631_car.jpg,car,3,00000483,3,59,48,88,v3_no_ambiguous
/Users/sameerkarur/Documents/Git/Data_science/07_IITK_AIML_Capstone/project1_autonomous_driving/data/part1/crops/00002169_2632_work_van.jpg,work_van,8,00002169,246,129,321,178,v3_no_ambiguous
/Users/sameerkarur/Documents/Git/Data_science/07_IITK_AIML_Capstone/project1_autonomous_driving/data/part1/crops/00005248_2633_work_van.jpg,work_van,8,00005248,81,205,220,295,v3_no_ambiguous
/Users/sameerkarur/Documents/Git/Data_science/07_IITK_AIML_Capstone/project1_autonomous_driving/data/part1/crops/00002147_2634_pickup_truck.jpg,pickup_truck,6,00002147,211,278,387,382,v3_no_ambiguous
/Users/sameerkarur/Documents/Git/Data_science/07_IITK_AIML_Capstone/project1_autonomous_driving/data/part1/crops/00000741_2635_work_van.jpg,work_van,8,00000741,49,56,113,84,v3_no_ambiguous
/Users/sameerkarur/Documents/Git/Data_science/07_IITK_AIML_Capstone/project1_autonomous_driving/data/part1/crops/00002049_2636_car.jpg,car,3,00002049,606,180,649,228,v3_no_ambiguous
/Users/sameerkarur/Documents/Git/Data_science/07_IITK_AIML_Capstone/project1_autonomous_driving/data/part1/crops/00003935_2637_pickup_truck.jpg,pickup_truck,6,00003935,145,121,240,193,v3_no_ambiguous
/Users/sameerkarur/Documents/Git/Data_science/07_IITK_AIML_Capstone/project1_autonomous_driving/data/part1/crops/00001615_2638_pickup_truck.jpg,pickup_truck,6,00001615,265,56,339,93,v3_no_ambiguous
/Users/sameerkarur/Documents/Git/Data_science/07_IITK_AIML_Capstone/project1_autonomous_driving/data/part1/crops/00002667_2639_car.jpg,car,3,00002667,131,165,269,227,v3_no_ambiguous
/Users/sameerkarur/Documents/Git/Data_science/07_IITK_AIML_Capstone/project1_autonomous_driving/data/part1/crops/00001065_2640_car.jpg,car,3,00001065,477,149,514,173,v3_no_ambiguous
/Users/sameerkarur/Documents/Git/Data_science/07_IITK_AIML_Capstone/project1_autonomous_driving/data/part1/crops/00001067_2641_car.jpg,car,3,00001067,143,168,388,290,v3_no_ambiguous
/Users/sameerkarur/Documents/Git/Data_science/07_IITK_AIML_Capstone/project1_autonomous_driving/data/part1/crops/00000257_2642_car.jpg,car,3,00000257,533,229,640,300,v3_no_ambiguous
/Users/sameerkarur/Documents/Git/Data_science/07_IITK_AIML_Capstone/project1_autonomous_driving/data/part1/crops/00004027_2643_pickup_truck.jpg,pickup_truck,6,00004027,120,221,391,331,v3_no_ambiguous
/Users/sameerkarur/Documents/Git/Data_science/07_IITK_AIML_Capstone/project1_autonomous_driving/data/part1/crops/00000733_2644_pickup_truck.jpg,pickup_truck,6,00000733,7,56,92,99,v3_no_ambiguous
/Users/sameerkarur/Documents/Git/Data_science/07_IITK_AIML_Capstone/project1_autonomous_driving/data/part1/crops/00005499_2645_bus.jpg,bus,2,00005499,446,102,714,308,v3_no_ambiguous
/Users/sameerkarur/Documents/Git/Data_science/07_IITK_AIML_Capstone/project1_autonomous_driving/data/part1/crops/00002040_2646_pickup_truck.jpg,pickup_truck,6,00002040,412,131,602,202,v3_no_ambiguous
/Users/sameerkarur/Documents/Git/Data_science/07_IITK_AIML_Capstone/project1_autonomous_driving/data/part1/crops/00005157_2647_car.jpg,car,3,00005157,200,93,264,124,v3_no_ambiguous
/Users/sameerkarur/Documents/Git/Data_science/07_IITK_AIML_Capstone/project1_autonomous_driving/data/part1/crops/00001495_2648_articulated_truck.jpg,articulated_truck,0,00001495,611,117,685,191,v3_no_ambiguous
/Users/sameerkarur/Documents/Git/Data_science/07_IITK_AIML_Capstone/project1_autonomous_driving/data/part1/crops/00001418_2649_pickup_truck.jpg,pickup_truck,6,00001418,9,190,69,241,v3_no_ambiguous
/Users/sameerkarur/Documents/Git/Data_science/07_IITK_AIML_Capstone/project1_autonomous_driving/data/part1/crops/00001220_2650_single_unit_truck.jpg,single_unit_truck,7,00001220,27,71,336,172,v3_no_ambiguous
/Users/sameerkarur/Documents/Git/Data_science/07_IITK_AIML_Capstone/project1_autonomous_driving/data/part1/crops/00001409_2651_car.jpg,car,3,00001409,108,115,170,144,v3_no_ambiguous
/Users/sameerkarur/Documents/Git/Data_science/07_IITK_AIML_Capstone/project1_autonomous_driving/data/part1/crops/00000839_2652_work_van.jpg,work_van,8,00000839,180,36,360,128,v3_no_ambiguous
/Users/sameerkarur/Documents/Git/Data_science/07_IITK_AIML_Capstone/project1_autonomous_driving/data/part1/crops/00003116_2653_articulated_truck.jpg,articulated_truck,0,00003116,245,171,718,431,v3_no_ambiguous
/Users/sameerkarur/Documents/Git/Data_science/07_IITK_AIML_Capstone/project1_autonomous_driving/data/part1/crops/00000816_2654_articulated_truck.jpg,articulated_truck,0,00000816,0,28,719,276,v3_no_ambiguous
/Users/sameerkarur/Documents/Git/Data_science/07_IITK_AIML_Capstone/project1_autonomous_driving/data/part1/crops/00000663_2655_work_van.jpg,work_van,8,00000663,388,31,418,58,v3_no_ambiguous
/Users/sameerkarur/Documents/Git/Data_science/07_IITK_AIML_Capstone/project1_autonomous_driving/data/part1/crops/00002909_2656_motorcycle.jpg,motorcycle,4,00002909,347,333,441,428,v3_no_ambiguous
/Users/sameerkarur/Documents/Git/Data_science/07_IITK_AIML_Capstone/project1_autonomous_driving/data/part1/crops/00004139_2657_pedestrian.jpg,pedestrian,5,00004139,561,247,597,327,v3_no_ambiguous
/Users/sameerkarur/Documents/Git/Data_science/07_IITK_AIML_Capstone/project1_autonomous_driving/data/part1/crops/00002811_2658_bus.jpg,bus,2,00002811,109,142,170,177,v3_no_ambiguous
/Users/sameerkarur/Documents/Git/Data_science/07_IITK_AIML_Capstone/project1_autonomous_driving/data/part1/crops/00001677_2659_articulated_truck.jpg,articulated_truck,0,00001677,588,72,711,127,v3_no_ambiguous
/Users/sameerkarur/Documents/Git/Data_science/07_IITK_AIML_Capstone/project1_autonomous_driving/data/part1/crops/00001472_2660_pedestrian.jpg,pedestrian,5,00001472,271,106,299,179,v3_no_ambiguous
/Users/sameerkarur/Documents/Git/Data_science/07_IITK_AIML_Capstone/project1_autonomous_driving/data/part1/crops/00001137_2661_car.jpg,car,3,00001137,631,179,684,215,v3_no_ambiguous
/Users/sameerkarur/Documents/Git/Data_science/07_IITK_AIML_Capstone/project1_autonomous_driving/data/part1/crops/00000187_2662_single_unit_truck.jpg,single_unit_truck,7,00000187,43,150,101,205,v3_no_ambiguous
/Users/sameerkarur/Documents/Git/Data_science/07_IITK_AIML_Capstone/project1_autonomous_driving/data/part1/crops/00002842_2663_car.jpg,car,3,00002842,346,87,530,207,v3_no_ambiguous
/Users/sameerkarur/Documents/Git/Data_science/07_IITK_AIML_Capstone/project1_autonomous_driving/data/part1/crops/00004756_2664_pickup_truck.jpg,pickup_truck,6,00004756,167,80,497,254,v3_no_ambiguous
/Users/sameerkarur/Documents/Git/Data_science/07_IITK_AIML_Capstone/project1_autonomous_driving/data/part1/crops/00002471_2665_pickup_truck.jpg,pickup_truck,6,00002471,427,235,714,395,v3_no_ambiguous
/Users/sameerkarur/Documents/Git/Data_science/07_IITK_AIML_Capstone/project1_autonomous_driving/data/part1/crops/00003311_2666_motorcycle.jpg,motorcycle,4,00003311,445,386,524,478,v3_no_ambiguous
/Users/sameerkarur/Documents/Git/Data_science/07_IITK_AIML_Capstone/project1_autonomous_driving/data/part1/crops/00005224_2667_bicycle.jpg,bicycle,1,00005224,355,138,390,204,v3_no_ambiguous
/Users/sameerkarur/Documents/Git/Data_science/07_IITK_AIML_Capstone/project1_autonomous_driving/data/part1/crops/00002983_2668_car.jpg,car,3,00002983,364,66,564,175,v3_no_ambiguous
/Users/sameerkarur/Documents/Git/Data_science/07_IITK_AIML_Capstone/project1_autonomous_driving/data/part1/crops/00000080_2669_work_van.jpg,work_van,8,00000080,136,182,319,290,v3_no_ambiguous
/Users/sameerkarur/Documents/Git/Data_science/07_IITK_AIML_Capstone/project1_autonomous_driving/data/part1/crops/00001187_2670_single_unit_truck.jpg,single_unit_truck,7,00001187,284,95,325,145,v3_no_ambiguous
/Users/sameerkarur/Documents/Git/Data_science/07_IITK_AIML_Capstone/project1_autonomous_driving/data/part1/crops/00005010_2671_pickup_truck.jpg,pickup_truck,6,00005010,62,140,148,185,v3_no_ambiguous
/Users/sameerkarur/Documents/Git/Data_science/07_IITK_AIML_Capstone/project1_autonomous_driving/data/part1/crops/00001669_2672_car.jpg,car,3,00001669,557,58,625,100,v3_no_ambiguous
/Users/sameerkarur/Documents/Git/Data_science/07_IITK_AIML_Capstone/project1_autonomous_driving/data/part1/crops/00005342_2673_pickup_truck.jpg,pickup_truck,6,00005342,3,112,92,165,v3_no_ambiguous
/Users/sameerkarur/Documents/Git/Data_science/07_IITK_AIML_Capstone/project1_autonomous_driving/data/part1/crops/00001661_2674_bus.jpg,bus,2,00001661,204,255,464,441,v3_no_ambiguous
/Users/sameerkarur/Documents/Git/Data_science/07_IITK_AIML_Capstone/project1_autonomous_driving/data/part1/crops/00000031_2675_car.jpg,car,3,00000031,147,63,226,99,v3_no_ambiguous
/Users/sameerkarur/Documents/Git/Data_science/07_IITK_AIML_Capstone/project1_autonomous_driving/data/part1/crops/00002060_2676_car.jpg,car,3,00002060,258,107,292,144,v3_no_ambiguous
/Users/sameerkarur/Documents/Git/Data_science/07_IITK_AIML_Capstone/project1_autonomous_driving/data/part1/crops/00000289_2677_car.jpg,car,3,00000289,194,1,242,40,v3_no_ambiguous
/Users/sameerkarur/Documents/Git/Data_science/07_IITK_AIML_Capstone/project1_autonomous_driving/data/part1/crops/00004561_2678_bus.jpg,bus,2,00004561,69,70,284,220,v3_no_ambiguous
/Users/sameerkarur/Documents/Git/Data_science/07_IITK_AIML_Capstone/project1_autonomous_driving/data/part1/crops/00000304_2679_car.jpg,car,3,00000304,240,95,303,122,v3_no_ambiguous
/Users/sameerkarur/Documents/Git/Data_science/07_IITK_AIML_Capstone/project1_autonomous_driving/data/part1/crops/00001907_2680_pickup_truck.jpg,pickup_truck,6,00001907,229,105,569,304,v3_no_ambiguous
/Users/sameerkarur/Documents/Git/Data_science/07_IITK_AIML_Capstone/project1_autonomous_driving/data/part1/crops/00005211_2681_articulated_truck.jpg,articulated_truck,0,00005211,491,77,537,107,v3_no_ambiguous
/Users/sameerkarur/Documents/Git/Data_science/07_IITK_AIML_Capstone/project1_autonomous_driving/data/part1/crops/00000885_2682_pedestrian.jpg,pedestrian,5,00000885,59,417,99,468,v3_no_ambiguous
/Users/sameerkarur/Documents/Git/Data_science/07_IITK_AIML_Capstone/project1_autonomous_driving/data/part1/crops/00000333_2683_articulated_truck.jpg,articulated_truck,0,00000333,1,143,338,394,v3_no_ambiguous
/Users/sameerkarur/Documents/Git/Data_science/07_IITK_AIML_Capstone/project1_autonomous_driving/data/part1/crops/00004573_2684_bicycle.jpg,bicycle,1,00004573,380,138,412,200,v3_no_ambiguous
/Users/sameerkarur/Documents/Git/Data_science/07_IITK_AIML_Capstone/project1_autonomous_driving/data/part1/crops/00000886_2685_bus.jpg,bus,2,00000886,2,100,436,477,v3_no_ambiguous
/Users/sameerkarur/Documents/Git/Data_science/07_IITK_AIML_Capstone/project1_autonomous_driving/data/part1/crops/00001509_2686_bus.jpg,bus,2,00001509,223,154,656,353,v3_no_ambiguous
/Users/sameerkarur/Documents/Git/Data_science/07_IITK_AIML_Capstone/project1_autonomous_driving/data/part1/crops/00000645_2687_articulated_truck.jpg,articulated_truck,0,00000645,326,136,638,339,v3_no_ambiguous
/Users/sameerkarur/Documents/Git/Data_science/07_IITK_AIML_Capstone/project1_autonomous_driving/data/part1/crops/00004550_2688_bus.jpg,bus,2,00004550,577,130,717,463,v3_no_ambiguous
/Users/sameerkarur/Documents/Git/Data_science/07_IITK_AIML_Capstone/project1_autonomous_driving/data/part1/crops/00004222_2689_articulated_truck.jpg,articulated_truck,0,00004222,254,1,718,203,v3_no_ambiguous
/Users/sameerkarur/Documents/Git/Data_science/07_IITK_AIML_Capstone/project1_autonomous_driving/data/part1/crops/00004033_2690_single_unit_truck.jpg,single_unit_truck,7,00004033,262,102,350,147,v3_no_ambiguous
/Users/sameerkarur/Documents/Git/Data_science/07_IITK_AIML_Capstone/project1_autonomous_driving/data/part1/crops/00000442_2691_car.jpg,car,3,00000442,8,272,257,438,v3_no_ambiguous
/Users/sameerkarur/Documents/Git/Data_science/07_IITK_AIML_Capstone/project1_autonomous_driving/data/part1/crops/00004653_2692_single_unit_truck.jpg,single_unit_truck,7,00004653,118,39,338,177,v3_no_ambiguous
/Users/sameerkarur/Documents/Git/Data_science/07_IITK_AIML_Capstone/project1_autonomous_driving/data/part1/crops/00002376_2693_bus.jpg,bus,2,00002376,85,99,372,299,v3_no_ambiguous
/Users/sameerkarur/Documents/Git/Data_science/07_IITK_AIML_Capstone/project1_autonomous_driving/data/part1/crops/00001140_2694_motorcycle.jpg,motorcycle,4,00001140,207,348,254,422,v3_no_ambiguous
/Users/sameerkarur/Documents/Git/Data_science/07_IITK_AIML_Capstone/project1_autonomous_driving/data/part1/crops/00000929_2695_car.jpg,car,3,00000929,650,177,694,206,v3_no_ambiguous
/Users/sameerkarur/Documents/Git/Data_science/07_IITK_AIML_Capstone/project1_autonomous_driving/data/part1/crops/00004112_2696_car.jpg,car,3,00004112,229,81,297,117,v3_no_ambiguous
/Users/sameerkarur/Documents/Git/Data_science/07_IITK_AIML_Capstone/project1_autonomous_driving/data/part1/crops/00004717_2697_articulated_truck.jpg,articulated_truck,0,00004717,237,174,717,416,v3_no_ambiguous
/Users/sameerkarur/Documents/Git/Data_science/07_IITK_AIML_Capstone/project1_autonomous_driving/data/part1/crops/00000588_2698_articulated_truck.jpg,articulated_truck,0,00000588,536,81,611,109,v3_no_ambiguous
/Users/sameerkarur/Documents/Git/Data_science/07_IITK_AIML_Capstone/project1_autonomous_driving/data/part1/crops/00001425_2699_articulated_truck.jpg,articulated_truck,0,00001425,266,27,671,304,v3_no_ambiguous
/Users/sameerkarur/Documents/Git/Data_science/07_IITK_AIML_Capstone/project1_autonomous_driving/data/part1/crops/00001262_2700_pickup_truck.jpg,pickup_truck,6,00001262,86,105,165,155,v3_no_ambiguous
/Users/sameerkarur/Documents/Git/Data_science/07_IITK_AIML_Capstone/project1_autonomous_driving/data/part1/crops/00000887_2701_car.jpg,car,3,00000887,612,132,638,158,v3_no_ambiguous
/Users/sameerkarur/Documents/Git/Data_science/07_IITK_AIML_Capstone/project1_autonomous_driving/data/part1/crops/00001542_2702_pickup_truck.jpg,pickup_truck,6,00001542,612,152,709,242,v3_no_ambiguous
/Users/sameerkarur/Documents/Git/Data_science/07_IITK_AIML_Capstone/project1_autonomous_driving/data/part1/crops/00004717_2703_pickup_truck.jpg,pickup_truck,6,00004717,90,258,208,344,v3_no_ambiguous
/Users/sameerkarur/Documents/Git/Data_science/07_IITK_AIML_Capstone/project1_autonomous_driving/data/part1/crops/00003594_2704_car.jpg,car,3,00003594,150,126,237,186,v3_no_ambiguous
/Users/sameerkarur/Documents/Git/Data_science/07_IITK_AIML_Capstone/project1_autonomous_driving/data/part1/crops/00005186_2705_pickup_truck.jpg,pickup_truck,6,00005186,290,172,403,238,v3_no_ambiguous
/Users/sameerkarur/Documents/Git/Data_science/07_IITK_AIML_Capstone/project1_autonomous_driving/data/part1/crops/00005039_2706_pickup_truck.jpg,pickup_truck,6,00005039,62,96,112,134,v3_no_ambiguous
/Users/sameerkarur/Documents/Git/Data_science/07_IITK_AIML_Capstone/project1_autonomous_driving/data/part1/crops/00000980_2707_car.jpg,car,3,00000980,164,114,248,176,v3_no_ambiguous
/Users/sameerkarur/Documents/Git/Data_science/07_IITK_AIML_Capstone/project1_autonomous_driving/data/part1/crops/00001960_2708_car.jpg,car,3,00001960,474,146,515,173,v3_no_ambiguous
/Users/sameerkarur/Documents/Git/Data_science/07_IITK_AIML_Capstone/project1_autonomous_driving/data/part1/crops/00003264_2709_car.jpg,car,3,00003264,249,55,328,92,v3_no_ambiguous
/Users/sameerkarur/Documents/Git/Data_science/07_IITK_AIML_Capstone/project1_autonomous_driving/data/part1/crops/00001337_2710_car.jpg,car,3,00001337,131,61,219,105,v3_no_ambiguous
/Users/sameerkarur/Documents/Git/Data_science/07_IITK_AIML_Capstone/project1_autonomous_driving/data/part1/crops/00002666_2711_single_unit_truck.jpg,single_unit_truck,7,00002666,150,70,362,179,v3_no_ambiguous
/Users/sameerkarur/Documents/Git/Data_science/07_IITK_AIML_Capstone/project1_autonomous_driving/data/part1/crops/00003396_2712_work_van.jpg,work_van,8,00003396,27,80,68,111,v3_no_ambiguous
/Users/sameerkarur/Documents/Git/Data_science/07_IITK_AIML_Capstone/project1_autonomous_driving/data/part1/crops/00000114_2713_bus.jpg,bus,2,00000114,358,48,649,206,v3_no_ambiguous
/Users/sameerkarur/Documents/Git/Data_science/07_IITK_AIML_Capstone/project1_autonomous_driving/data/part1/crops/00000925_2714_pickup_truck.jpg,pickup_truck,6,00000925,473,205,715,366,v3_no_ambiguous
/Users/sameerkarur/Documents/Git/Data_science/07_IITK_AIML_Capstone/project1_autonomous_driving/data/part1/crops/00003817_2715_pickup_truck.jpg,pickup_truck,6,00003817,85,129,267,226,v3_no_ambiguous
/Users/sameerkarur/Documents/Git/Data_science/07_IITK_AIML_Capstone/project1_autonomous_driving/data/part1/crops/00003508_2716_car.jpg,car,3,00003508,108,152,150,180,v3_no_ambiguous
/Users/sameerkarur/Documents/Git/Data_science/07_IITK_AIML_Capstone/project1_autonomous_driving/data/part1/crops/00001523_2717_pickup_truck.jpg,pickup_truck,6,00001523,551,177,610,205,v3_no_ambiguous
/Users/sameerkarur/Documents/Git/Data_science/07_IITK_AIML_Capstone/project1_autonomous_driving/data/part1/crops/00004022_2718_single_unit_truck.jpg,single_unit_truck,7,00004022,520,63,579,121,v3_no_ambiguous
/Users/sameerkarur/Documents/Git/Data_science/07_IITK_AIML_Capstone/project1_autonomous_driving/data/part1/crops/00003451_2719_bus.jpg,bus,2,00003451,448,144,716,297,v3_no_ambiguous
/Users/sameerkarur/Documents/Git/Data_science/07_IITK_AIML_Capstone/project1_autonomous_driving/data/part1/crops/00005317_2720_car.jpg,car,3,00005317,167,177,324,275,v3_no_ambiguous
/Users/sameerkarur/Documents/Git/Data_science/07_IITK_AIML_Capstone/project1_autonomous_driving/data/part1/crops/00004653_2721_pickup_truck.jpg,pickup_truck,6,00004653,55,56,118,83,v3_no_ambiguous
/Users/sameerkarur/Documents/Git/Data_science/07_IITK_AIML_Capstone/project1_autonomous_driving/data/part1/crops/00003838_2722_pickup_truck.jpg,pickup_truck,6,00003838,81,367,290,478,v3_no_ambiguous
/Users/sameerkarur/Documents/Git/Data_science/07_IITK_AIML_Capstone/project1_autonomous_driving/data/part1/crops/00000723_2723_articulated_truck.jpg,articulated_truck,0,00000723,5,74,419,283,v3_no_ambiguous
/Users/sameerkarur/Documents/Git/Data_science/07_IITK_AIML_Capstone/project1_autonomous_driving/data/part1/crops/00001507_2724_work_van.jpg,work_van,8,00001507,520,185,717,327,v3_no_ambiguous
/Users/sameerkarur/Documents/Git/Data_science/07_IITK_AIML_Capstone/project1_autonomous_driving/data/part1/crops/00002991_2725_bus.jpg,bus,2,00002991,300,0,712,314,v3_no_ambiguous
/Users/sameerkarur/Documents/Git/Data_science/07_IITK_AIML_Capstone/project1_autonomous_driving/data/part1/crops/00001223_2726_articulated_truck.jpg,articulated_truck,0,00001223,156,128,205,158,v3_no_ambiguous
/Users/sameerkarur/Documents/Git/Data_science/07_IITK_AIML_Capstone/project1_autonomous_driving/data/part1/crops/00000221_2727_bus.jpg,bus,2,00000221,256,163,403,297,v3_no_ambiguous
/Users/sameerkarur/Documents/Git/Data_science/07_IITK_AIML_Capstone/project1_autonomous_driving/data/part1/crops/00001104_2728_car.jpg,car,3,00001104,608,171,648,211,v3_no_ambiguous
/Users/sameerkarur/Documents/Git/Data_science/07_IITK_AIML_Capstone/project1_autonomous_driving/data/part1/crops/00003805_2729_articulated_truck.jpg,articulated_truck,0,00003805,441,76,629,216,v3_no_ambiguous
/Users/sameerkarur/Documents/Git/Data_science/07_IITK_AIML_Capstone/project1_autonomous_driving/data/part1/crops/00000846_2730_car.jpg,car,3,00000846,2,44,47,72,v3_no_ambiguous
/Users/sameerkarur/Documents/Git/Data_science/07_IITK_AIML_Capstone/project1_autonomous_driving/data/part1/crops/00005117_2731_articulated_truck.jpg,articulated_truck,0,00005117,465,12,675,116,v3_no_ambiguous
/Users/sameerkarur/Documents/Git/Data_science/07_IITK_AIML_Capstone/project1_autonomous_driving/data/part1/crops/00001795_2732_bus.jpg,bus,2,00001795,280,124,424,180,v3_no_ambiguous
/Users/sameerkarur/Documents/Git/Data_science/07_IITK_AIML_Capstone/project1_autonomous_driving/data/part1/crops/00000047_2733_car.jpg,car,3,00000047,240,65,310,112,v3_no_ambiguous
/Users/sameerkarur/Documents/Git/Data_science/07_IITK_AIML_Capstone/project1_autonomous_driving/data/part1/crops/00003336_2734_car.jpg,car,3,00003336,530,100,575,132,v3_no_ambiguous
/Users/sameerkarur/Documents/Git/Data_science/07_IITK_AIML_Capstone/project1_autonomous_driving/data/part1/crops/00005476_2735_pickup_truck.jpg,pickup_truck,6,00005476,334,66,444,107,v3_no_ambiguous
/Users/sameerkarur/Documents/Git/Data_science/07_IITK_AIML_Capstone/project1_autonomous_driving/data/part1/crops/00002969_2736_bus.jpg,bus,2,00002969,566,119,713,313,v3_no_ambiguous
/Users/sameerkarur/Documents/Git/Data_science/07_IITK_AIML_Capstone/project1_autonomous_driving/data/part1/crops/00002083_2737_pedestrian.jpg,pedestrian,5,00002083,323,234,356,293,v3_no_ambiguous
/Users/sameerkarur/Documents/Git/Data_science/07_IITK_AIML_Capstone/project1_autonomous_driving/data/part1/crops/00004291_2738_single_unit_truck.jpg,single_unit_truck,7,00004291,193,30,297,70,v3_no_ambiguous
/Users/sameerkarur/Documents/Git/Data_science/07_IITK_AIML_Capstone/project1_autonomous_driving/data/part1/crops/00000558_2739_articulated_truck.jpg,articulated_truck,0,00000558,468,16,561,43,v3_no_ambiguous
/Users/sameerkarur/Documents/Git/Data_science/07_IITK_AIML_Capstone/project1_autonomous_driving/data/part1/crops/00002852_2740_pedestrian.jpg,pedestrian,5,00002852,125,284,153,362,v3_no_ambiguous
/Users/sameerkarur/Documents/Git/Data_science/07_IITK_AIML_Capstone/project1_autonomous_driving/data/part1/crops/00002839_2741_articulated_truck.jpg,articulated_truck,0,00002839,599,30,718,119,v3_no_ambiguous
/Users/sameerkarur/Documents/Git/Data_science/07_IITK_AIML_Capstone/project1_autonomous_driving/data/part1/crops/00001857_2742_car.jpg,car,3,00001857,104,429,170,477,v3_no_ambiguous
/Users/sameerkarur/Documents/Git/Data_science/07_IITK_AIML_Capstone/project1_autonomous_driving/data/part1/crops/00005136_2743_motorcycle.jpg,motorcycle,4,00005136,482,95,524,140,v3_no_ambiguous
/Users/sameerkarur/Documents/Git/Data_science/07_IITK_AIML_Capstone/project1_autonomous_driving/data/part1/crops/00002511_2744_pickup_truck.jpg,pickup_truck,6,00002511,69,321,336,479,v3_no_ambiguous
/Users/sameerkarur/Documents/Git/Data_science/07_IITK_AIML_Capstone/project1_autonomous_driving/data/part1/crops/00000876_2745_articulated_truck.jpg,articulated_truck,0,00000876,63,25,313,91,v3_no_ambiguous
/Users/sameerkarur/Documents/Git/Data_science/07_IITK_AIML_Capstone/project1_autonomous_driving/data/part1/crops/00002046_2746_car.jpg,car,3,00002046,597,161,643,204,v3_no_ambiguous
/Users/sameerkarur/Documents/Git/Data_science/07_IITK_AIML_Capstone/project1_autonomous_driving/data/part1/crops/00003357_2747_pickup_truck.jpg,pickup_truck,6,00003357,613,223,711,376,v3_no_ambiguous
/Users/sameerkarur/Documents/Git/Data_science/07_IITK_AIML_Capstone/project1_autonomous_driving/data/part1/crops/00001149_2748_pickup_truck.jpg,pickup_truck,6,00001149,116,232,244,323,v3_no_ambiguous
/Users/sameerkarur/Documents/Git/Data_science/07_IITK_AIML_Capstone/project1_autonomous_driving/data/part1/crops/00001909_2749_articulated_truck.jpg,articulated_truck,0,00001909,426,79,660,257,v3_no_ambiguous
/Users/sameerkarur/Documents/Git/Data_science/07_IITK_AIML_Capstone/project1_autonomous_driving/data/part1/crops/00004151_2750_bus.jpg,bus,2,00004151,310,30,465,96,v3_no_ambiguous
/Users/sameerkarur/Documents/Git/Data_science/07_IITK_AIML_Capstone/project1_autonomous_driving/data/part1/crops/00003603_2751_pedestrian.jpg,pedestrian,5,00003603,560,331,596,411,v3_no_ambiguous
/Users/sameerkarur/Documents/Git/Data_science/07_IITK_AIML_Capstone/project1_autonomous_driving/data/part1/crops/00001229_2752_pedestrian.jpg,pedestrian,5,00001229,522,260,570,370,v3_no_ambiguous
/Users/sameerkarur/Documents/Git/Data_science/07_IITK_AIML_Capstone/project1_autonomous_driving/data/part1/crops/00004180_2753_bus.jpg,bus,2,00004180,116,147,190,187,v3_no_ambiguous
/Users/sameerkarur/Documents/Git/Data_science/07_IITK_AIML_Capstone/project1_autonomous_driving/data/part1/crops/00003364_2754_bus.jpg,bus,2,00003364,479,77,708,264,v3_no_ambiguous
/Users/sameerkarur/Documents/Git/Data_science/07_IITK_AIML_Capstone/project1_autonomous_driving/data/part1/crops/00005036_2755_car.jpg,car,3,00005036,545,200,717,431,v3_no_ambiguous
/Users/sameerkarur/Documents/Git/Data_science/07_IITK_AIML_Capstone/project1_autonomous_driving/data/part1/crops/00000759_2756_pickup_truck.jpg,pickup_truck,6,00000759,501,220,710,347,v3_no_ambiguous
/Users/sameerkarur/Documents/Git/Data_science/07_IITK_AIML_Capstone/project1_autonomous_driving/data/part1/crops/00002218_2757_articulated_truck.jpg,articulated_truck,0,00002218,469,6,554,34,v3_no_ambiguous
/Users/sameerkarur/Documents/Git/Data_science/07_IITK_AIML_Capstone/project1_autonomous_driving/data/part1/crops/00003386_2758_articulated_truck.jpg,articulated_truck,0,00003386,644,95,709,129,v3_no_ambiguous
/Users/sameerkarur/Documents/Git/Data_science/07_IITK_AIML_Capstone/project1_autonomous_driving/data/part1/crops/00003248_2759_car.jpg,car,3,00003248,528,234,636,305,v3_no_ambiguous
/Users/sameerkarur/Documents/Git/Data_science/07_IITK_AIML_Capstone/project1_autonomous_driving/data/part1/crops/00005395_2760_car.jpg,car,3,00005395,176,215,266,299,v3_no_ambiguous
/Users/sameerkarur/Documents/Git/Data_science/07_IITK_AIML_Capstone/project1_autonomous_driving/data/part1/crops/00003601_2761_bicycle.jpg,bicycle,1,00003601,59,391,208,478,v3_no_ambiguous
/Users/sameerkarur/Documents/Git/Data_science/07_IITK_AIML_Capstone/project1_autonomous_driving/data/part1/crops/00002762_2762_pickup_truck.jpg,pickup_truck,6,00002762,149,78,326,152,v3_no_ambiguous
/Users/sameerkarur/Documents/Git/Data_science/07_IITK_AIML_Capstone/project1_autonomous_driving/data/part1/crops/00003774_2763_car.jpg,car,3,00003774,131,130,241,175,v3_no_ambiguous
/Users/sameerkarur/Documents/Git/Data_science/07_IITK_AIML_Capstone/project1_autonomous_driving/data/part1/crops/00001636_2764_pedestrian.jpg,pedestrian,5,00001636,91,211,130,279,v3_no_ambiguous
/Users/sameerkarur/Documents/Git/Data_science/07_IITK_AIML_Capstone/project1_autonomous_driving/data/part1/crops/00005463_2765_car.jpg,car,3,00005463,439,210,521,316,v3_no_ambiguous
/Users/sameerkarur/Documents/Git/Data_science/07_IITK_AIML_Capstone/project1_autonomous_driving/data/part1/crops/00004189_2766_work_van.jpg,work_van,8,00004189,361,141,442,196,v3_no_ambiguous
/Users/sameerkarur/Documents/Git/Data_science/07_IITK_AIML_Capstone/project1_autonomous_driving/data/part1/crops/00001791_2767_pedestrian.jpg,pedestrian,5,00001791,243,399,337,479,v3_no_ambiguous
/Users/sameerkarur/Documents/Git/Data_science/07_IITK_AIML_Capstone/project1_autonomous_driving/data/part1/crops/00003118_2768_bicycle.jpg,bicycle,1,00003118,411,198,507,284,v3_no_ambiguous
/Users/sameerkarur/Documents/Git/Data_science/07_IITK_AIML_Capstone/project1_autonomous_driving/data/part1/crops/00000651_2769_pedestrian.jpg,pedestrian,5,00000651,152,27,176,61,v3_no_ambiguous
/Users/sameerkarur/Documents/Git/Data_science/07_IITK_AIML_Capstone/project1_autonomous_driving/data/part1/crops/00000339_2770_bus.jpg,bus,2,00000339,0,103,474,306,v3_no_ambiguous
/Users/sameerkarur/Documents/Git/Data_science/07_IITK_AIML_Capstone/project1_autonomous_driving/data/part1/crops/00003405_2771_pickup_truck.jpg,pickup_truck,6,00003405,422,162,509,218,v3_no_ambiguous
/Users/sameerkarur/Documents/Git/Data_science/07_IITK_AIML_Capstone/project1_autonomous_driving/data/part1/crops/00001262_2772_work_van.jpg,work_van,8,00001262,158,45,212,79,v3_no_ambiguous
/Users/sameerkarur/Documents/Git/Data_science/07_IITK_AIML_Capstone/project1_autonomous_driving/data/part1/crops/00000523_2773_pickup_truck.jpg,pickup_truck,6,00000523,232,47,338,91,v3_no_ambiguous
/Users/sameerkarur/Documents/Git/Data_science/07_IITK_AIML_Capstone/project1_autonomous_driving/data/part1/crops/00005122_2774_car.jpg,car,3,00005122,444,234,708,360,v3_no_ambiguous
/Users/sameerkarur/Documents/Git/Data_science/07_IITK_AIML_Capstone/project1_autonomous_driving/data/part1/crops/00003450_2775_bus.jpg,bus,2,00003450,31,157,109,228,v3_no_ambiguous
/Users/sameerkarur/Documents/Git/Data_science/07_IITK_AIML_Capstone/project1_autonomous_driving/data/part1/crops/00000073_2776_bicycle.jpg,bicycle,1,00000073,84,376,237,470,v3_no_ambiguous
/Users/sameerkarur/Documents/Git/Data_science/07_IITK_AIML_Capstone/project1_autonomous_driving/data/part1/crops/00003167_2777_articulated_truck.jpg,articulated_truck,0,00003167,1,38,248,159,v3_no_ambiguous
/Users/sameerkarur/Documents/Git/Data_science/07_IITK_AIML_Capstone/project1_autonomous_driving/data/part1/crops/00003918_2778_single_unit_truck.jpg,single_unit_truck,7,00003918,265,29,385,77,v3_no_ambiguous
/Users/sameerkarur/Documents/Git/Data_science/07_IITK_AIML_Capstone/project1_autonomous_driving/data/part1/crops/00005522_2779_car.jpg,car,3,00005522,194,0,247,38,v3_no_ambiguous
/Users/sameerkarur/Documents/Git/Data_science/07_IITK_AIML_Capstone/project1_autonomous_driving/data/part1/crops/00003628_2780_articulated_truck.jpg,articulated_truck,0,00003628,156,146,630,381,v3_no_ambiguous
/Users/sameerkarur/Documents/Git/Data_science/07_IITK_AIML_Capstone/project1_autonomous_driving/data/part1/crops/00001241_2781_bus.jpg,bus,2,00001241,113,146,177,180,v3_no_ambiguous
/Users/sameerkarur/Documents/Git/Data_science/07_IITK_AIML_Capstone/project1_autonomous_driving/data/part1/crops/00002352_2782_pedestrian.jpg,pedestrian,5,00002352,337,347,399,451,v3_no_ambiguous
/Users/sameerkarur/Documents/Git/Data_science/07_IITK_AIML_Capstone/project1_autonomous_driving/data/part1/crops/00003157_2783_bicycle.jpg,bicycle,1,00003157,306,121,335,171,v3_no_ambiguous
/Users/sameerkarur/Documents/Git/Data_science/07_IITK_AIML_Capstone/project1_autonomous_driving/data/part1/crops/00001065_2784_bus.jpg,bus,2,00001065,365,143,401,167,v3_no_ambiguous
/Users/sameerkarur/Documents/Git/Data_science/07_IITK_AIML_Capstone/project1_autonomous_driving/data/part1/crops/00003388_2785_articulated_truck.jpg,articulated_truck,0,00003388,2,35,242,141,v3_no_ambiguous
/Users/sameerkarur/Documents/Git/Data_science/07_IITK_AIML_Capstone/project1_autonomous_driving/data/part1/crops/00004472_2786_pedestrian.jpg,pedestrian,5,00004472,42,364,79,427,v3_no_ambiguous
/Users/sameerkarur/Documents/Git/Data_science/07_IITK_AIML_Capstone/project1_autonomous_driving/data/part1/crops/00004261_2787_car.jpg,car,3,00004261,216,90,283,120,v3_no_ambiguous
/Users/sameerkarur/Documents/Git/Data_science/07_IITK_AIML_Capstone/project1_autonomous_driving/data/part1/crops/00001570_2788_pedestrian.jpg,pedestrian,5,00001570,350,218,376,273,v3_no_ambiguous
/Users/sameerkarur/Documents/Git/Data_science/07_IITK_AIML_Capstone/project1_autonomous_driving/data/part1/crops/00003453_2789_motorcycle.jpg,motorcycle,4,00003453,609,251,700,318,v3_no_ambiguous
/Users/sameerkarur/Documents/Git/Data_science/07_IITK_AIML_Capstone/project1_autonomous_driving/data/part1/crops/00004198_2790_single_unit_truck.jpg,single_unit_truck,7,00004198,454,19,707,178,v3_no_ambiguous
/Users/sameerkarur/Documents/Git/Data_science/07_IITK_AIML_Capstone/project1_autonomous_driving/data/part1/crops/00002853_2791_single_unit_truck.jpg,single_unit_truck,7,00002853,150,67,365,175,v3_no_ambiguous
/Users/sameerkarur/Documents/Git/Data_science/07_IITK_AIML_Capstone/project1_autonomous_driving/data/part1/crops/00001256_2792_work_van.jpg,work_van,8,00001256,38,51,86,75,v3_no_ambiguous
/Users/sameerkarur/Documents/Git/Data_science/07_IITK_AIML_Capstone/project1_autonomous_driving/data/part1/crops/00003687_2793_bicycle.jpg,bicycle,1,00003687,521,142,564,198,v3_no_ambiguous
/Users/sameerkarur/Documents/Git/Data_science/07_IITK_AIML_Capstone/project1_autonomous_driving/data/part1/crops/00000211_2794_car.jpg,car,3,00000211,47,162,220,257,v3_no_ambiguous
/Users/sameerkarur/Documents/Git/Data_science/07_IITK_AIML_Capstone/project1_autonomous_driving/data/part1/crops/00002666_2795_bus.jpg,bus,2,00002666,331,192,546,337,v3_no_ambiguous
/Users/sameerkarur/Documents/Git/Data_science/07_IITK_AIML_Capstone/project1_autonomous_driving/data/part1/crops/00000158_2796_pickup_truck.jpg,pickup_truck,6,00000158,153,268,573,430,v3_no_ambiguous
/Users/sameerkarur/Documents/Git/Data_science/07_IITK_AIML_Capstone/project1_autonomous_driving/data/part1/crops/00004166_2797_single_unit_truck.jpg,single_unit_truck,7,00004166,200,33,279,67,v3_no_ambiguous
/Users/sameerkarur/Documents/Git/Data_science/07_IITK_AIML_Capstone/project1_autonomous_driving/data/part1/crops/00000374_2798_motorcycle.jpg,motorcycle,4,00000374,505,131,531,168,v3_no_ambiguous
/Users/sameerkarur/Documents/Git/Data_science/07_IITK_AIML_Capstone/project1_autonomous_driving/data/part1/crops/00004845_2799_car.jpg,car,3,00004845,330,324,561,478,v3_no_ambiguous
/Users/sameerkarur/Documents/Git/Data_science/07_IITK_AIML_Capstone/project1_autonomous_driving/data/part1/crops/00000608_2800_single_unit_truck.jpg,single_unit_truck,7,00000608,263,44,317,69,v3_no_ambiguous
/Users/sameerkarur/Documents/Git/Data_science/07_IITK_AIML_Capstone/project1_autonomous_driving/data/part1/crops/00002363_2801_car.jpg,car,3,00002363,151,167,347,358,v3_no_ambiguous
/Users/sameerkarur/Documents/Git/Data_science/07_IITK_AIML_Capstone/project1_autonomous_driving/data/part1/crops/00001032_2802_articulated_truck.jpg,articulated_truck,0,00001032,458,3,537,32,v3_no_ambiguous
/Users/sameerkarur/Documents/Git/Data_science/07_IITK_AIML_Capstone/project1_autonomous_driving/data/part1/crops/00005162_2803_pickup_truck.jpg,pickup_truck,6,00005162,546,106,712,245,v3_no_ambiguous
/Users/sameerkarur/Documents/Git/Data_science/07_IITK_AIML_Capstone/project1_autonomous_driving/data/part1/crops/00005630_2804_pickup_truck.jpg,pickup_truck,6,00005630,127,106,534,266,v3_no_ambiguous
/Users/sameerkarur/Documents/Git/Data_science/07_IITK_AIML_Capstone/project1_autonomous_driving/data/part1/crops/00004049_2805_car.jpg,car,3,00004049,103,33,164,57,v3_no_ambiguous
/Users/sameerkarur/Documents/Git/Data_science/07_IITK_AIML_Capstone/project1_autonomous_driving/data/part1/crops/00004093_2806_car.jpg,car,3,00004093,133,38,250,100,v3_no_ambiguous
/Users/sameerkarur/Documents/Git/Data_science/07_IITK_AIML_Capstone/project1_autonomous_driving/data/part1/crops/00003109_2807_car.jpg,car,3,00003109,382,49,424,77,v3_no_ambiguous
/Users/sameerkarur/Documents/Git/Data_science/07_IITK_AIML_Capstone/project1_autonomous_driving/data/part1/crops/00005493_2808_pickup_truck.jpg,pickup_truck,6,00005493,354,51,582,182,v3_no_ambiguous
/Users/sameerkarur/Documents/Git/Data_science/07_IITK_AIML_Capstone/project1_autonomous_driving/data/part1/crops/00000369_2809_car.jpg,car,3,00000369,581,163,642,190,v3_no_ambiguous
/Users/sameerkarur/Documents/Git/Data_science/07_IITK_AIML_Capstone/project1_autonomous_driving/data/part1/crops/00004685_2810_bicycle.jpg,bicycle,1,00004685,530,53,612,126,v3_no_ambiguous
/Users/sameerkarur/Documents/Git/Data_science/07_IITK_AIML_Capstone/project1_autonomous_driving/data/part1/crops/00005047_2811_bus.jpg,bus,2,00005047,107,81,267,141,v3_no_ambiguous
/Users/sameerkarur/Documents/Git/Data_science/07_IITK_AIML_Capstone/project1_autonomous_driving/data/part1/crops/00000515_2812_bicycle.jpg,bicycle,1,00000515,264,125,308,214,v3_no_ambiguous
/Users/sameerkarur/Documents/Git/Data_science/07_IITK_AIML_Capstone/project1_autonomous_driving/data/part1/crops/00005562_2813_articulated_truck.jpg,articulated_truck,0,00005562,560,201,708,280,v3_no_ambiguous
/Users/sameerkarur/Documents/Git/Data_science/07_IITK_AIML_Capstone/project1_autonomous_driving/data/part1/crops/00000607_2814_pickup_truck.jpg,pickup_truck,6,00000607,238,163,370,241,v3_no_ambiguous
/Users/sameerkarur/Documents/Git/Data_science/07_IITK_AIML_Capstone/project1_autonomous_driving/data/part1/crops/00001985_2815_pedestrian.jpg,pedestrian,5,00001985,331,416,415,471,v3_no_ambiguous
/Users/sameerkarur/Documents/Git/Data_science/07_IITK_AIML_Capstone/project1_autonomous_driving/data/part1/crops/00004753_2816_car.jpg,car,3,00004753,352,66,520,153,v3_no_ambiguous
/Users/sameerkarur/Documents/Git/Data_science/07_IITK_AIML_Capstone/project1_autonomous_driving/data/part1/crops/00003459_2817_work_van.jpg,work_van,8,00003459,104,77,243,145,v3_no_ambiguous
/Users/sameerkarur/Documents/Git/Data_science/07_IITK_AIML_Capstone/project1_autonomous_driving/data/part1/crops/00004847_2818_bus.jpg,bus,2,00004847,1,98,207,338,v3_no_ambiguous
/Users/sameerkarur/Documents/Git/Data_science/07_IITK_AIML_Capstone/project1_autonomous_driving/data/part1/crops/00004355_2819_car.jpg,car,3,00004355,493,156,566,203,v3_no_ambiguous
/Users/sameerkarur/Documents/Git/Data_science/07_IITK_AIML_Capstone/project1_autonomous_driving/data/part1/crops/00000760_2820_articulated_truck.jpg,articulated_truck,0,00000760,597,84,712,127,v3_no_ambiguous
/Users/sameerkarur/Documents/Git/Data_science/07_IITK_AIML_Capstone/project1_autonomous_driving/data/part1/crops/00004831_2821_bus.jpg,bus,2,00004831,99,136,562,364,v3_no_ambiguous
/Users/sameerkarur/Documents/Git/Data_science/07_IITK_AIML_Capstone/project1_autonomous_driving/data/part1/crops/00001518_2822_work_van.jpg,work_van,8,00001518,471,185,582,401,v3_no_ambiguous
/Users/sameerkarur/Documents/Git/Data_science/07_IITK_AIML_Capstone/project1_autonomous_driving/data/part1/crops/00000026_2823_single_unit_truck.jpg,single_unit_truck,7,00000026,163,40,216,68,v3_no_ambiguous
/Users/sameerkarur/Documents/Git/Data_science/07_IITK_AIML_Capstone/project1_autonomous_driving/data/part1/crops/00002456_2824_car.jpg,car,3,00002456,145,41,194,66,v3_no_ambiguous
/Users/sameerkarur/Documents/Git/Data_science/07_IITK_AIML_Capstone/project1_autonomous_driving/data/part1/crops/00003027_2825_articulated_truck.jpg,articulated_truck,0,00003027,618,93,711,128,v3_no_ambiguous
/Users/sameerkarur/Documents/Git/Data_science/07_IITK_AIML_Capstone/project1_autonomous_driving/data/part1/crops/00004150_2826_pedestrian.jpg,pedestrian,5,00004150,584,123,608,164,v3_no_ambiguous
/Users/sameerkarur/Documents/Git/Data_science/07_IITK_AIML_Capstone/project1_autonomous_driving/data/part1/crops/00005380_2827_articulated_truck.jpg,articulated_truck,0,00005380,569,90,687,122,v3_no_ambiguous
/Users/sameerkarur/Documents/Git/Data_science/07_IITK_AIML_Capstone/project1_autonomous_driving/data/part1/crops/00004278_2828_car.jpg,car,3,00004278,143,47,235,86,v3_no_ambiguous
/Users/sameerkarur/Documents/Git/Data_science/07_IITK_AIML_Capstone/project1_autonomous_driving/data/part1/crops/00001542_2829_single_unit_truck.jpg,single_unit_truck,7,00001542,436,56,493,111,v3_no_ambiguous
/Users/sameerkarur/Documents/Git/Data_science/07_IITK_AIML_Capstone/project1_autonomous_driving/data/part1/crops/00003623_2830_work_van.jpg,work_van,8,00003623,106,214,296,375,v3_no_ambiguous
/Users/sameerkarur/Documents/Git/Data_science/07_IITK_AIML_Capstone/project1_autonomous_driving/data/part1/crops/00003756_2831_single_unit_truck.jpg,single_unit_truck,7,00003756,284,97,376,143,v3_no_ambiguous
/Users/sameerkarur/Documents/Git/Data_science/07_IITK_AIML_Capstone/project1_autonomous_driving/data/part1/crops/00000196_2832_work_van.jpg,work_van,8,00000196,159,168,222,273,v3_no_ambiguous
/Users/sameerkarur/Documents/Git/Data_science/07_IITK_AIML_Capstone/project1_autonomous_driving/data/part1/crops/00000142_2833_articulated_truck.jpg,articulated_truck,0,00000142,177,35,639,140,v3_no_ambiguous
/Users/sameerkarur/Documents/Git/Data_science/07_IITK_AIML_Capstone/project1_autonomous_driving/data/part1/crops/00001508_2834_pickup_truck.jpg,pickup_truck,6,00001508,550,178,616,206,v3_no_ambiguous
/Users/sameerkarur/Documents/Git/Data_science/07_IITK_AIML_Capstone/project1_autonomous_driving/data/part1/crops/00001663_2835_car.jpg,car,3,00001663,192,74,279,119,v3_no_ambiguous
/Users/sameerkarur/Documents/Git/Data_science/07_IITK_AIML_Capstone/project1_autonomous_driving/data/part1/crops/00001423_2836_car.jpg,car,3,00001423,193,3,256,33,v3_no_ambiguous
/Users/sameerkarur/Documents/Git/Data_science/07_IITK_AIML_Capstone/project1_autonomous_driving/data/part1/crops/00005454_2837_bus.jpg,bus,2,00005454,251,124,707,270,v3_no_ambiguous
/Users/sameerkarur/Documents/Git/Data_science/07_IITK_AIML_Capstone/project1_autonomous_driving/data/part1/crops/00003492_2838_articulated_truck.jpg,articulated_truck,0,00003492,596,87,711,127,v3_no_ambiguous
/Users/sameerkarur/Documents/Git/Data_science/07_IITK_AIML_Capstone/project1_autonomous_driving/data/part1/crops/00003920_2839_car.jpg,car,3,00003920,162,203,246,250,v3_no_ambiguous
/Users/sameerkarur/Documents/Git/Data_science/07_IITK_AIML_Capstone/project1_autonomous_driving/data/part1/crops/00000118_2840_bicycle.jpg,bicycle,1,00000118,251,124,288,187,v3_no_ambiguous
/Users/sameerkarur/Documents/Git/Data_science/07_IITK_AIML_Capstone/project1_autonomous_driving/data/part1/crops/00000709_2841_car.jpg,car,3,00000709,1,136,96,200,v3_no_ambiguous
/Users/sameerkarur/Documents/Git/Data_science/07_IITK_AIML_Capstone/project1_autonomous_driving/data/part1/crops/00001429_2842_bus.jpg,bus,2,00001429,516,113,712,212,v3_no_ambiguous
/Users/sameerkarur/Documents/Git/Data_science/07_IITK_AIML_Capstone/project1_autonomous_driving/data/part1/crops/00001997_2843_work_van.jpg,work_van,8,00001997,431,47,463,76,v3_no_ambiguous
/Users/sameerkarur/Documents/Git/Data_science/07_IITK_AIML_Capstone/project1_autonomous_driving/data/part1/crops/00004941_2844_pickup_truck.jpg,pickup_truck,6,00004941,95,103,201,146,v3_no_ambiguous
/Users/sameerkarur/Documents/Git/Data_science/07_IITK_AIML_Capstone/project1_autonomous_driving/data/part1/crops/00002382_2845_pickup_truck.jpg,pickup_truck,6,00002382,205,62,291,102,v3_no_ambiguous
/Users/sameerkarur/Documents/Git/Data_science/07_IITK_AIML_Capstone/project1_autonomous_driving/data/part1/crops/00004499_2846_car.jpg,car,3,00004499,267,177,505,401,v3_no_ambiguous
/Users/sameerkarur/Documents/Git/Data_science/07_IITK_AIML_Capstone/project1_autonomous_driving/data/part1/crops/00003424_2847_pickup_truck.jpg,pickup_truck,6,00003424,108,115,291,199,v3_no_ambiguous
/Users/sameerkarur/Documents/Git/Data_science/07_IITK_AIML_Capstone/project1_autonomous_driving/data/part1/crops/00001566_2848_car.jpg,car,3,00001566,218,321,428,447,v3_no_ambiguous
/Users/sameerkarur/Documents/Git/Data_science/07_IITK_AIML_Capstone/project1_autonomous_driving/data/part1/crops/00000470_2849_pickup_truck.jpg,pickup_truck,6,00000470,213,103,337,166,v3_no_ambiguous
/Users/sameerkarur/Documents/Git/Data_science/07_IITK_AIML_Capstone/project1_autonomous_driving/data/part1/crops/00003616_2850_car.jpg,car,3,00003616,606,145,642,184,v3_no_ambiguous
/Users/sameerkarur/Documents/Git/Data_science/07_IITK_AIML_Capstone/project1_autonomous_driving/data/part1/crops/00001527_2851_bus.jpg,bus,2,00001527,251,100,443,256,v3_no_ambiguous
/Users/sameerkarur/Documents/Git/Data_science/07_IITK_AIML_Capstone/project1_autonomous_driving/data/part1/crops/00000526_2852_articulated_truck.jpg,articulated_truck,0,00000526,114,136,506,337,v3_no_ambiguous
/Users/sameerkarur/Documents/Git/Data_science/07_IITK_AIML_Capstone/project1_autonomous_driving/data/part1/crops/00000382_2853_bus.jpg,bus,2,00000382,17,178,550,479,v3_no_ambiguous
/Users/sameerkarur/Documents/Git/Data_science/07_IITK_AIML_Capstone/project1_autonomous_driving/data/part1/crops/00004616_2854_pickup_truck.jpg,pickup_truck,6,00004616,408,141,485,190,v3_no_ambiguous
/Users/sameerkarur/Documents/Git/Data_science/07_IITK_AIML_Capstone/project1_autonomous_driving/data/part1/crops/00005313_2855_bus.jpg,bus,2,00005313,263,102,546,314,v3_no_ambiguous
/Users/sameerkarur/Documents/Git/Data_science/07_IITK_AIML_Capstone/project1_autonomous_driving/data/part1/crops/00000404_2856_pickup_truck.jpg,pickup_truck,6,00000404,523,190,713,307,v3_no_ambiguous
/Users/sameerkarur/Documents/Git/Data_science/07_IITK_AIML_Capstone/project1_autonomous_driving/data/part1/crops/00000906_2857_single_unit_truck.jpg,single_unit_truck,7,00000906,18,180,67,224,v3_no_ambiguous
/Users/sameerkarur/Documents/Git/Data_science/07_IITK_AIML_Capstone/project1_autonomous_driving/data/part1/crops/00002868_2858_pickup_truck.jpg,pickup_truck,6,00002868,487,175,713,360,v3_no_ambiguous
/Users/sameerkarur/Documents/Git/Data_science/07_IITK_AIML_Capstone/project1_autonomous_driving/data/part1/crops/00004468_2859_car.jpg,car,3,00004468,283,180,420,295,v3_no_ambiguous
/Users/sameerkarur/Documents/Git/Data_science/07_IITK_AIML_Capstone/project1_autonomous_driving/data/part1/crops/00003113_2860_car.jpg,car,3,00003113,348,114,380,142,v3_no_ambiguous
/Users/sameerkarur/Documents/Git/Data_science/07_IITK_AIML_Capstone/project1_autonomous_driving/data/part1/crops/00005375_2861_car.jpg,car,3,00005375,388,199,455,240,v3_no_ambiguous
/Users/sameerkarur/Documents/Git/Data_science/07_IITK_AIML_Capstone/project1_autonomous_driving/data/part1/crops/00005369_2862_articulated_truck.jpg,articulated_truck,0,00005369,30,35,337,226,v3_no_ambiguous
/Users/sameerkarur/Documents/Git/Data_science/07_IITK_AIML_Capstone/project1_autonomous_driving/data/part1/crops/00004940_2863_bus.jpg,bus,2,00004940,268,43,530,285,v3_no_ambiguous
/Users/sameerkarur/Documents/Git/Data_science/07_IITK_AIML_Capstone/project1_autonomous_driving/data/part1/crops/00005100_2864_articulated_truck.jpg,articulated_truck,0,00005100,239,185,715,454,v3_no_ambiguous
/Users/sameerkarur/Documents/Git/Data_science/07_IITK_AIML_Capstone/project1_autonomous_driving/data/part1/crops/00001134_2865_car.jpg,car,3,00001134,630,177,678,222,v3_no_ambiguous
/Users/sameerkarur/Documents/Git/Data_science/07_IITK_AIML_Capstone/project1_autonomous_driving/data/part1/crops/00003009_2866_pickup_truck.jpg,pickup_truck,6,00003009,133,58,187,87,v3_no_ambiguous
/Users/sameerkarur/Documents/Git/Data_science/07_IITK_AIML_Capstone/project1_autonomous_driving/data/part1/crops/00003094_2867_pickup_truck.jpg,pickup_truck,6,00003094,209,202,533,362,v3_no_ambiguous
/Users/sameerkarur/Documents/Git/Data_science/07_IITK_AIML_Capstone/project1_autonomous_driving/data/part1/crops/00002246_2868_car.jpg,car,3,00002246,27,313,190,424,v3_no_ambiguous
/Users/sameerkarur/Documents/Git/Data_science/07_IITK_AIML_Capstone/project1_autonomous_driving/data/part1/crops/00004789_2869_car.jpg,car,3,00004789,317,244,557,362,v3_no_ambiguous
/Users/sameerkarur/Documents/Git/Data_science/07_IITK_AIML_Capstone/project1_autonomous_driving/data/part1/crops/00004465_2870_bicycle.jpg,bicycle,1,00004465,434,91,459,148,v3_no_ambiguous
/Users/sameerkarur/Documents/Git/Data_science/07_IITK_AIML_Capstone/project1_autonomous_driving/data/part1/crops/00003505_2871_single_unit_truck.jpg,single_unit_truck,7,00003505,422,136,508,219,v3_no_ambiguous
/Users/sameerkarur/Documents/Git/Data_science/07_IITK_AIML_Capstone/project1_autonomous_driving/data/part1/crops/00001065_2872_car.jpg,car,3,00001065,652,174,702,207,v3_no_ambiguous
/Users/sameerkarur/Documents/Git/Data_science/07_IITK_AIML_Capstone/project1_autonomous_driving/data/part1/crops/00004241_2873_single_unit_truck.jpg,single_unit_truck,7,00004241,277,49,311,76,v3_no_ambiguous
/Users/sameerkarur/Documents/Git/Data_science/07_IITK_AIML_Capstone/project1_autonomous_driving/data/part1/crops/00005386_2874_car.jpg,car,3,00005386,264,113,327,155,v3_no_ambiguous
/Users/sameerkarur/Documents/Git/Data_science/07_IITK_AIML_Capstone/project1_autonomous_driving/data/part1/crops/00004403_2875_car.jpg,car,3,00004403,139,119,173,148,v3_no_ambiguous
/Users/sameerkarur/Documents/Git/Data_science/07_IITK_AIML_Capstone/project1_autonomous_driving/data/part1/crops/00004655_2876_motorcycle.jpg,motorcycle,4,00004655,103,120,156,159,v3_no_ambiguous
/Users/sameerkarur/Documents/Git/Data_science/07_IITK_AIML_Capstone/project1_autonomous_driving/data/part1/crops/00004588_2877_car.jpg,car,3,00004588,563,177,609,205,v3_no_ambiguous
/Users/sameerkarur/Documents/Git/Data_science/07_IITK_AIML_Capstone/project1_autonomous_driving/data/part1/crops/00003799_2878_work_van.jpg,work_van,8,00003799,155,84,288,159,v3_no_ambiguous
/Users/sameerkarur/Documents/Git/Data_science/07_IITK_AIML_Capstone/project1_autonomous_driving/data/part1/crops/00001386_2879_car.jpg,car,3,00001386,255,124,283,160,v3_no_ambiguous
/Users/sameerkarur/Documents/Git/Data_science/07_IITK_AIML_Capstone/project1_autonomous_driving/data/part1/crops/00003575_2880_car.jpg,car,3,00003575,627,181,680,227,v3_no_ambiguous
/Users/sameerkarur/Documents/Git/Data_science/07_IITK_AIML_Capstone/project1_autonomous_driving/data/part1/crops/00001933_2881_car.jpg,car,3,00001933,245,58,318,93,v3_no_ambiguous
/Users/sameerkarur/Documents/Git/Data_science/07_IITK_AIML_Capstone/project1_autonomous_driving/data/part1/crops/00001789_2882_work_van.jpg,work_van,8,00001789,83,196,277,321,v3_no_ambiguous
/Users/sameerkarur/Documents/Git/Data_science/07_IITK_AIML_Capstone/project1_autonomous_driving/data/part1/crops/00002134_2883_work_van.jpg,work_van,8,00002134,267,13,340,54,v3_no_ambiguous
/Users/sameerkarur/Documents/Git/Data_science/07_IITK_AIML_Capstone/project1_autonomous_driving/data/part1/crops/00000998_2884_articulated_truck.jpg,articulated_truck,0,00000998,0,161,205,392,v3_no_ambiguous
/Users/sameerkarur/Documents/Git/Data_science/07_IITK_AIML_Capstone/project1_autonomous_driving/data/part1/crops/00000745_2885_car.jpg,car,3,00000745,556,180,713,265,v3_no_ambiguous
/Users/sameerkarur/Documents/Git/Data_science/07_IITK_AIML_Capstone/project1_autonomous_driving/data/part1/crops/00003369_2886_bus.jpg,bus,2,00003369,312,160,710,382,v3_no_ambiguous
/Users/sameerkarur/Documents/Git/Data_science/07_IITK_AIML_Capstone/project1_autonomous_driving/data/part1/crops/00004658_2887_car.jpg,car,3,00004658,90,64,154,90,v3_no_ambiguous
/Users/sameerkarur/Documents/Git/Data_science/07_IITK_AIML_Capstone/project1_autonomous_driving/data/part1/crops/00005191_2888_pedestrian.jpg,pedestrian,5,00005191,7,394,93,465,v3_no_ambiguous
/Users/sameerkarur/Documents/Git/Data_science/07_IITK_AIML_Capstone/project1_autonomous_driving/data/part1/crops/00001121_2889_pickup_truck.jpg,pickup_truck,6,00001121,560,184,644,229,v3_no_ambiguous
/Users/sameerkarur/Documents/Git/Data_science/07_IITK_AIML_Capstone/project1_autonomous_driving/data/part1/crops/00005330_2890_work_van.jpg,work_van,8,00005330,74,45,113,71,v3_no_ambiguous
/Users/sameerkarur/Documents/Git/Data_science/07_IITK_AIML_Capstone/project1_autonomous_driving/data/part1/crops/00005300_2891_motorcycle.jpg,motorcycle,4,00005300,584,212,615,260,v3_no_ambiguous
/Users/sameerkarur/Documents/Git/Data_science/07_IITK_AIML_Capstone/project1_autonomous_driving/data/part1/crops/00001835_2892_articulated_truck.jpg,articulated_truck,0,00001835,504,1,627,35,v3_no_ambiguous
/Users/sameerkarur/Documents/Git/Data_science/07_IITK_AIML_Capstone/project1_autonomous_driving/data/part1/crops/00003386_2893_car.jpg,car,3,00003386,610,168,651,209,v3_no_ambiguous
/Users/sameerkarur/Documents/Git/Data_science/07_IITK_AIML_Capstone/project1_autonomous_driving/data/part1/crops/00000477_2894_bus.jpg,bus,2,00000477,1,131,391,479,v3_no_ambiguous
/Users/sameerkarur/Documents/Git/Data_science/07_IITK_AIML_Capstone/project1_autonomous_driving/data/part1/crops/00003609_2895_bus.jpg,bus,2,00003609,200,76,596,390,v3_no_ambiguous
/Users/sameerkarur/Documents/Git/Data_science/07_IITK_AIML_Capstone/project1_autonomous_driving/data/part1/crops/00003588_2896_bus.jpg,bus,2,00003588,231,66,536,283,v3_no_ambiguous
/Users/sameerkarur/Documents/Git/Data_science/07_IITK_AIML_Capstone/project1_autonomous_driving/data/part1/crops/00000369_2897_car.jpg,car,3,00000369,540,241,635,296,v3_no_ambiguous
/Users/sameerkarur/Documents/Git/Data_science/07_IITK_AIML_Capstone/project1_autonomous_driving/data/part1/crops/00000207_2898_car.jpg,car,3,00000207,437,164,489,190,v3_no_ambiguous
/Users/sameerkarur/Documents/Git/Data_science/07_IITK_AIML_Capstone/project1_autonomous_driving/data/part1/crops/00004020_2899_bus.jpg,bus,2,00004020,448,173,641,424,v3_no_ambiguous
/Users/sameerkarur/Documents/Git/Data_science/07_IITK_AIML_Capstone/project1_autonomous_driving/data/part1/crops/00005077_2900_work_van.jpg,work_van,8,00005077,394,86,639,287,v3_no_ambiguous
/Users/sameerkarur/Documents/Git/Data_science/07_IITK_AIML_Capstone/project1_autonomous_driving/data/part1/crops/00003185_2901_pickup_truck.jpg,pickup_truck,6,00003185,423,297,641,419,v3_no_ambiguous
/Users/sameerkarur/Documents/Git/Data_science/07_IITK_AIML_Capstone/project1_autonomous_driving/data/part1/crops/00002016_2902_car.jpg,car,3,00002016,125,204,218,262,v3_no_ambiguous
/Users/sameerkarur/Documents/Git/Data_science/07_IITK_AIML_Capstone/project1_autonomous_driving/data/part1/crops/00002569_2903_pickup_truck.jpg,pickup_truck,6,00002569,639,118,713,153,v3_no_ambiguous
/Users/sameerkarur/Documents/Git/Data_science/07_IITK_AIML_Capstone/project1_autonomous_driving/data/part1/crops/00001095_2904_car.jpg,car,3,00001095,466,223,544,319,v3_no_ambiguous
/Users/sameerkarur/Documents/Git/Data_science/07_IITK_AIML_Capstone/project1_autonomous_driving/data/part1/crops/00000318_2905_car.jpg,car,3,00000318,624,193,711,231,v3_no_ambiguous
/Users/sameerkarur/Documents/Git/Data_science/07_IITK_AIML_Capstone/project1_autonomous_driving/data/part1/crops/00001166_2906_bus.jpg,bus,2,00001166,1,140,397,478,v3_no_ambiguous
/Users/sameerkarur/Documents/Git/Data_science/07_IITK_AIML_Capstone/project1_autonomous_driving/data/part1/crops/00003859_2907_bus.jpg,bus,2,00003859,0,156,557,479,v3_no_ambiguous
/Users/sameerkarur/Documents/Git/Data_science/07_IITK_AIML_Capstone/project1_autonomous_driving/data/part1/crops/00004362_2908_work_van.jpg,work_van,8,00004362,420,3,497,27,v3_no_ambiguous
/Users/sameerkarur/Documents/Git/Data_science/07_IITK_AIML_Capstone/project1_autonomous_driving/data/part1/crops/00002420_2909_pickup_truck.jpg,pickup_truck,6,00002420,253,81,572,249,v3_no_ambiguous
/Users/sameerkarur/Documents/Git/Data_science/07_IITK_AIML_Capstone/project1_autonomous_driving/data/part1/crops/00004054_2910_car.jpg,car,3,00004054,494,86,667,172,v3_no_ambiguous
/Users/sameerkarur/Documents/Git/Data_science/07_IITK_AIML_Capstone/project1_autonomous_driving/data/part1/crops/00003012_2911_single_unit_truck.jpg,single_unit_truck,7,00003012,147,26,218,69,v3_no_ambiguous
/Users/sameerkarur/Documents/Git/Data_science/07_IITK_AIML_Capstone/project1_autonomous_driving/data/part1/crops/00002659_2912_single_unit_truck.jpg,single_unit_truck,7,00002659,90,33,256,107,v3_no_ambiguous
/Users/sameerkarur/Documents/Git/Data_science/07_IITK_AIML_Capstone/project1_autonomous_driving/data/part1/crops/00000991_2913_single_unit_truck.jpg,single_unit_truck,7,00000991,532,21,712,158,v3_no_ambiguous
/Users/sameerkarur/Documents/Git/Data_science/07_IITK_AIML_Capstone/project1_autonomous_driving/data/part1/crops/00004848_2914_bus.jpg,bus,2,00004848,311,81,538,152,v3_no_ambiguous
/Users/sameerkarur/Documents/Git/Data_science/07_IITK_AIML_Capstone/project1_autonomous_driving/data/part1/crops/00002313_2915_articulated_truck.jpg,articulated_truck,0,00002313,355,113,712,398,v3_no_ambiguous
/Users/sameerkarur/Documents/Git/Data_science/07_IITK_AIML_Capstone/project1_autonomous_driving/data/part1/crops/00000497_2916_articulated_truck.jpg,articulated_truck,0,00000497,132,159,436,337,v3_no_ambiguous
/Users/sameerkarur/Documents/Git/Data_science/07_IITK_AIML_Capstone/project1_autonomous_driving/data/part1/crops/00003472_2917_work_van.jpg,work_van,8,00003472,656,168,713,246,v3_no_ambiguous
/Users/sameerkarur/Documents/Git/Data_science/07_IITK_AIML_Capstone/project1_autonomous_driving/data/part1/crops/00002076_2918_bus.jpg,bus,2,00002076,307,193,544,362,v3_no_ambiguous
/Users/sameerkarur/Documents/Git/Data_science/07_IITK_AIML_Capstone/project1_autonomous_driving/data/part1/crops/00001212_2919_articulated_truck.jpg,articulated_truck,0,00001212,206,0,667,341,v3_no_ambiguous
/Users/sameerkarur/Documents/Git/Data_science/07_IITK_AIML_Capstone/project1_autonomous_driving/data/part1/crops/00004895_2920_work_van.jpg,work_van,8,00004895,8,51,40,75,v3_no_ambiguous
/Users/sameerkarur/Documents/Git/Data_science/07_IITK_AIML_Capstone/project1_autonomous_driving/data/part1/crops/00000941_2921_car.jpg,car,3,00000941,77,44,107,71,v3_no_ambiguous
/Users/sameerkarur/Documents/Git/Data_science/07_IITK_AIML_Capstone/project1_autonomous_driving/data/part1/crops/00004490_2922_pickup_truck.jpg,pickup_truck,6,00004490,262,102,615,292,v3_no_ambiguous
/Users/sameerkarur/Documents/Git/Data_science/07_IITK_AIML_Capstone/project1_autonomous_driving/data/part1/crops/00003358_2923_single_unit_truck.jpg,single_unit_truck,7,00003358,149,129,248,197,v3_no_ambiguous
/Users/sameerkarur/Documents/Git/Data_science/07_IITK_AIML_Capstone/project1_autonomous_driving/data/part1/crops/00004743_2924_car.jpg,car,3,00004743,579,131,716,231,v3_no_ambiguous
/Users/sameerkarur/Documents/Git/Data_science/07_IITK_AIML_Capstone/project1_autonomous_driving/data/part1/crops/00005577_2925_car.jpg,car,3,00005577,505,217,599,277,v3_no_ambiguous
/Users/sameerkarur/Documents/Git/Data_science/07_IITK_AIML_Capstone/project1_autonomous_driving/data/part1/crops/00004885_2926_car.jpg,car,3,00004885,490,111,577,170,v3_no_ambiguous
/Users/sameerkarur/Documents/Git/Data_science/07_IITK_AIML_Capstone/project1_autonomous_driving/data/part1/crops/00002943_2927_articulated_truck.jpg,articulated_truck,0,00002943,562,10,715,102,v3_no_ambiguous
/Users/sameerkarur/Documents/Git/Data_science/07_IITK_AIML_Capstone/project1_autonomous_driving/data/part1/crops/00004553_2928_bus.jpg,bus,2,00004553,263,157,342,255,v3_no_ambiguous
/Users/sameerkarur/Documents/Git/Data_science/07_IITK_AIML_Capstone/project1_autonomous_driving/data/part1/crops/00003042_2929_car.jpg,car,3,00003042,387,202,453,241,v3_no_ambiguous
/Users/sameerkarur/Documents/Git/Data_science/07_IITK_AIML_Capstone/project1_autonomous_driving/data/part1/crops/00005641_2930_bus.jpg,bus,2,00005641,510,108,713,177,v3_no_ambiguous
/Users/sameerkarur/Documents/Git/Data_science/07_IITK_AIML_Capstone/project1_autonomous_driving/data/part1/crops/00000104_2931_single_unit_truck.jpg,single_unit_truck,7,00000104,207,37,263,64,v3_no_ambiguous
/Users/sameerkarur/Documents/Git/Data_science/07_IITK_AIML_Capstone/project1_autonomous_driving/data/part1/crops/00001743_2932_car.jpg,car,3,00001743,489,105,525,131,v3_no_ambiguous
/Users/sameerkarur/Documents/Git/Data_science/07_IITK_AIML_Capstone/project1_autonomous_driving/data/part1/crops/00002029_2933_car.jpg,car,3,00002029,115,39,216,93,v3_no_ambiguous
/Users/sameerkarur/Documents/Git/Data_science/07_IITK_AIML_Capstone/project1_autonomous_driving/data/part1/crops/00000166_2934_car.jpg,car,3,00000166,484,157,718,288,v3_no_ambiguous
/Users/sameerkarur/Documents/Git/Data_science/07_IITK_AIML_Capstone/project1_autonomous_driving/data/part1/crops/00005192_2935_pickup_truck.jpg,pickup_truck,6,00005192,284,49,510,160,v3_no_ambiguous
/Users/sameerkarur/Documents/Git/Data_science/07_IITK_AIML_Capstone/project1_autonomous_driving/data/part1/crops/00000950_2936_work_van.jpg,work_van,8,00000950,351,126,435,162,v3_no_ambiguous
/Users/sameerkarur/Documents/Git/Data_science/07_IITK_AIML_Capstone/project1_autonomous_driving/data/part1/crops/00003345_2937_motorcycle.jpg,motorcycle,4,00003345,253,296,352,380,v3_no_ambiguous
/Users/sameerkarur/Documents/Git/Data_science/07_IITK_AIML_Capstone/project1_autonomous_driving/data/part1/crops/00001949_2938_car.jpg,car,3,00001949,285,61,312,86,v3_no_ambiguous
/Users/sameerkarur/Documents/Git/Data_science/07_IITK_AIML_Capstone/project1_autonomous_driving/data/part1/crops/00000855_2939_car.jpg,car,3,00000855,251,297,535,477,v3_no_ambiguous
/Users/sameerkarur/Documents/Git/Data_science/07_IITK_AIML_Capstone/project1_autonomous_driving/data/part1/crops/00000398_2940_pickup_truck.jpg,pickup_truck,6,00000398,302,65,545,170,v3_no_ambiguous
/Users/sameerkarur/Documents/Git/Data_science/07_IITK_AIML_Capstone/project1_autonomous_driving/data/part1/crops/00004553_2941_work_van.jpg,work_van,8,00004553,424,153,481,203,v3_no_ambiguous
/Users/sameerkarur/Documents/Git/Data_science/07_IITK_AIML_Capstone/project1_autonomous_driving/data/part1/crops/00004123_2942_car.jpg,car,3,00004123,633,178,680,223,v3_no_ambiguous
/Users/sameerkarur/Documents/Git/Data_science/07_IITK_AIML_Capstone/project1_autonomous_driving/data/part1/crops/00005104_2943_pedestrian.jpg,pedestrian,5,00005104,152,4,177,50,v3_no_ambiguous
/Users/sameerkarur/Documents/Git/Data_science/07_IITK_AIML_Capstone/project1_autonomous_driving/data/part1/crops/00001134_2944_single_unit_truck.jpg,single_unit_truck,7,00001134,159,32,239,77,v3_no_ambiguous
/Users/sameerkarur/Documents/Git/Data_science/07_IITK_AIML_Capstone/project1_autonomous_driving/data/part1/crops/00003356_2945_car.jpg,car,3,00003356,188,153,256,195,v3_no_ambiguous
/Users/sameerkarur/Documents/Git/Data_science/07_IITK_AIML_Capstone/project1_autonomous_driving/data/part1/crops/00000043_2946_car.jpg,car,3,00000043,457,60,528,106,v3_no_ambiguous
/Users/sameerkarur/Documents/Git/Data_science/07_IITK_AIML_Capstone/project1_autonomous_driving/data/part1/crops/00000036_2947_car.jpg,car,3,00000036,169,49,275,97,v3_no_ambiguous
/Users/sameerkarur/Documents/Git/Data_science/07_IITK_AIML_Capstone/project1_autonomous_driving/data/part1/crops/00000381_2948_pickup_truck.jpg,pickup_truck,6,00000381,63,95,111,132,v3_no_ambiguous
/Users/sameerkarur/Documents/Git/Data_science/07_IITK_AIML_Capstone/project1_autonomous_driving/data/part1/crops/00004533_2949_car.jpg,car,3,00004533,66,221,186,375,v3_no_ambiguous
/Users/sameerkarur/Documents/Git/Data_science/07_IITK_AIML_Capstone/project1_autonomous_driving/data/part1/crops/00000845_2950_pickup_truck.jpg,pickup_truck,6,00000845,486,395,707,479,v3_no_ambiguous
/Users/sameerkarur/Documents/Git/Data_science/07_IITK_AIML_Capstone/project1_autonomous_driving/data/part1/crops/00002059_2951_bus.jpg,bus,2,00002059,93,161,169,225,v3_no_ambiguous
/Users/sameerkarur/Documents/Git/Data_science/07_IITK_AIML_Capstone/project1_autonomous_driving/data/part1/crops/00003624_2952_pickup_truck.jpg,pickup_truck,6,00003624,121,204,387,375,v3_no_ambiguous
/Users/sameerkarur/Documents/Git/Data_science/07_IITK_AIML_Capstone/project1_autonomous_driving/data/part1/crops/00003164_2953_articulated_truck.jpg,articulated_truck,0,00003164,333,44,693,162,v3_no_ambiguous
/Users/sameerkarur/Documents/Git/Data_science/07_IITK_AIML_Capstone/project1_autonomous_driving/data/part1/crops/00005099_2954_bus.jpg,bus,2,00005099,295,159,427,275,v3_no_ambiguous
/Users/sameerkarur/Documents/Git/Data_science/07_IITK_AIML_Capstone/project1_autonomous_driving/data/part1/crops/00005443_2955_work_van.jpg,work_van,8,00005443,77,46,111,71,v3_no_ambiguous
/Users/sameerkarur/Documents/Git/Data_science/07_IITK_AIML_Capstone/project1_autonomous_driving/data/part1/crops/00005554_2956_car.jpg,car,3,00005554,49,65,114,105,v3_no_ambiguous
/Users/sameerkarur/Documents/Git/Data_science/07_IITK_AIML_Capstone/project1_autonomous_driving/data/part1/crops/00003005_2957_single_unit_truck.jpg,single_unit_truck,7,00003005,11,147,50,182,v3_no_ambiguous
/Users/sameerkarur/Documents/Git/Data_science/07_IITK_AIML_Capstone/project1_autonomous_driving/data/part1/crops/00000258_2958_pickup_truck.jpg,pickup_truck,6,00000258,139,46,250,88,v3_no_ambiguous
/Users/sameerkarur/Documents/Git/Data_science/07_IITK_AIML_Capstone/project1_autonomous_driving/data/part1/crops/00001570_2959_car.jpg,car,3,00001570,689,173,715,206,v3_no_ambiguous
/Users/sameerkarur/Documents/Git/Data_science/07_IITK_AIML_Capstone/project1_autonomous_driving/data/part1/crops/00003409_2960_car.jpg,car,3,00003409,134,66,203,99,v3_no_ambiguous
/Users/sameerkarur/Documents/Git/Data_science/07_IITK_AIML_Capstone/project1_autonomous_driving/data/part1/crops/00002015_2961_pedestrian.jpg,pedestrian,5,00002015,553,362,715,479,v3_no_ambiguous
/Users/sameerkarur/Documents/Git/Data_science/07_IITK_AIML_Capstone/project1_autonomous_driving/data/part1/crops/00004411_2962_car.jpg,car,3,00004411,614,132,640,157,v3_no_ambiguous
/Users/sameerkarur/Documents/Git/Data_science/07_IITK_AIML_Capstone/project1_autonomous_driving/data/part1/crops/00004750_2963_pickup_truck.jpg,pickup_truck,6,00004750,562,170,627,195,v3_no_ambiguous
/Users/sameerkarur/Documents/Git/Data_science/07_IITK_AIML_Capstone/project1_autonomous_driving/data/part1/crops/00003299_2964_car.jpg,car,3,00003299,0,153,84,197,v3_no_ambiguous
/Users/sameerkarur/Documents/Git/Data_science/07_IITK_AIML_Capstone/project1_autonomous_driving/data/part1/crops/00003389_2965_car.jpg,car,3,00003389,501,121,699,232,v3_no_ambiguous
/Users/sameerkarur/Documents/Git/Data_science/07_IITK_AIML_Capstone/project1_autonomous_driving/data/part1/crops/00002640_2966_pickup_truck.jpg,pickup_truck,6,00002640,663,257,711,289,v3_no_ambiguous
/Users/sameerkarur/Documents/Git/Data_science/07_IITK_AIML_Capstone/project1_autonomous_driving/data/part1/crops/00002815_2967_pickup_truck.jpg,pickup_truck,6,00002815,123,24,218,60,v3_no_ambiguous
/Users/sameerkarur/Documents/Git/Data_science/07_IITK_AIML_Capstone/project1_autonomous_driving/data/part1/crops/00005083_2968_bus.jpg,bus,2,00005083,497,112,611,160,v3_no_ambiguous
/Users/sameerkarur/Documents/Git/Data_science/07_IITK_AIML_Capstone/project1_autonomous_driving/data/part1/crops/00002014_2969_articulated_truck.jpg,articulated_truck,0,00002014,464,65,672,280,v3_no_ambiguous
/Users/sameerkarur/Documents/Git/Data_science/07_IITK_AIML_Capstone/project1_autonomous_driving/data/part1/crops/00004715_2970_work_van.jpg,work_van,8,00004715,187,300,381,442,v3_no_ambiguous
/Users/sameerkarur/Documents/Git/Data_science/07_IITK_AIML_Capstone/project1_autonomous_driving/data/part1/crops/00002959_2971_bus.jpg,bus,2,00002959,117,23,279,119,v3_no_ambiguous
/Users/sameerkarur/Documents/Git/Data_science/07_IITK_AIML_Capstone/project1_autonomous_driving/data/part1/crops/00002725_2972_pickup_truck.jpg,pickup_truck,6,00002725,210,94,377,160,v3_no_ambiguous
/Users/sameerkarur/Documents/Git/Data_science/07_IITK_AIML_Capstone/project1_autonomous_driving/data/part1/crops/00001520_2973_bus.jpg,bus,2,00001520,495,107,663,193,v3_no_ambiguous
/Users/sameerkarur/Documents/Git/Data_science/07_IITK_AIML_Capstone/project1_autonomous_driving/data/part1/crops/00003214_2974_work_van.jpg,work_van,8,00003214,321,192,550,361,v3_no_ambiguous
/Users/sameerkarur/Documents/Git/Data_science/07_IITK_AIML_Capstone/project1_autonomous_driving/data/part1/crops/00003450_2975_pickup_truck.jpg,pickup_truck,6,00003450,204,292,433,434,v3_no_ambiguous
/Users/sameerkarur/Documents/Git/Data_science/07_IITK_AIML_Capstone/project1_autonomous_driving/data/part1/crops/00003614_2976_articulated_truck.jpg,articulated_truck,0,00003614,260,2,715,175,v3_no_ambiguous
/Users/sameerkarur/Documents/Git/Data_science/07_IITK_AIML_Capstone/project1_autonomous_driving/data/part1/crops/00000948_2977_articulated_truck.jpg,articulated_truck,0,00000948,23,29,322,140,v3_no_ambiguous
/Users/sameerkarur/Documents/Git/Data_science/07_IITK_AIML_Capstone/project1_autonomous_driving/data/part1/crops/00003093_2978_pickup_truck.jpg,pickup_truck,6,00003093,0,269,203,420,v3_no_ambiguous
/Users/sameerkarur/Documents/Git/Data_science/07_IITK_AIML_Capstone/project1_autonomous_driving/data/part1/crops/00000282_2979_bicycle.jpg,bicycle,1,00000282,303,81,366,173,v3_no_ambiguous
/Users/sameerkarur/Documents/Git/Data_science/07_IITK_AIML_Capstone/project1_autonomous_driving/data/part1/crops/00002157_2980_single_unit_truck.jpg,single_unit_truck,7,00002157,175,117,708,451,v3_no_ambiguous
/Users/sameerkarur/Documents/Git/Data_science/07_IITK_AIML_Capstone/project1_autonomous_driving/data/part1/crops/00005281_2981_pedestrian.jpg,pedestrian,5,00005281,415,182,444,241,v3_no_ambiguous
/Users/sameerkarur/Documents/Git/Data_science/07_IITK_AIML_Capstone/project1_autonomous_driving/data/part1/crops/00002314_2982_work_van.jpg,work_van,8,00002314,481,77,718,208,v3_no_ambiguous
/Users/sameerkarur/Documents/Git/Data_science/07_IITK_AIML_Capstone/project1_autonomous_driving/data/part1/crops/00000282_2983_bicycle.jpg,bicycle,1,00000282,214,112,257,217,v3_no_ambiguous
/Users/sameerkarur/Documents/Git/Data_science/07_IITK_AIML_Capstone/project1_autonomous_driving/data/part1/crops/00005178_2984_car.jpg,car,3,00005178,212,115,239,142,v3_no_ambiguous
/Users/sameerkarur/Documents/Git/Data_science/07_IITK_AIML_Capstone/project1_autonomous_driving/data/part1/crops/00000645_2985_single_unit_truck.jpg,single_unit_truck,7,00000645,186,49,325,109,v3_no_ambiguous
/Users/sameerkarur/Documents/Git/Data_science/07_IITK_AIML_Capstone/project1_autonomous_driving/data/part1/crops/00005436_2986_car.jpg,car,3,00005436,606,166,650,213,v3_no_ambiguous
/Users/sameerkarur/Documents/Git/Data_science/07_IITK_AIML_Capstone/project1_autonomous_driving/data/part1/crops/00001544_2987_bus.jpg,bus,2,00001544,267,161,371,261,v3_no_ambiguous
/Users/sameerkarur/Documents/Git/Data_science/07_IITK_AIML_Capstone/project1_autonomous_driving/data/part1/crops/00005609_2988_motorcycle.jpg,motorcycle,4,00005609,232,79,276,107,v3_no_ambiguous
/Users/sameerkarur/Documents/Git/Data_science/07_IITK_AIML_Capstone/project1_autonomous_driving/data/part1/crops/00004972_2989_car.jpg,car,3,00004972,342,260,497,435,v3_no_ambiguous
/Users/sameerkarur/Documents/Git/Data_science/07_IITK_AIML_Capstone/project1_autonomous_driving/data/part1/crops/00000542_2990_car.jpg,car,3,00000542,326,138,424,205,v3_no_ambiguous
/Users/sameerkarur/Documents/Git/Data_science/07_IITK_AIML_Capstone/project1_autonomous_driving/data/part1/crops/00004656_2991_bus.jpg,bus,2,00004656,50,136,112,190,v3_no_ambiguous
/Users/sameerkarur/Documents/Git/Data_science/07_IITK_AIML_Capstone/project1_autonomous_driving/data/part1/crops/00003615_2992_single_unit_truck.jpg,single_unit_truck,7,00003615,439,21,490,58,v3_no_ambiguous
/Users/sameerkarur/Documents/Git/Data_science/07_IITK_AIML_Capstone/project1_autonomous_driving/data/part1/crops/00004196_2993_work_van.jpg,work_van,8,00004196,30,60,100,127,v3_no_ambiguous
/Users/sameerkarur/Documents/Git/Data_science/07_IITK_AIML_Capstone/project1_autonomous_driving/data/part1/crops/00001316_2994_pickup_truck.jpg,pickup_truck,6,00001316,121,230,318,356,v3_no_ambiguous
/Users/sameerkarur/Documents/Git/Data_science/07_IITK_AIML_Capstone/project1_autonomous_driving/data/part1/crops/00001517_2995_car.jpg,car,3,00001517,264,163,471,362,v3_no_ambiguous
/Users/sameerkarur/Documents/Git/Data_science/07_IITK_AIML_Capstone/project1_autonomous_driving/data/part1/crops/00000456_2996_articulated_truck.jpg,articulated_truck,0,00000456,413,14,515,68,v3_no_ambiguous
/Users/sameerkarur/Documents/Git/Data_science/07_IITK_AIML_Capstone/project1_autonomous_driving/data/part1/crops/00002311_2997_pickup_truck.jpg,pickup_truck,6,00002311,66,91,201,195,v3_no_ambiguous
/Users/sameerkarur/Documents/Git/Data_science/07_IITK_AIML_Capstone/project1_autonomous_driving/data/part1/crops/00001281_2998_single_unit_truck.jpg,single_unit_truck,7,00001281,649,126,712,222,v3_no_ambiguous
/Users/sameerkarur/Documents/Git/Data_science/07_IITK_AIML_Capstone/project1_autonomous_driving/data/part1/crops/00001570_2999_pedestrian.jpg,pedestrian,5,00001570,305,235,345,289,v3_no_ambiguous
/Users/sameerkarur/Documents/Git/Data_science/07_IITK_AIML_Capstone/project1_autonomous_driving/data/part1/crops/00002581_3000_single_unit_truck.jpg,single_unit_truck,7,00002581,22,181,415,429,v3_no_ambiguous
/Users/sameerkarur/Documents/Git/Data_science/07_IITK_AIML_Capstone/project1_autonomous_driving/data/part1/crops/00001539_3001_car.jpg,car,3,00001539,140,66,216,104,v3_no_ambiguous
/Users/sameerkarur/Documents/Git/Data_science/07_IITK_AIML_Capstone/project1_autonomous_driving/data/part1/crops/00003983_3002_car.jpg,car,3,00003983,557,116,671,214,v3_no_ambiguous
/Users/sameerkarur/Documents/Git/Data_science/07_IITK_AIML_Capstone/project1_autonomous_driving/data/part1/crops/00000061_3003_car.jpg,car,3,00000061,558,220,715,362,v3_no_ambiguous
/Users/sameerkarur/Documents/Git/Data_science/07_IITK_AIML_Capstone/project1_autonomous_driving/data/part1/crops/00001209_3004_pickup_truck.jpg,pickup_truck,6,00001209,330,212,495,341,v3_no_ambiguous
/Users/sameerkarur/Documents/Git/Data_science/07_IITK_AIML_Capstone/project1_autonomous_driving/data/part1/crops/00004357_3005_pickup_truck.jpg,pickup_truck,6,00004357,145,24,240,60,v3_no_ambiguous
/Users/sameerkarur/Documents/Git/Data_science/07_IITK_AIML_Capstone/project1_autonomous_driving/data/part1/crops/00001643_3006_pickup_truck.jpg,pickup_truck,6,00001643,161,121,369,208,v3_no_ambiguous
/Users/sameerkarur/Documents/Git/Data_science/07_IITK_AIML_Capstone/project1_autonomous_driving/data/part1/crops/00004787_3007_pickup_truck.jpg,pickup_truck,6,00004787,305,149,559,272,v3_no_ambiguous
/Users/sameerkarur/Documents/Git/Data_science/07_IITK_AIML_Capstone/project1_autonomous_driving/data/part1/crops/00003026_3008_car.jpg,car,3,00003026,318,201,415,315,v3_no_ambiguous
/Users/sameerkarur/Documents/Git/Data_science/07_IITK_AIML_Capstone/project1_autonomous_driving/data/part1/crops/00002578_3009_bus.jpg,bus,2,00002578,0,71,291,290,v3_no_ambiguous
/Users/sameerkarur/Documents/Git/Data_science/07_IITK_AIML_Capstone/project1_autonomous_driving/data/part1/crops/00005117_3010_pickup_truck.jpg,pickup_truck,6,00005117,588,212,717,391,v3_no_ambiguous
/Users/sameerkarur/Documents/Git/Data_science/07_IITK_AIML_Capstone/project1_autonomous_driving/data/part1/crops/00004865_3011_bus.jpg,bus,2,00004865,0,72,414,293,v3_no_ambiguous
/Users/sameerkarur/Documents/Git/Data_science/07_IITK_AIML_Capstone/project1_autonomous_driving/data/part1/crops/00001134_3012_bicycle.jpg,bicycle,1,00001134,318,99,350,148,v3_no_ambiguous
/Users/sameerkarur/Documents/Git/Data_science/07_IITK_AIML_Capstone/project1_autonomous_driving/data/part1/crops/00003728_3013_car.jpg,car,3,00003728,195,53,298,135,v3_no_ambiguous
/Users/sameerkarur/Documents/Git/Data_science/07_IITK_AIML_Capstone/project1_autonomous_driving/data/part1/crops/00001112_3014_car.jpg,car,3,00001112,564,94,704,147,v3_no_ambiguous
/Users/sameerkarur/Documents/Git/Data_science/07_IITK_AIML_Capstone/project1_autonomous_driving/data/part1/crops/00001856_3015_bus.jpg,bus,2,00001856,207,77,592,388,v3_no_ambiguous
/Users/sameerkarur/Documents/Git/Data_science/07_IITK_AIML_Capstone/project1_autonomous_driving/data/part1/crops/00001541_3016_bus.jpg,bus,2,00001541,163,206,243,295,v3_no_ambiguous
/Users/sameerkarur/Documents/Git/Data_science/07_IITK_AIML_Capstone/project1_autonomous_driving/data/part1/crops/00001514_3017_articulated_truck.jpg,articulated_truck,0,00001514,607,95,713,122,v3_no_ambiguous
/Users/sameerkarur/Documents/Git/Data_science/07_IITK_AIML_Capstone/project1_autonomous_driving/data/part1/crops/00001502_3018_bicycle.jpg,bicycle,1,00001502,343,21,373,75,v3_no_ambiguous
/Users/sameerkarur/Documents/Git/Data_science/07_IITK_AIML_Capstone/project1_autonomous_driving/data/part1/crops/00005634_3019_car.jpg,car,3,00005634,135,192,303,294,v3_no_ambiguous
/Users/sameerkarur/Documents/Git/Data_science/07_IITK_AIML_Capstone/project1_autonomous_driving/data/part1/crops/00000716_3020_single_unit_truck.jpg,single_unit_truck,7,00000716,204,35,278,71,v3_no_ambiguous
/Users/sameerkarur/Documents/Git/Data_science/07_IITK_AIML_Capstone/project1_autonomous_driving/data/part1/crops/00001259_3021_pickup_truck.jpg,pickup_truck,6,00001259,36,109,208,246,v3_no_ambiguous
/Users/sameerkarur/Documents/Git/Data_science/07_IITK_AIML_Capstone/project1_autonomous_driving/data/part1/crops/00005113_3022_work_van.jpg,work_van,8,00005113,23,114,155,196,v3_no_ambiguous
/Users/sameerkarur/Documents/Git/Data_science/07_IITK_AIML_Capstone/project1_autonomous_driving/data/part1/crops/00001178_3023_articulated_truck.jpg,articulated_truck,0,00001178,265,40,337,67,v3_no_ambiguous
/Users/sameerkarur/Documents/Git/Data_science/07_IITK_AIML_Capstone/project1_autonomous_driving/data/part1/crops/00005158_3024_pickup_truck.jpg,pickup_truck,6,00005158,17,199,262,302,v3_no_ambiguous
/Users/sameerkarur/Documents/Git/Data_science/07_IITK_AIML_Capstone/project1_autonomous_driving/data/part1/crops/00004192_3025_single_unit_truck.jpg,single_unit_truck,7,00004192,166,125,208,152,v3_no_ambiguous
/Users/sameerkarur/Documents/Git/Data_science/07_IITK_AIML_Capstone/project1_autonomous_driving/data/part1/crops/00003721_3026_motorcycle.jpg,motorcycle,4,00003721,577,196,673,265,v3_no_ambiguous
/Users/sameerkarur/Documents/Git/Data_science/07_IITK_AIML_Capstone/project1_autonomous_driving/data/part1/crops/00003611_3027_bus.jpg,bus,2,00003611,392,109,582,183,v3_no_ambiguous
/Users/sameerkarur/Documents/Git/Data_science/07_IITK_AIML_Capstone/project1_autonomous_driving/data/part1/crops/00002212_3028_pickup_truck.jpg,pickup_truck,6,00002212,528,113,588,160,v3_no_ambiguous
/Users/sameerkarur/Documents/Git/Data_science/07_IITK_AIML_Capstone/project1_autonomous_driving/data/part1/crops/00000821_3029_car.jpg,car,3,00000821,616,125,695,178,v3_no_ambiguous
/Users/sameerkarur/Documents/Git/Data_science/07_IITK_AIML_Capstone/project1_autonomous_driving/data/part1/crops/00000152_3030_articulated_truck.jpg,articulated_truck,0,00000152,2,95,275,478,v3_no_ambiguous
/Users/sameerkarur/Documents/Git/Data_science/07_IITK_AIML_Capstone/project1_autonomous_driving/data/part1/crops/00003297_3031_pickup_truck.jpg,pickup_truck,6,00003297,37,103,152,161,v3_no_ambiguous
/Users/sameerkarur/Documents/Git/Data_science/07_IITK_AIML_Capstone/project1_autonomous_driving/data/part1/crops/00003919_3032_articulated_truck.jpg,articulated_truck,0,00003919,522,8,716,105,v3_no_ambiguous
/Users/sameerkarur/Documents/Git/Data_science/07_IITK_AIML_Capstone/project1_autonomous_driving/data/part1/crops/00003381_3033_car.jpg,car,3,00003381,356,134,394,169,v3_no_ambiguous
/Users/sameerkarur/Documents/Git/Data_science/07_IITK_AIML_Capstone/project1_autonomous_driving/data/part1/crops/00001220_3034_car.jpg,car,3,00001220,143,57,251,95,v3_no_ambiguous
/Users/sameerkarur/Documents/Git/Data_science/07_IITK_AIML_Capstone/project1_autonomous_driving/data/part1/crops/00000850_3035_car.jpg,car,3,00000850,607,168,651,214,v3_no_ambiguous
/Users/sameerkarur/Documents/Git/Data_science/07_IITK_AIML_Capstone/project1_autonomous_driving/data/part1/crops/00002354_3036_work_van.jpg,work_van,8,00002354,310,172,649,352,v3_no_ambiguous
/Users/sameerkarur/Documents/Git/Data_science/07_IITK_AIML_Capstone/project1_autonomous_driving/data/part1/crops/00002334_3037_work_van.jpg,work_van,8,00002334,230,63,263,90,v3_no_ambiguous
/Users/sameerkarur/Documents/Git/Data_science/07_IITK_AIML_Capstone/project1_autonomous_driving/data/part1/crops/00001029_3038_pickup_truck.jpg,pickup_truck,6,00001029,1,181,64,219,v3_no_ambiguous
/Users/sameerkarur/Documents/Git/Data_science/07_IITK_AIML_Capstone/project1_autonomous_driving/data/part1/crops/00000729_3039_work_van.jpg,work_van,8,00000729,241,100,338,162,v3_no_ambiguous
/Users/sameerkarur/Documents/Git/Data_science/07_IITK_AIML_Capstone/project1_autonomous_driving/data/part1/crops/00001001_3040_car.jpg,car,3,00001001,580,161,636,188,v3_no_ambiguous
/Users/sameerkarur/Documents/Git/Data_science/07_IITK_AIML_Capstone/project1_autonomous_driving/data/part1/crops/00001104_3041_pickup_truck.jpg,pickup_truck,6,00001104,119,235,287,339,v3_no_ambiguous
/Users/sameerkarur/Documents/Git/Data_science/07_IITK_AIML_Capstone/project1_autonomous_driving/data/part1/crops/00000941_3042_pickup_truck.jpg,pickup_truck,6,00000941,0,225,247,416,v3_no_ambiguous
/Users/sameerkarur/Documents/Git/Data_science/07_IITK_AIML_Capstone/project1_autonomous_driving/data/part1/crops/00003100_3043_single_unit_truck.jpg,single_unit_truck,7,00003100,188,287,437,454,v3_no_ambiguous
/Users/sameerkarur/Documents/Git/Data_science/07_IITK_AIML_Capstone/project1_autonomous_driving/data/part1/crops/00004439_3044_car.jpg,car,3,00004439,63,98,111,135,v3_no_ambiguous
/Users/sameerkarur/Documents/Git/Data_science/07_IITK_AIML_Capstone/project1_autonomous_driving/data/part1/crops/00005076_3045_bus.jpg,bus,2,00005076,555,135,644,180,v3_no_ambiguous
/Users/sameerkarur/Documents/Git/Data_science/07_IITK_AIML_Capstone/project1_autonomous_driving/data/part1/crops/00004565_3046_pedestrian.jpg,pedestrian,5,00004565,510,199,543,250,v3_no_ambiguous
/Users/sameerkarur/Documents/Git/Data_science/07_IITK_AIML_Capstone/project1_autonomous_driving/data/part1/crops/00002377_3047_bus.jpg,bus,2,00002377,232,66,433,291,v3_no_ambiguous
/Users/sameerkarur/Documents/Git/Data_science/07_IITK_AIML_Capstone/project1_autonomous_driving/data/part1/crops/00002722_3048_bus.jpg,bus,2,00002722,248,154,529,288,v3_no_ambiguous
/Users/sameerkarur/Documents/Git/Data_science/07_IITK_AIML_Capstone/project1_autonomous_driving/data/part1/crops/00000877_3049_pickup_truck.jpg,pickup_truck,6,00000877,192,153,281,220,v3_no_ambiguous
/Users/sameerkarur/Documents/Git/Data_science/07_IITK_AIML_Capstone/project1_autonomous_driving/data/part1/crops/00004730_3050_car.jpg,car,3,00004730,148,70,226,102,v3_no_ambiguous
/Users/sameerkarur/Documents/Git/Data_science/07_IITK_AIML_Capstone/project1_autonomous_driving/data/part1/crops/00004717_3051_articulated_truck.jpg,articulated_truck,0,00004717,14,151,97,236,v3_no_ambiguous
/Users/sameerkarur/Documents/Git/Data_science/07_IITK_AIML_Capstone/project1_autonomous_driving/data/part1/crops/00001123_3052_pickup_truck.jpg,pickup_truck,6,00001123,556,178,647,214,v3_no_ambiguous
/Users/sameerkarur/Documents/Git/Data_science/07_IITK_AIML_Capstone/project1_autonomous_driving/data/part1/crops/00000830_3053_bus.jpg,bus,2,00000830,402,49,472,108,v3_no_ambiguous
/Users/sameerkarur/Documents/Git/Data_science/07_IITK_AIML_Capstone/project1_autonomous_driving/data/part1/crops/00003387_3054_car.jpg,car,3,00003387,336,137,433,209,v3_no_ambiguous
/Users/sameerkarur/Documents/Git/Data_science/07_IITK_AIML_Capstone/project1_autonomous_driving/data/part1/crops/00001637_3055_car.jpg,car,3,00001637,604,178,650,226,v3_no_ambiguous
/Users/sameerkarur/Documents/Git/Data_science/07_IITK_AIML_Capstone/project1_autonomous_driving/data/part1/crops/00000459_3056_pickup_truck.jpg,pickup_truck,6,00000459,609,210,713,355,v3_no_ambiguous
/Users/sameerkarur/Documents/Git/Data_science/07_IITK_AIML_Capstone/project1_autonomous_driving/data/part1/crops/00002446_3057_work_van.jpg,work_van,8,00002446,546,123,715,254,v3_no_ambiguous
/Users/sameerkarur/Documents/Git/Data_science/07_IITK_AIML_Capstone/project1_autonomous_driving/data/part1/crops/00002375_3058_work_van.jpg,work_van,8,00002375,131,86,204,135,v3_no_ambiguous
/Users/sameerkarur/Documents/Git/Data_science/07_IITK_AIML_Capstone/project1_autonomous_driving/data/part1/crops/00001047_3059_pickup_truck.jpg,pickup_truck,6,00001047,165,186,525,350,v3_no_ambiguous
/Users/sameerkarur/Documents/Git/Data_science/07_IITK_AIML_Capstone/project1_autonomous_driving/data/part1/crops/00002898_3060_single_unit_truck.jpg,single_unit_truck,7,00002898,542,0,621,32,v3_no_ambiguous
/Users/sameerkarur/Documents/Git/Data_science/07_IITK_AIML_Capstone/project1_autonomous_driving/data/part1/crops/00000944_3061_car.jpg,car,3,00000944,685,310,715,363,v3_no_ambiguous
/Users/sameerkarur/Documents/Git/Data_science/07_IITK_AIML_Capstone/project1_autonomous_driving/data/part1/crops/00001262_3062_pickup_truck.jpg,pickup_truck,6,00001262,460,81,609,150,v3_no_ambiguous
/Users/sameerkarur/Documents/Git/Data_science/07_IITK_AIML_Capstone/project1_autonomous_driving/data/part1/crops/00003352_3063_car.jpg,car,3,00003352,542,241,639,301,v3_no_ambiguous
/Users/sameerkarur/Documents/Git/Data_science/07_IITK_AIML_Capstone/project1_autonomous_driving/data/part1/crops/00002873_3064_motorcycle.jpg,motorcycle,4,00002873,63,256,165,315,v3_no_ambiguous
/Users/sameerkarur/Documents/Git/Data_science/07_IITK_AIML_Capstone/project1_autonomous_driving/data/part1/crops/00005087_3065_articulated_truck.jpg,articulated_truck,0,00005087,221,14,338,88,v3_no_ambiguous
/Users/sameerkarur/Documents/Git/Data_science/07_IITK_AIML_Capstone/project1_autonomous_driving/data/part1/crops/00003310_3066_work_van.jpg,work_van,8,00003310,2,187,76,280,v3_no_ambiguous
/Users/sameerkarur/Documents/Git/Data_science/07_IITK_AIML_Capstone/project1_autonomous_driving/data/part1/crops/00005218_3067_car.jpg,car,3,00005218,6,97,93,141,v3_no_ambiguous
/Users/sameerkarur/Documents/Git/Data_science/07_IITK_AIML_Capstone/project1_autonomous_driving/data/part1/crops/00005643_3068_car.jpg,car,3,00005643,130,132,276,186,v3_no_ambiguous
/Users/sameerkarur/Documents/Git/Data_science/07_IITK_AIML_Capstone/project1_autonomous_driving/data/part1/crops/00004798_3069_bus.jpg,bus,2,00004798,334,144,611,267,v3_no_ambiguous
/Users/sameerkarur/Documents/Git/Data_science/07_IITK_AIML_Capstone/project1_autonomous_driving/data/part1/crops/00004097_3070_pickup_truck.jpg,pickup_truck,6,00004097,31,164,214,268,v3_no_ambiguous
/Users/sameerkarur/Documents/Git/Data_science/07_IITK_AIML_Capstone/project1_autonomous_driving/data/part1/crops/00001883_3071_pickup_truck.jpg,pickup_truck,6,00001883,150,241,325,345,v3_no_ambiguous
/Users/sameerkarur/Documents/Git/Data_science/07_IITK_AIML_Capstone/project1_autonomous_driving/data/part1/crops/00005271_3072_pickup_truck.jpg,pickup_truck,6,00005271,50,115,86,142,v3_no_ambiguous
/Users/sameerkarur/Documents/Git/Data_science/07_IITK_AIML_Capstone/project1_autonomous_driving/data/part1/crops/00001473_3073_pickup_truck.jpg,pickup_truck,6,00001473,209,310,405,427,v3_no_ambiguous
/Users/sameerkarur/Documents/Git/Data_science/07_IITK_AIML_Capstone/project1_autonomous_driving/data/part1/crops/00002000_3074_pickup_truck.jpg,pickup_truck,6,00002000,128,223,311,334,v3_no_ambiguous
/Users/sameerkarur/Documents/Git/Data_science/07_IITK_AIML_Capstone/project1_autonomous_driving/data/part1/crops/00004567_3075_car.jpg,car,3,00004567,166,188,216,245,v3_no_ambiguous
/Users/sameerkarur/Documents/Git/Data_science/07_IITK_AIML_Capstone/project1_autonomous_driving/data/part1/crops/00000134_3076_work_van.jpg,work_van,8,00000134,606,107,631,131,v3_no_ambiguous
/Users/sameerkarur/Documents/Git/Data_science/07_IITK_AIML_Capstone/project1_autonomous_driving/data/part1/crops/00001794_3077_single_unit_truck.jpg,single_unit_truck,7,00001794,342,165,632,336,v3_no_ambiguous
/Users/sameerkarur/Documents/Git/Data_science/07_IITK_AIML_Capstone/project1_autonomous_driving/data/part1/crops/00002818_3078_car.jpg,car,3,00002818,576,166,631,190,v3_no_ambiguous
/Users/sameerkarur/Documents/Git/Data_science/07_IITK_AIML_Capstone/project1_autonomous_driving/data/part1/crops/00000928_3079_car.jpg,car,3,00000928,400,272,529,411,v3_no_ambiguous
/Users/sameerkarur/Documents/Git/Data_science/07_IITK_AIML_Capstone/project1_autonomous_driving/data/part1/crops/00001570_3080_pedestrian.jpg,pedestrian,5,00001570,21,223,46,268,v3_no_ambiguous
/Users/sameerkarur/Documents/Git/Data_science/07_IITK_AIML_Capstone/project1_autonomous_driving/data/part1/crops/00001158_3081_car.jpg,car,3,00001158,62,67,112,97,v3_no_ambiguous
/Users/sameerkarur/Documents/Git/Data_science/07_IITK_AIML_Capstone/project1_autonomous_driving/data/part1/crops/00000710_3082_car.jpg,car,3,00000710,380,188,471,212,v3_no_ambiguous
/Users/sameerkarur/Documents/Git/Data_science/07_IITK_AIML_Capstone/project1_autonomous_driving/data/part1/crops/00000050_3083_work_van.jpg,work_van,8,00000050,616,266,711,402,v3_no_ambiguous
/Users/sameerkarur/Documents/Git/Data_science/07_IITK_AIML_Capstone/project1_autonomous_driving/data/part1/crops/00000783_3084_pickup_truck.jpg,pickup_truck,6,00000783,156,105,190,130,v3_no_ambiguous
/Users/sameerkarur/Documents/Git/Data_science/07_IITK_AIML_Capstone/project1_autonomous_driving/data/part1/crops/00005306_3085_car.jpg,car,3,00005306,415,119,504,161,v3_no_ambiguous
/Users/sameerkarur/Documents/Git/Data_science/07_IITK_AIML_Capstone/project1_autonomous_driving/data/part1/crops/00001747_3086_car.jpg,car,3,00001747,598,163,641,200,v3_no_ambiguous
/Users/sameerkarur/Documents/Git/Data_science/07_IITK_AIML_Capstone/project1_autonomous_driving/data/part1/crops/00002122_3087_articulated_truck.jpg,articulated_truck,0,00002122,432,27,525,125,v3_no_ambiguous
/Users/sameerkarur/Documents/Git/Data_science/07_IITK_AIML_Capstone/project1_autonomous_driving/data/part1/crops/00002141_3088_work_van.jpg,work_van,8,00002141,232,227,500,478,v3_no_ambiguous
/Users/sameerkarur/Documents/Git/Data_science/07_IITK_AIML_Capstone/project1_autonomous_driving/data/part1/crops/00003808_3089_pickup_truck.jpg,pickup_truck,6,00003808,361,97,446,148,v3_no_ambiguous
/Users/sameerkarur/Documents/Git/Data_science/07_IITK_AIML_Capstone/project1_autonomous_driving/data/part1/crops/00004372_3090_pickup_truck.jpg,pickup_truck,6,00004372,429,70,505,98,v3_no_ambiguous
/Users/sameerkarur/Documents/Git/Data_science/07_IITK_AIML_Capstone/project1_autonomous_driving/data/part1/crops/00000001_3091_bus.jpg,bus,2,00000001,205,155,568,314,v3_no_ambiguous
/Users/sameerkarur/Documents/Git/Data_science/07_IITK_AIML_Capstone/project1_autonomous_driving/data/part1/crops/00003153_3092_car.jpg,car,3,00003153,435,47,581,104,v3_no_ambiguous
/Users/sameerkarur/Documents/Git/Data_science/07_IITK_AIML_Capstone/project1_autonomous_driving/data/part1/crops/00001882_3093_bus.jpg,bus,2,00001882,23,125,497,307,v3_no_ambiguous
/Users/sameerkarur/Documents/Git/Data_science/07_IITK_AIML_Capstone/project1_autonomous_driving/data/part1/crops/00002761_3094_car.jpg,car,3,00002761,617,258,715,335,v3_no_ambiguous
/Users/sameerkarur/Documents/Git/Data_science/07_IITK_AIML_Capstone/project1_autonomous_driving/data/part1/crops/00005008_3095_bus.jpg,bus,2,00005008,151,161,392,297,v3_no_ambiguous
/Users/sameerkarur/Documents/Git/Data_science/07_IITK_AIML_Capstone/project1_autonomous_driving/data/part1/crops/00005314_3096_bicycle.jpg,bicycle,1,00005314,390,141,430,245,v3_no_ambiguous
/Users/sameerkarur/Documents/Git/Data_science/07_IITK_AIML_Capstone/project1_autonomous_driving/data/part1/crops/00005502_3097_bus.jpg,bus,2,00005502,436,159,716,460,v3_no_ambiguous
/Users/sameerkarur/Documents/Git/Data_science/07_IITK_AIML_Capstone/project1_autonomous_driving/data/part1/crops/00002135_3098_car.jpg,car,3,00002135,365,94,443,120,v3_no_ambiguous
/Users/sameerkarur/Documents/Git/Data_science/07_IITK_AIML_Capstone/project1_autonomous_driving/data/part1/crops/00002134_3099_car.jpg,car,3,00002134,56,74,89,105,v3_no_ambiguous
/Users/sameerkarur/Documents/Git/Data_science/07_IITK_AIML_Capstone/project1_autonomous_driving/data/part1/crops/00001805_3100_pickup_truck.jpg,pickup_truck,6,00001805,452,158,712,439,v3_no_ambiguous
/Users/sameerkarur/Documents/Git/Data_science/07_IITK_AIML_Capstone/project1_autonomous_driving/data/part1/crops/00000670_3101_bus.jpg,bus,2,00000670,465,141,713,478,v3_no_ambiguous
/Users/sameerkarur/Documents/Git/Data_science/07_IITK_AIML_Capstone/project1_autonomous_driving/data/part1/crops/00003104_3102_bus.jpg,bus,2,00003104,159,42,366,135,v3_no_ambiguous
/Users/sameerkarur/Documents/Git/Data_science/07_IITK_AIML_Capstone/project1_autonomous_driving/data/part1/crops/00003315_3103_single_unit_truck.jpg,single_unit_truck,7,00003315,295,55,435,138,v3_no_ambiguous
/Users/sameerkarur/Documents/Git/Data_science/07_IITK_AIML_Capstone/project1_autonomous_driving/data/part1/crops/00001602_3104_car.jpg,car,3,00001602,547,237,718,342,v3_no_ambiguous
/Users/sameerkarur/Documents/Git/Data_science/07_IITK_AIML_Capstone/project1_autonomous_driving/data/part1/crops/00005498_3105_car.jpg,car,3,00005498,679,184,715,218,v3_no_ambiguous
/Users/sameerkarur/Documents/Git/Data_science/07_IITK_AIML_Capstone/project1_autonomous_driving/data/part1/crops/00000090_3106_car.jpg,car,3,00000090,192,4,244,41,v3_no_ambiguous
/Users/sameerkarur/Documents/Git/Data_science/07_IITK_AIML_Capstone/project1_autonomous_driving/data/part1/crops/00003788_3107_car.jpg,car,3,00003788,141,39,196,65,v3_no_ambiguous
/Users/sameerkarur/Documents/Git/Data_science/07_IITK_AIML_Capstone/project1_autonomous_driving/data/part1/crops/00000471_3108_pickup_truck.jpg,pickup_truck,6,00000471,92,104,167,153,v3_no_ambiguous
/Users/sameerkarur/Documents/Git/Data_science/07_IITK_AIML_Capstone/project1_autonomous_driving/data/part1/crops/00002393_3109_work_van.jpg,work_van,8,00002393,73,44,115,70,v3_no_ambiguous
/Users/sameerkarur/Documents/Git/Data_science/07_IITK_AIML_Capstone/project1_autonomous_driving/data/part1/crops/00001530_3110_articulated_truck.jpg,articulated_truck,0,00001530,537,154,717,383,v3_no_ambiguous
/Users/sameerkarur/Documents/Git/Data_science/07_IITK_AIML_Capstone/project1_autonomous_driving/data/part1/crops/00001055_3111_bus.jpg,bus,2,00001055,244,208,468,342,v3_no_ambiguous
/Users/sameerkarur/Documents/Git/Data_science/07_IITK_AIML_Capstone/project1_autonomous_driving/data/part1/crops/00001742_3112_work_van.jpg,work_van,8,00001742,135,169,241,238,v3_no_ambiguous
/Users/sameerkarur/Documents/Git/Data_science/07_IITK_AIML_Capstone/project1_autonomous_driving/data/part1/crops/00003916_3113_car.jpg,car,3,00003916,138,105,244,161,v3_no_ambiguous
/Users/sameerkarur/Documents/Git/Data_science/07_IITK_AIML_Capstone/project1_autonomous_driving/data/part1/crops/00003259_3114_car.jpg,car,3,00003259,75,253,201,385,v3_no_ambiguous
/Users/sameerkarur/Documents/Git/Data_science/07_IITK_AIML_Capstone/project1_autonomous_driving/data/part1/crops/00004298_3115_car.jpg,car,3,00004298,118,152,224,227,v3_no_ambiguous
/Users/sameerkarur/Documents/Git/Data_science/07_IITK_AIML_Capstone/project1_autonomous_driving/data/part1/crops/00001565_3116_bus.jpg,bus,2,00001565,312,192,692,479,v3_no_ambiguous
/Users/sameerkarur/Documents/Git/Data_science/07_IITK_AIML_Capstone/project1_autonomous_driving/data/part1/crops/00001632_3117_articulated_truck.jpg,articulated_truck,0,00001632,510,8,630,46,v3_no_ambiguous
/Users/sameerkarur/Documents/Git/Data_science/07_IITK_AIML_Capstone/project1_autonomous_driving/data/part1/crops/00002889_3118_bus.jpg,bus,2,00002889,183,112,215,142,v3_no_ambiguous
/Users/sameerkarur/Documents/Git/Data_science/07_IITK_AIML_Capstone/project1_autonomous_driving/data/part1/crops/00001088_3119_work_van.jpg,work_van,8,00001088,4,114,219,226,v3_no_ambiguous
/Users/sameerkarur/Documents/Git/Data_science/07_IITK_AIML_Capstone/project1_autonomous_driving/data/part1/crops/00000307_3120_work_van.jpg,work_van,8,00000307,75,46,115,73,v3_no_ambiguous
/Users/sameerkarur/Documents/Git/Data_science/07_IITK_AIML_Capstone/project1_autonomous_driving/data/part1/crops/00004523_3121_work_van.jpg,work_van,8,00004523,70,55,138,89,v3_no_ambiguous
/Users/sameerkarur/Documents/Git/Data_science/07_IITK_AIML_Capstone/project1_autonomous_driving/data/part1/crops/00002609_3122_bus.jpg,bus,2,00002609,208,77,599,400,v3_no_ambiguous
/Users/sameerkarur/Documents/Git/Data_science/07_IITK_AIML_Capstone/project1_autonomous_driving/data/part1/crops/00005336_3123_articulated_truck.jpg,articulated_truck,0,00005336,191,9,500,198,v3_no_ambiguous
/Users/sameerkarur/Documents/Git/Data_science/07_IITK_AIML_Capstone/project1_autonomous_driving/data/part1/crops/00003634_3124_articulated_truck.jpg,articulated_truck,0,00003634,3,116,263,468,v3_no_ambiguous
/Users/sameerkarur/Documents/Git/Data_science/07_IITK_AIML_Capstone/project1_autonomous_driving/data/part1/crops/00002307_3125_pickup_truck.jpg,pickup_truck,6,00002307,2,189,54,218,v3_no_ambiguous
/Users/sameerkarur/Documents/Git/Data_science/07_IITK_AIML_Capstone/project1_autonomous_driving/data/part1/crops/00000035_3126_single_unit_truck.jpg,single_unit_truck,7,00000035,432,173,711,336,v3_no_ambiguous
/Users/sameerkarur/Documents/Git/Data_science/07_IITK_AIML_Capstone/project1_autonomous_driving/data/part1/crops/00001341_3127_pickup_truck.jpg,pickup_truck,6,00001341,577,77,716,170,v3_no_ambiguous
/Users/sameerkarur/Documents/Git/Data_science/07_IITK_AIML_Capstone/project1_autonomous_driving/data/part1/crops/00005598_3128_pickup_truck.jpg,pickup_truck,6,00005598,429,162,657,269,v3_no_ambiguous
/Users/sameerkarur/Documents/Git/Data_science/07_IITK_AIML_Capstone/project1_autonomous_driving/data/part1/crops/00000587_3129_articulated_truck.jpg,articulated_truck,0,00000587,283,8,716,170,v3_no_ambiguous
/Users/sameerkarur/Documents/Git/Data_science/07_IITK_AIML_Capstone/project1_autonomous_driving/data/part1/crops/00002037_3130_work_van.jpg,work_van,8,00002037,350,248,691,477,v3_no_ambiguous
/Users/sameerkarur/Documents/Git/Data_science/07_IITK_AIML_Capstone/project1_autonomous_driving/data/part1/crops/00002298_3131_car.jpg,car,3,00002298,111,258,341,414,v3_no_ambiguous
/Users/sameerkarur/Documents/Git/Data_science/07_IITK_AIML_Capstone/project1_autonomous_driving/data/part1/crops/00000603_3132_bus.jpg,bus,2,00000603,161,65,420,222,v3_no_ambiguous
/Users/sameerkarur/Documents/Git/Data_science/07_IITK_AIML_Capstone/project1_autonomous_driving/data/part1/crops/00002756_3133_bus.jpg,bus,2,00002756,276,160,611,322,v3_no_ambiguous
/Users/sameerkarur/Documents/Git/Data_science/07_IITK_AIML_Capstone/project1_autonomous_driving/data/part1/crops/00003004_3134_car.jpg,car,3,00003004,211,145,267,174,v3_no_ambiguous
/Users/sameerkarur/Documents/Git/Data_science/07_IITK_AIML_Capstone/project1_autonomous_driving/data/part1/crops/00000207_3135_car.jpg,car,3,00000207,205,281,296,357,v3_no_ambiguous
/Users/sameerkarur/Documents/Git/Data_science/07_IITK_AIML_Capstone/project1_autonomous_driving/data/part1/crops/00000072_3136_articulated_truck.jpg,articulated_truck,0,00000072,3,27,605,344,v3_no_ambiguous
/Users/sameerkarur/Documents/Git/Data_science/07_IITK_AIML_Capstone/project1_autonomous_driving/data/part1/crops/00001427_3137_single_unit_truck.jpg,single_unit_truck,7,00001427,315,140,370,174,v3_no_ambiguous
/Users/sameerkarur/Documents/Git/Data_science/07_IITK_AIML_Capstone/project1_autonomous_driving/data/part1/crops/00001105_3138_car.jpg,car,3,00001105,589,187,712,300,v3_no_ambiguous
/Users/sameerkarur/Documents/Git/Data_science/07_IITK_AIML_Capstone/project1_autonomous_driving/data/part1/crops/00003497_3139_single_unit_truck.jpg,single_unit_truck,7,00003497,297,67,355,101,v3_no_ambiguous
/Users/sameerkarur/Documents/Git/Data_science/07_IITK_AIML_Capstone/project1_autonomous_driving/data/part1/crops/00002126_3140_pickup_truck.jpg,pickup_truck,6,00002126,73,205,197,282,v3_no_ambiguous
/Users/sameerkarur/Documents/Git/Data_science/07_IITK_AIML_Capstone/project1_autonomous_driving/data/part1/crops/00001199_3141_single_unit_truck.jpg,single_unit_truck,7,00001199,535,272,719,412,v3_no_ambiguous
/Users/sameerkarur/Documents/Git/Data_science/07_IITK_AIML_Capstone/project1_autonomous_driving/data/part1/crops/00003659_3142_work_van.jpg,work_van,8,00003659,229,176,366,271,v3_no_ambiguous
/Users/sameerkarur/Documents/Git/Data_science/07_IITK_AIML_Capstone/project1_autonomous_driving/data/part1/crops/00001275_3143_pickup_truck.jpg,pickup_truck,6,00001275,560,165,628,194,v3_no_ambiguous
/Users/sameerkarur/Documents/Git/Data_science/07_IITK_AIML_Capstone/project1_autonomous_driving/data/part1/crops/00001408_3144_single_unit_truck.jpg,single_unit_truck,7,00001408,400,58,706,216,v3_no_ambiguous
/Users/sameerkarur/Documents/Git/Data_science/07_IITK_AIML_Capstone/project1_autonomous_driving/data/part1/crops/00004295_3145_car.jpg,car,3,00004295,164,187,486,320,v3_no_ambiguous
/Users/sameerkarur/Documents/Git/Data_science/07_IITK_AIML_Capstone/project1_autonomous_driving/data/part1/crops/00001491_3146_bus.jpg,bus,2,00001491,358,105,394,132,v3_no_ambiguous
/Users/sameerkarur/Documents/Git/Data_science/07_IITK_AIML_Capstone/project1_autonomous_driving/data/part1/crops/00001306_3147_bus.jpg,bus,2,00001306,0,81,337,195,v3_no_ambiguous
/Users/sameerkarur/Documents/Git/Data_science/07_IITK_AIML_Capstone/project1_autonomous_driving/data/part1/crops/00005051_3148_car.jpg,car,3,00005051,430,120,536,163,v3_no_ambiguous
/Users/sameerkarur/Documents/Git/Data_science/07_IITK_AIML_Capstone/project1_autonomous_driving/data/part1/crops/00001799_3149_pickup_truck.jpg,pickup_truck,6,00001799,211,91,335,144,v3_no_ambiguous
/Users/sameerkarur/Documents/Git/Data_science/07_IITK_AIML_Capstone/project1_autonomous_driving/data/part1/crops/00004082_3150_pickup_truck.jpg,pickup_truck,6,00004082,485,133,534,168,v3_no_ambiguous
/Users/sameerkarur/Documents/Git/Data_science/07_IITK_AIML_Capstone/project1_autonomous_driving/data/part1/crops/00002602_3151_pickup_truck.jpg,pickup_truck,6,00002602,459,117,503,143,v3_no_ambiguous
/Users/sameerkarur/Documents/Git/Data_science/07_IITK_AIML_Capstone/project1_autonomous_driving/data/part1/crops/00004150_3152_pedestrian.jpg,pedestrian,5,00004150,538,221,615,424,v3_no_ambiguous
/Users/sameerkarur/Documents/Git/Data_science/07_IITK_AIML_Capstone/project1_autonomous_driving/data/part1/crops/00003079_3153_car.jpg,car,3,00003079,241,155,318,197,v3_no_ambiguous
/Users/sameerkarur/Documents/Git/Data_science/07_IITK_AIML_Capstone/project1_autonomous_driving/data/part1/crops/00001170_3154_bus.jpg,bus,2,00001170,308,116,385,149,v3_no_ambiguous
/Users/sameerkarur/Documents/Git/Data_science/07_IITK_AIML_Capstone/project1_autonomous_driving/data/part1/crops/00000605_3155_articulated_truck.jpg,articulated_truck,0,00000605,217,1,713,399,v3_no_ambiguous
/Users/sameerkarur/Documents/Git/Data_science/07_IITK_AIML_Capstone/project1_autonomous_driving/data/part1/crops/00001225_3156_bus.jpg,bus,2,00001225,195,124,280,151,v3_no_ambiguous
/Users/sameerkarur/Documents/Git/Data_science/07_IITK_AIML_Capstone/project1_autonomous_driving/data/part1/crops/00001501_3157_car.jpg,car,3,00001501,85,74,132,105,v3_no_ambiguous
/Users/sameerkarur/Documents/Git/Data_science/07_IITK_AIML_Capstone/project1_autonomous_driving/data/part1/crops/00001643_3158_pickup_truck.jpg,pickup_truck,6,00001643,235,201,559,359,v3_no_ambiguous
/Users/sameerkarur/Documents/Git/Data_science/07_IITK_AIML_Capstone/project1_autonomous_driving/data/part1/crops/00002140_3159_car.jpg,car,3,00002140,209,57,360,126,v3_no_ambiguous
/Users/sameerkarur/Documents/Git/Data_science/07_IITK_AIML_Capstone/project1_autonomous_driving/data/part1/crops/00005271_3160_bus.jpg,bus,2,00005271,373,46,711,175,v3_no_ambiguous
/Users/sameerkarur/Documents/Git/Data_science/07_IITK_AIML_Capstone/project1_autonomous_driving/data/part1/crops/00004832_3161_car.jpg,car,3,00004832,96,314,306,443,v3_no_ambiguous
/Users/sameerkarur/Documents/Git/Data_science/07_IITK_AIML_Capstone/project1_autonomous_driving/data/part1/crops/00005510_3162_car.jpg,car,3,00005510,595,233,657,322,v3_no_ambiguous
/Users/sameerkarur/Documents/Git/Data_science/07_IITK_AIML_Capstone/project1_autonomous_driving/data/part1/crops/00004926_3163_pickup_truck.jpg,pickup_truck,6,00004926,190,46,353,126,v3_no_ambiguous
/Users/sameerkarur/Documents/Git/Data_science/07_IITK_AIML_Capstone/project1_autonomous_driving/data/part1/crops/00005368_3164_car.jpg,car,3,00005368,109,126,254,198,v3_no_ambiguous
/Users/sameerkarur/Documents/Git/Data_science/07_IITK_AIML_Capstone/project1_autonomous_driving/data/part1/crops/00000219_3165_car.jpg,car,3,00000219,381,50,426,78,v3_no_ambiguous
/Users/sameerkarur/Documents/Git/Data_science/07_IITK_AIML_Capstone/project1_autonomous_driving/data/part1/crops/00005586_3166_pickup_truck.jpg,pickup_truck,6,00005586,364,64,429,89,v3_no_ambiguous
/Users/sameerkarur/Documents/Git/Data_science/07_IITK_AIML_Capstone/project1_autonomous_driving/data/part1/crops/00000342_3167_bicycle.jpg,bicycle,1,00000342,214,148,265,248,v3_no_ambiguous
/Users/sameerkarur/Documents/Git/Data_science/07_IITK_AIML_Capstone/project1_autonomous_driving/data/part1/crops/00002074_3168_pickup_truck.jpg,pickup_truck,6,00002074,63,46,174,92,v3_no_ambiguous
/Users/sameerkarur/Documents/Git/Data_science/07_IITK_AIML_Capstone/project1_autonomous_driving/data/part1/crops/00002001_3169_pickup_truck.jpg,pickup_truck,6,00002001,222,253,418,399,v3_no_ambiguous
/Users/sameerkarur/Documents/Git/Data_science/07_IITK_AIML_Capstone/project1_autonomous_driving/data/part1/crops/00000228_3170_articulated_truck.jpg,articulated_truck,0,00000228,96,92,283,322,v3_no_ambiguous
/Users/sameerkarur/Documents/Git/Data_science/07_IITK_AIML_Capstone/project1_autonomous_driving/data/part1/crops/00005585_3171_bus.jpg,bus,2,00005585,409,133,648,246,v3_no_ambiguous
/Users/sameerkarur/Documents/Git/Data_science/07_IITK_AIML_Capstone/project1_autonomous_driving/data/part1/crops/00000434_3172_articulated_truck.jpg,articulated_truck,0,00000434,416,18,504,64,v3_no_ambiguous
/Users/sameerkarur/Documents/Git/Data_science/07_IITK_AIML_Capstone/project1_autonomous_driving/data/part1/crops/00004761_3173_pickup_truck.jpg,pickup_truck,6,00004761,308,140,565,260,v3_no_ambiguous
/Users/sameerkarur/Documents/Git/Data_science/07_IITK_AIML_Capstone/project1_autonomous_driving/data/part1/crops/00002880_3174_work_van.jpg,work_van,8,00002880,74,44,114,74,v3_no_ambiguous
/Users/sameerkarur/Documents/Git/Data_science/07_IITK_AIML_Capstone/project1_autonomous_driving/data/part1/crops/00002240_3175_pickup_truck.jpg,pickup_truck,6,00002240,206,75,537,268,v3_no_ambiguous
/Users/sameerkarur/Documents/Git/Data_science/07_IITK_AIML_Capstone/project1_autonomous_driving/data/part1/crops/00003611_3176_bus.jpg,bus,2,00003611,113,143,160,172,v3_no_ambiguous
/Users/sameerkarur/Documents/Git/Data_science/07_IITK_AIML_Capstone/project1_autonomous_driving/data/part1/crops/00000967_3177_pickup_truck.jpg,pickup_truck,6,00000967,138,38,252,88,v3_no_ambiguous
/Users/sameerkarur/Documents/Git/Data_science/07_IITK_AIML_Capstone/project1_autonomous_driving/data/part1/crops/00005000_3178_bus.jpg,bus,2,00005000,229,126,507,287,v3_no_ambiguous
/Users/sameerkarur/Documents/Git/Data_science/07_IITK_AIML_Capstone/project1_autonomous_driving/data/part1/crops/00005290_3179_car.jpg,car,3,00005290,127,288,513,474,v3_no_ambiguous
/Users/sameerkarur/Documents/Git/Data_science/07_IITK_AIML_Capstone/project1_autonomous_driving/data/part1/crops/00002473_3180_car.jpg,car,3,00002473,324,118,665,338,v3_no_ambiguous
/Users/sameerkarur/Documents/Git/Data_science/07_IITK_AIML_Capstone/project1_autonomous_driving/data/part1/crops/00001491_3181_bus.jpg,bus,2,00001491,560,145,695,207,v3_no_ambiguous
/Users/sameerkarur/Documents/Git/Data_science/07_IITK_AIML_Capstone/project1_autonomous_driving/data/part1/crops/00002073_3182_pickup_truck.jpg,pickup_truck,6,00002073,281,148,496,223,v3_no_ambiguous
/Users/sameerkarur/Documents/Git/Data_science/07_IITK_AIML_Capstone/project1_autonomous_driving/data/part1/crops/00000522_3183_car.jpg,car,3,00000522,608,169,650,211,v3_no_ambiguous
/Users/sameerkarur/Documents/Git/Data_science/07_IITK_AIML_Capstone/project1_autonomous_driving/data/part1/crops/00004514_3184_work_van.jpg,work_van,8,00004514,288,29,363,64,v3_no_ambiguous
/Users/sameerkarur/Documents/Git/Data_science/07_IITK_AIML_Capstone/project1_autonomous_driving/data/part1/crops/00003208_3185_single_unit_truck.jpg,single_unit_truck,7,00003208,151,65,362,173,v3_no_ambiguous
/Users/sameerkarur/Documents/Git/Data_science/07_IITK_AIML_Capstone/project1_autonomous_driving/data/part1/crops/00003321_3186_articulated_truck.jpg,articulated_truck,0,00003321,425,82,493,143,v3_no_ambiguous
/Users/sameerkarur/Documents/Git/Data_science/07_IITK_AIML_Capstone/project1_autonomous_driving/data/part1/crops/00004505_3187_single_unit_truck.jpg,single_unit_truck,7,00004505,39,148,78,174,v3_no_ambiguous
/Users/sameerkarur/Documents/Git/Data_science/07_IITK_AIML_Capstone/project1_autonomous_driving/data/part1/crops/00001535_3188_bus.jpg,bus,2,00001535,389,168,718,380,v3_no_ambiguous
/Users/sameerkarur/Documents/Git/Data_science/07_IITK_AIML_Capstone/project1_autonomous_driving/data/part1/crops/00002307_3189_car.jpg,car,3,00002307,605,170,649,215,v3_no_ambiguous
/Users/sameerkarur/Documents/Git/Data_science/07_IITK_AIML_Capstone/project1_autonomous_driving/data/part1/crops/00000366_3190_pickup_truck.jpg,pickup_truck,6,00000366,468,155,706,341,v3_no_ambiguous
/Users/sameerkarur/Documents/Git/Data_science/07_IITK_AIML_Capstone/project1_autonomous_driving/data/part1/crops/00002126_3191_articulated_truck.jpg,articulated_truck,0,00002126,415,87,474,114,v3_no_ambiguous
/Users/sameerkarur/Documents/Git/Data_science/07_IITK_AIML_Capstone/project1_autonomous_driving/data/part1/crops/00000626_3192_single_unit_truck.jpg,single_unit_truck,7,00000626,159,166,494,350,v3_no_ambiguous
/Users/sameerkarur/Documents/Git/Data_science/07_IITK_AIML_Capstone/project1_autonomous_driving/data/part1/crops/00003470_3193_car.jpg,car,3,00003470,301,139,405,198,v3_no_ambiguous
/Users/sameerkarur/Documents/Git/Data_science/07_IITK_AIML_Capstone/project1_autonomous_driving/data/part1/crops/00002564_3194_pickup_truck.jpg,pickup_truck,6,00002564,265,143,332,167,v3_no_ambiguous
/Users/sameerkarur/Documents/Git/Data_science/07_IITK_AIML_Capstone/project1_autonomous_driving/data/part1/crops/00001468_3195_bus.jpg,bus,2,00001468,266,162,582,316,v3_no_ambiguous
/Users/sameerkarur/Documents/Git/Data_science/07_IITK_AIML_Capstone/project1_autonomous_driving/data/part1/crops/00005317_3196_pickup_truck.jpg,pickup_truck,6,00005317,657,20,707,48,v3_no_ambiguous
/Users/sameerkarur/Documents/Git/Data_science/07_IITK_AIML_Capstone/project1_autonomous_driving/data/part1/crops/00003684_3197_work_van.jpg,work_van,8,00003684,230,78,272,123,v3_no_ambiguous
/Users/sameerkarur/Documents/Git/Data_science/07_IITK_AIML_Capstone/project1_autonomous_driving/data/part1/crops/00005148_3198_car.jpg,car,3,00005148,649,168,693,196,v3_no_ambiguous
/Users/sameerkarur/Documents/Git/Data_science/07_IITK_AIML_Capstone/project1_autonomous_driving/data/part1/crops/00004238_3199_bus.jpg,bus,2,00004238,195,109,559,388,v3_no_ambiguous
/Users/sameerkarur/Documents/Git/Data_science/07_IITK_AIML_Capstone/project1_autonomous_driving/data/part1/crops/00004540_3200_work_van.jpg,work_van,8,00004540,464,218,715,406,v3_no_ambiguous
/Users/sameerkarur/Documents/Git/Data_science/07_IITK_AIML_Capstone/project1_autonomous_driving/data/part1/crops/00005263_3201_car.jpg,car,3,00005263,267,142,504,247,v3_no_ambiguous
/Users/sameerkarur/Documents/Git/Data_science/07_IITK_AIML_Capstone/project1_autonomous_driving/data/part1/crops/00004020_3202_car.jpg,car,3,00004020,366,174,416,216,v3_no_ambiguous
/Users/sameerkarur/Documents/Git/Data_science/07_IITK_AIML_Capstone/project1_autonomous_driving/data/part1/crops/00002022_3203_motorcycle.jpg,motorcycle,4,00002022,269,248,304,298,v3_no_ambiguous
/Users/sameerkarur/Documents/Git/Data_science/07_IITK_AIML_Capstone/project1_autonomous_driving/data/part1/crops/00001723_3204_articulated_truck.jpg,articulated_truck,0,00001723,19,44,714,283,v3_no_ambiguous
/Users/sameerkarur/Documents/Git/Data_science/07_IITK_AIML_Capstone/project1_autonomous_driving/data/part1/crops/00005239_3205_work_van.jpg,work_van,8,00005239,181,79,499,269,v3_no_ambiguous
/Users/sameerkarur/Documents/Git/Data_science/07_IITK_AIML_Capstone/project1_autonomous_driving/data/part1/crops/00000320_3206_car.jpg,car,3,00000320,138,161,219,236,v3_no_ambiguous
/Users/sameerkarur/Documents/Git/Data_science/07_IITK_AIML_Capstone/project1_autonomous_driving/data/part1/crops/00000854_3207_pickup_truck.jpg,pickup_truck,6,00000854,659,229,718,270,v3_no_ambiguous
/Users/sameerkarur/Documents/Git/Data_science/07_IITK_AIML_Capstone/project1_autonomous_driving/data/part1/crops/00001096_3208_car.jpg,car,3,00001096,145,126,177,153,v3_no_ambiguous
/Users/sameerkarur/Documents/Git/Data_science/07_IITK_AIML_Capstone/project1_autonomous_driving/data/part1/crops/00005174_3209_work_van.jpg,work_van,8,00005174,21,52,61,92,v3_no_ambiguous
/Users/sameerkarur/Documents/Git/Data_science/07_IITK_AIML_Capstone/project1_autonomous_driving/data/part1/crops/00002596_3210_articulated_truck.jpg,articulated_truck,0,00002596,63,109,179,209,v3_no_ambiguous
/Users/sameerkarur/Documents/Git/Data_science/07_IITK_AIML_Capstone/project1_autonomous_driving/data/part1/crops/00000944_3211_car.jpg,car,3,00000944,64,200,104,231,v3_no_ambiguous
/Users/sameerkarur/Documents/Git/Data_science/07_IITK_AIML_Capstone/project1_autonomous_driving/data/part1/crops/00005103_3212_car.jpg,car,3,00005103,251,167,292,224,v3_no_ambiguous
/Users/sameerkarur/Documents/Git/Data_science/07_IITK_AIML_Capstone/project1_autonomous_driving/data/part1/crops/00002402_3213_bus.jpg,bus,2,00002402,370,144,637,333,v3_no_ambiguous
/Users/sameerkarur/Documents/Git/Data_science/07_IITK_AIML_Capstone/project1_autonomous_driving/data/part1/crops/00001098_3214_work_van.jpg,work_van,8,00001098,377,93,459,139,v3_no_ambiguous
/Users/sameerkarur/Documents/Git/Data_science/07_IITK_AIML_Capstone/project1_autonomous_driving/data/part1/crops/00003847_3215_bus.jpg,bus,2,00003847,211,149,605,392,v3_no_ambiguous
/Users/sameerkarur/Documents/Git/Data_science/07_IITK_AIML_Capstone/project1_autonomous_driving/data/part1/crops/00002474_3216_articulated_truck.jpg,articulated_truck,0,00002474,248,90,440,209,v3_no_ambiguous
/Users/sameerkarur/Documents/Git/Data_science/07_IITK_AIML_Capstone/project1_autonomous_driving/data/part1/crops/00004169_3217_articulated_truck.jpg,articulated_truck,0,00004169,215,92,450,242,v3_no_ambiguous
/Users/sameerkarur/Documents/Git/Data_science/07_IITK_AIML_Capstone/project1_autonomous_driving/data/part1/crops/00001920_3218_pickup_truck.jpg,pickup_truck,6,00001920,155,98,322,175,v3_no_ambiguous
/Users/sameerkarur/Documents/Git/Data_science/07_IITK_AIML_Capstone/project1_autonomous_driving/data/part1/crops/00002061_3219_work_van.jpg,work_van,8,00002061,40,156,103,217,v3_no_ambiguous
/Users/sameerkarur/Documents/Git/Data_science/07_IITK_AIML_Capstone/project1_autonomous_driving/data/part1/crops/00000507_3220_car.jpg,car,3,00000507,122,126,188,164,v3_no_ambiguous
/Users/sameerkarur/Documents/Git/Data_science/07_IITK_AIML_Capstone/project1_autonomous_driving/data/part1/crops/00002726_3221_work_van.jpg,work_van,8,00002726,268,59,337,104,v3_no_ambiguous
/Users/sameerkarur/Documents/Git/Data_science/07_IITK_AIML_Capstone/project1_autonomous_driving/data/part1/crops/00003694_3222_work_van.jpg,work_van,8,00003694,74,44,111,69,v3_no_ambiguous
/Users/sameerkarur/Documents/Git/Data_science/07_IITK_AIML_Capstone/project1_autonomous_driving/data/part1/crops/00003130_3223_pickup_truck.jpg,pickup_truck,6,00003130,144,120,240,189,v3_no_ambiguous
/Users/sameerkarur/Documents/Git/Data_science/07_IITK_AIML_Capstone/project1_autonomous_driving/data/part1/crops/00003941_3224_car.jpg,car,3,00003941,206,129,247,155,v3_no_ambiguous
/Users/sameerkarur/Documents/Git/Data_science/07_IITK_AIML_Capstone/project1_autonomous_driving/data/part1/crops/00001500_3225_pickup_truck.jpg,pickup_truck,6,00001500,21,154,218,260,v3_no_ambiguous
/Users/sameerkarur/Documents/Git/Data_science/07_IITK_AIML_Capstone/project1_autonomous_driving/data/part1/crops/00004544_3226_pedestrian.jpg,pedestrian,5,00004544,259,352,301,432,v3_no_ambiguous
/Users/sameerkarur/Documents/Git/Data_science/07_IITK_AIML_Capstone/project1_autonomous_driving/data/part1/crops/00004978_3227_car.jpg,car,3,00004978,137,40,193,69,v3_no_ambiguous
/Users/sameerkarur/Documents/Git/Data_science/07_IITK_AIML_Capstone/project1_autonomous_driving/data/part1/crops/00000224_3228_articulated_truck.jpg,articulated_truck,0,00000224,636,94,712,122,v3_no_ambiguous
/Users/sameerkarur/Documents/Git/Data_science/07_IITK_AIML_Capstone/project1_autonomous_driving/data/part1/crops/00003425_3229_single_unit_truck.jpg,single_unit_truck,7,00003425,252,129,424,274,v3_no_ambiguous
/Users/sameerkarur/Documents/Git/Data_science/07_IITK_AIML_Capstone/project1_autonomous_driving/data/part1/crops/00005256_3230_work_van.jpg,work_van,8,00005256,211,47,295,93,v3_no_ambiguous
/Users/sameerkarur/Documents/Git/Data_science/07_IITK_AIML_Capstone/project1_autonomous_driving/data/part1/crops/00004180_3231_bus.jpg,bus,2,00004180,289,169,657,357,v3_no_ambiguous
/Users/sameerkarur/Documents/Git/Data_science/07_IITK_AIML_Capstone/project1_autonomous_driving/data/part1/crops/00000334_3232_bus.jpg,bus,2,00000334,503,127,654,200,v3_no_ambiguous
/Users/sameerkarur/Documents/Git/Data_science/07_IITK_AIML_Capstone/project1_autonomous_driving/data/part1/crops/00000534_3233_work_van.jpg,work_van,8,00000534,75,45,112,69,v3_no_ambiguous
/Users/sameerkarur/Documents/Git/Data_science/07_IITK_AIML_Capstone/project1_autonomous_driving/data/part1/crops/00002139_3234_single_unit_truck.jpg,single_unit_truck,7,00002139,648,126,713,213,v3_no_ambiguous
/Users/sameerkarur/Documents/Git/Data_science/07_IITK_AIML_Capstone/project1_autonomous_driving/data/part1/crops/00002407_3235_work_van.jpg,work_van,8,00002407,569,152,635,190,v3_no_ambiguous
/Users/sameerkarur/Documents/Git/Data_science/07_IITK_AIML_Capstone/project1_autonomous_driving/data/part1/crops/00000142_3236_car.jpg,car,3,00000142,77,136,180,180,v3_no_ambiguous
/Users/sameerkarur/Documents/Git/Data_science/07_IITK_AIML_Capstone/project1_autonomous_driving/data/part1/crops/00001213_3237_car.jpg,car,3,00001213,32,190,70,226,v3_no_ambiguous
/Users/sameerkarur/Documents/Git/Data_science/07_IITK_AIML_Capstone/project1_autonomous_driving/data/part1/crops/00000602_3238_pickup_truck.jpg,pickup_truck,6,00000602,337,59,521,134,v3_no_ambiguous
/Users/sameerkarur/Documents/Git/Data_science/07_IITK_AIML_Capstone/project1_autonomous_driving/data/part1/crops/00001737_3239_pickup_truck.jpg,pickup_truck,6,00001737,91,129,157,166,v3_no_ambiguous
/Users/sameerkarur/Documents/Git/Data_science/07_IITK_AIML_Capstone/project1_autonomous_driving/data/part1/crops/00001349_3240_bus.jpg,bus,2,00001349,0,118,401,479,v3_no_ambiguous
/Users/sameerkarur/Documents/Git/Data_science/07_IITK_AIML_Capstone/project1_autonomous_driving/data/part1/crops/00003065_3241_articulated_truck.jpg,articulated_truck,0,00003065,410,16,506,64,v3_no_ambiguous
/Users/sameerkarur/Documents/Git/Data_science/07_IITK_AIML_Capstone/project1_autonomous_driving/data/part1/crops/00003286_3242_motorcycle.jpg,motorcycle,4,00003286,644,260,707,329,v3_no_ambiguous
/Users/sameerkarur/Documents/Git/Data_science/07_IITK_AIML_Capstone/project1_autonomous_driving/data/part1/crops/00001457_3243_car.jpg,car,3,00001457,351,130,390,154,v3_no_ambiguous
/Users/sameerkarur/Documents/Git/Data_science/07_IITK_AIML_Capstone/project1_autonomous_driving/data/part1/crops/00002829_3244_pickup_truck.jpg,pickup_truck,6,00002829,360,136,453,188,v3_no_ambiguous
/Users/sameerkarur/Documents/Git/Data_science/07_IITK_AIML_Capstone/project1_autonomous_driving/data/part1/crops/00005050_3245_work_van.jpg,work_van,8,00005050,157,49,251,105,v3_no_ambiguous
/Users/sameerkarur/Documents/Git/Data_science/07_IITK_AIML_Capstone/project1_autonomous_driving/data/part1/crops/00003567_3246_pickup_truck.jpg,pickup_truck,6,00003567,485,139,559,187,v3_no_ambiguous
/Users/sameerkarur/Documents/Git/Data_science/07_IITK_AIML_Capstone/project1_autonomous_driving/data/part1/crops/00004006_3247_motorcycle.jpg,motorcycle,4,00004006,615,166,705,241,v3_no_ambiguous
/Users/sameerkarur/Documents/Git/Data_science/07_IITK_AIML_Capstone/project1_autonomous_driving/data/part1/crops/00003149_3248_car.jpg,car,3,00003149,555,64,619,97,v3_no_ambiguous
/Users/sameerkarur/Documents/Git/Data_science/07_IITK_AIML_Capstone/project1_autonomous_driving/data/part1/crops/00005316_3249_pickup_truck.jpg,pickup_truck,6,00005316,78,95,178,136,v3_no_ambiguous
/Users/sameerkarur/Documents/Git/Data_science/07_IITK_AIML_Capstone/project1_autonomous_driving/data/part1/crops/00000170_3250_car.jpg,car,3,00000170,234,232,353,302,v3_no_ambiguous
/Users/sameerkarur/Documents/Git/Data_science/07_IITK_AIML_Capstone/project1_autonomous_driving/data/part1/crops/00004362_3251_bicycle.jpg,bicycle,1,00004362,276,179,310,265,v3_no_ambiguous
/Users/sameerkarur/Documents/Git/Data_science/07_IITK_AIML_Capstone/project1_autonomous_driving/data/part1/crops/00005220_3252_car.jpg,car,3,00005220,293,249,425,339,v3_no_ambiguous
/Users/sameerkarur/Documents/Git/Data_science/07_IITK_AIML_Capstone/project1_autonomous_driving/data/part1/crops/00005221_3253_work_van.jpg,work_van,8,00005221,239,76,509,215,v3_no_ambiguous
/Users/sameerkarur/Documents/Git/Data_science/07_IITK_AIML_Capstone/project1_autonomous_driving/data/part1/crops/00005617_3254_pickup_truck.jpg,pickup_truck,6,00005617,111,165,325,303,v3_no_ambiguous
/Users/sameerkarur/Documents/Git/Data_science/07_IITK_AIML_Capstone/project1_autonomous_driving/data/part1/crops/00003834_3255_work_van.jpg,work_van,8,00003834,323,32,387,69,v3_no_ambiguous
/Users/sameerkarur/Documents/Git/Data_science/07_IITK_AIML_Capstone/project1_autonomous_driving/data/part1/crops/00000237_3256_bus.jpg,bus,2,00000237,475,151,714,292,v3_no_ambiguous
/Users/sameerkarur/Documents/Git/Data_science/07_IITK_AIML_Capstone/project1_autonomous_driving/data/part1/crops/00002073_3257_work_van.jpg,work_van,8,00002073,76,43,111,68,v3_no_ambiguous
/Users/sameerkarur/Documents/Git/Data_science/07_IITK_AIML_Capstone/project1_autonomous_driving/data/part1/crops/00000976_3258_car.jpg,car,3,00000976,532,234,624,296,v3_no_ambiguous
/Users/sameerkarur/Documents/Git/Data_science/07_IITK_AIML_Capstone/project1_autonomous_driving/data/part1/crops/00004983_3259_car.jpg,car,3,00004983,422,183,580,314,v3_no_ambiguous
/Users/sameerkarur/Documents/Git/Data_science/07_IITK_AIML_Capstone/project1_autonomous_driving/data/part1/crops/00003457_3260_car.jpg,car,3,00003457,48,63,98,89,v3_no_ambiguous
/Users/sameerkarur/Documents/Git/Data_science/07_IITK_AIML_Capstone/project1_autonomous_driving/data/part1/crops/00000836_3261_work_van.jpg,work_van,8,00000836,237,76,275,118,v3_no_ambiguous
/Users/sameerkarur/Documents/Git/Data_science/07_IITK_AIML_Capstone/project1_autonomous_driving/data/part1/crops/00004880_3262_car.jpg,car,3,00004880,580,129,715,226,v3_no_ambiguous
/Users/sameerkarur/Documents/Git/Data_science/07_IITK_AIML_Capstone/project1_autonomous_driving/data/part1/crops/00004373_3263_work_van.jpg,work_van,8,00004373,206,178,271,237,v3_no_ambiguous
/Users/sameerkarur/Documents/Git/Data_science/07_IITK_AIML_Capstone/project1_autonomous_driving/data/part1/crops/00001758_3264_car.jpg,car,3,00001758,381,180,522,248,v3_no_ambiguous
/Users/sameerkarur/Documents/Git/Data_science/07_IITK_AIML_Capstone/project1_autonomous_driving/data/part1/crops/00004542_3265_work_van.jpg,work_van,8,00004542,84,141,334,315,v3_no_ambiguous
/Users/sameerkarur/Documents/Git/Data_science/07_IITK_AIML_Capstone/project1_autonomous_driving/data/part1/crops/00005466_3266_pickup_truck.jpg,pickup_truck,6,00005466,528,159,656,232,v3_no_ambiguous
/Users/sameerkarur/Documents/Git/Data_science/07_IITK_AIML_Capstone/project1_autonomous_driving/data/part1/crops/00004466_3267_car.jpg,car,3,00004466,643,169,693,200,v3_no_ambiguous
/Users/sameerkarur/Documents/Git/Data_science/07_IITK_AIML_Capstone/project1_autonomous_driving/data/part1/crops/00002177_3268_articulated_truck.jpg,articulated_truck,0,00002177,2,168,418,458,v3_no_ambiguous
/Users/sameerkarur/Documents/Git/Data_science/07_IITK_AIML_Capstone/project1_autonomous_driving/data/part1/crops/00001813_3269_car.jpg,car,3,00001813,617,215,716,357,v3_no_ambiguous
/Users/sameerkarur/Documents/Git/Data_science/07_IITK_AIML_Capstone/project1_autonomous_driving/data/part1/crops/00000480_3270_car.jpg,car,3,00000480,510,189,715,420,v3_no_ambiguous
/Users/sameerkarur/Documents/Git/Data_science/07_IITK_AIML_Capstone/project1_autonomous_driving/data/part1/crops/00000130_3271_work_van.jpg,work_van,8,00000130,494,101,685,225,v3_no_ambiguous
/Users/sameerkarur/Documents/Git/Data_science/07_IITK_AIML_Capstone/project1_autonomous_driving/data/part1/crops/00000635_3272_pickup_truck.jpg,pickup_truck,6,00000635,1,106,33,137,v3_no_ambiguous
/Users/sameerkarur/Documents/Git/Data_science/07_IITK_AIML_Capstone/project1_autonomous_driving/data/part1/crops/00004272_3273_work_van.jpg,work_van,8,00004272,56,25,114,54,v3_no_ambiguous
/Users/sameerkarur/Documents/Git/Data_science/07_IITK_AIML_Capstone/project1_autonomous_driving/data/part1/crops/00002518_3274_bus.jpg,bus,2,00002518,35,133,503,323,v3_no_ambiguous
/Users/sameerkarur/Documents/Git/Data_science/07_IITK_AIML_Capstone/project1_autonomous_driving/data/part1/crops/00005299_3275_car.jpg,car,3,00005299,264,315,403,466,v3_no_ambiguous
/Users/sameerkarur/Documents/Git/Data_science/07_IITK_AIML_Capstone/project1_autonomous_driving/data/part1/crops/00002093_3276_pickup_truck.jpg,pickup_truck,6,00002093,561,159,628,188,v3_no_ambiguous
/Users/sameerkarur/Documents/Git/Data_science/07_IITK_AIML_Capstone/project1_autonomous_driving/data/part1/crops/00003292_3277_car.jpg,car,3,00003292,522,148,643,213,v3_no_ambiguous
/Users/sameerkarur/Documents/Git/Data_science/07_IITK_AIML_Capstone/project1_autonomous_driving/data/part1/crops/00004419_3278_pedestrian.jpg,pedestrian,5,00004419,512,207,563,288,v3_no_ambiguous
/Users/sameerkarur/Documents/Git/Data_science/07_IITK_AIML_Capstone/project1_autonomous_driving/data/part1/crops/00001344_3279_articulated_truck.jpg,articulated_truck,0,00001344,515,2,689,68,v3_no_ambiguous
/Users/sameerkarur/Documents/Git/Data_science/07_IITK_AIML_Capstone/project1_autonomous_driving/data/part1/crops/00002841_3280_work_van.jpg,work_van,8,00002841,238,220,524,478,v3_no_ambiguous
/Users/sameerkarur/Documents/Git/Data_science/07_IITK_AIML_Capstone/project1_autonomous_driving/data/part1/crops/00003723_3281_pickup_truck.jpg,pickup_truck,6,00003723,0,96,114,156,v3_no_ambiguous
/Users/sameerkarur/Documents/Git/Data_science/07_IITK_AIML_Capstone/project1_autonomous_driving/data/part1/crops/00004727_3282_single_unit_truck.jpg,single_unit_truck,7,00004727,83,122,158,187,v3_no_ambiguous
/Users/sameerkarur/Documents/Git/Data_science/07_IITK_AIML_Capstone/project1_autonomous_driving/data/part1/crops/00003465_3283_articulated_truck.jpg,articulated_truck,0,00003465,458,78,497,111,v3_no_ambiguous
/Users/sameerkarur/Documents/Git/Data_science/07_IITK_AIML_Capstone/project1_autonomous_driving/data/part1/crops/00001383_3284_articulated_truck.jpg,articulated_truck,0,00001383,648,97,713,130,v3_no_ambiguous
/Users/sameerkarur/Documents/Git/Data_science/07_IITK_AIML_Capstone/project1_autonomous_driving/data/part1/crops/00001179_3285_car.jpg,car,3,00001179,184,234,331,323,v3_no_ambiguous
/Users/sameerkarur/Documents/Git/Data_science/07_IITK_AIML_Capstone/project1_autonomous_driving/data/part1/crops/00001898_3286_car.jpg,car,3,00001898,603,145,644,184,v3_no_ambiguous
/Users/sameerkarur/Documents/Git/Data_science/07_IITK_AIML_Capstone/project1_autonomous_driving/data/part1/crops/00000159_3287_car.jpg,car,3,00000159,545,163,716,282,v3_no_ambiguous
/Users/sameerkarur/Documents/Git/Data_science/07_IITK_AIML_Capstone/project1_autonomous_driving/data/part1/crops/00001025_3288_bus.jpg,bus,2,00001025,244,72,472,166,v3_no_ambiguous
/Users/sameerkarur/Documents/Git/Data_science/07_IITK_AIML_Capstone/project1_autonomous_driving/data/part1/crops/00001389_3289_bus.jpg,bus,2,00001389,154,159,390,297,v3_no_ambiguous
/Users/sameerkarur/Documents/Git/Data_science/07_IITK_AIML_Capstone/project1_autonomous_driving/data/part1/crops/00004052_3290_car.jpg,car,3,00004052,595,244,701,316,v3_no_ambiguous
/Users/sameerkarur/Documents/Git/Data_science/07_IITK_AIML_Capstone/project1_autonomous_driving/data/part1/crops/00004834_3291_single_unit_truck.jpg,single_unit_truck,7,00004834,564,67,599,93,v3_no_ambiguous
/Users/sameerkarur/Documents/Git/Data_science/07_IITK_AIML_Capstone/project1_autonomous_driving/data/part1/crops/00005136_3292_motorcycle.jpg,motorcycle,4,00005136,515,90,565,143,v3_no_ambiguous
/Users/sameerkarur/Documents/Git/Data_science/07_IITK_AIML_Capstone/project1_autonomous_driving/data/part1/crops/00004330_3293_pedestrian.jpg,pedestrian,5,00004330,69,327,119,399,v3_no_ambiguous
/Users/sameerkarur/Documents/Git/Data_science/07_IITK_AIML_Capstone/project1_autonomous_driving/data/part1/crops/00000476_3294_bicycle.jpg,bicycle,1,00000476,421,201,518,293,v3_no_ambiguous
/Users/sameerkarur/Documents/Git/Data_science/07_IITK_AIML_Capstone/project1_autonomous_driving/data/part1/crops/00001365_3295_car.jpg,car,3,00001365,542,239,641,301,v3_no_ambiguous
/Users/sameerkarur/Documents/Git/Data_science/07_IITK_AIML_Capstone/project1_autonomous_driving/data/part1/crops/00003190_3296_pickup_truck.jpg,pickup_truck,6,00003190,76,54,147,97,v3_no_ambiguous
/Users/sameerkarur/Documents/Git/Data_science/07_IITK_AIML_Capstone/project1_autonomous_driving/data/part1/crops/00002608_3297_pickup_truck.jpg,pickup_truck,6,00002608,336,231,615,333,v3_no_ambiguous
/Users/sameerkarur/Documents/Git/Data_science/07_IITK_AIML_Capstone/project1_autonomous_driving/data/part1/crops/00003563_3298_car.jpg,car,3,00003563,3,63,51,95,v3_no_ambiguous
/Users/sameerkarur/Documents/Git/Data_science/07_IITK_AIML_Capstone/project1_autonomous_driving/data/part1/crops/00004426_3299_single_unit_truck.jpg,single_unit_truck,7,00004426,647,124,711,207,v3_no_ambiguous
/Users/sameerkarur/Documents/Git/Data_science/07_IITK_AIML_Capstone/project1_autonomous_driving/data/part1/crops/00001289_3300_motorcycle.jpg,motorcycle,4,00001289,158,358,208,441,v3_no_ambiguous
/Users/sameerkarur/Documents/Git/Data_science/07_IITK_AIML_Capstone/project1_autonomous_driving/data/part1/crops/00001901_3301_single_unit_truck.jpg,single_unit_truck,7,00001901,264,42,317,69,v3_no_ambiguous
/Users/sameerkarur/Documents/Git/Data_science/07_IITK_AIML_Capstone/project1_autonomous_driving/data/part1/crops/00003253_3302_work_van.jpg,work_van,8,00003253,80,43,115,71,v3_no_ambiguous
/Users/sameerkarur/Documents/Git/Data_science/07_IITK_AIML_Capstone/project1_autonomous_driving/data/part1/crops/00003128_3303_single_unit_truck.jpg,single_unit_truck,7,00003128,296,52,440,137,v3_no_ambiguous
/Users/sameerkarur/Documents/Git/Data_science/07_IITK_AIML_Capstone/project1_autonomous_driving/data/part1/crops/00003888_3304_bicycle.jpg,bicycle,1,00003888,369,14,400,64,v3_no_ambiguous
/Users/sameerkarur/Documents/Git/Data_science/07_IITK_AIML_Capstone/project1_autonomous_driving/data/part1/crops/00001726_3305_pickup_truck.jpg,pickup_truck,6,00001726,176,290,367,409,v3_no_ambiguous
/Users/sameerkarur/Documents/Git/Data_science/07_IITK_AIML_Capstone/project1_autonomous_driving/data/part1/crops/00003438_3306_car.jpg,car,3,00003438,137,101,265,162,v3_no_ambiguous
/Users/sameerkarur/Documents/Git/Data_science/07_IITK_AIML_Capstone/project1_autonomous_driving/data/part1/crops/00004857_3307_pickup_truck.jpg,pickup_truck,6,00004857,577,83,714,144,v3_no_ambiguous
/Users/sameerkarur/Documents/Git/Data_science/07_IITK_AIML_Capstone/project1_autonomous_driving/data/part1/crops/00000441_3308_motorcycle.jpg,motorcycle,4,00000441,485,124,510,165,v3_no_ambiguous
/Users/sameerkarur/Documents/Git/Data_science/07_IITK_AIML_Capstone/project1_autonomous_driving/data/part1/crops/00005043_3309_bus.jpg,bus,2,00005043,92,113,521,342,v3_no_ambiguous
/Users/sameerkarur/Documents/Git/Data_science/07_IITK_AIML_Capstone/project1_autonomous_driving/data/part1/crops/00004324_3310_work_van.jpg,work_van,8,00004324,84,192,199,273,v3_no_ambiguous
/Users/sameerkarur/Documents/Git/Data_science/07_IITK_AIML_Capstone/project1_autonomous_driving/data/part1/crops/00001971_3311_bus.jpg,bus,2,00001971,310,117,542,304,v3_no_ambiguous
/Users/sameerkarur/Documents/Git/Data_science/07_IITK_AIML_Capstone/project1_autonomous_driving/data/part1/crops/00004315_3312_pickup_truck.jpg,pickup_truck,6,00004315,229,226,377,304,v3_no_ambiguous
/Users/sameerkarur/Documents/Git/Data_science/07_IITK_AIML_Capstone/project1_autonomous_driving/data/part1/crops/00001991_3313_work_van.jpg,work_van,8,00001991,288,56,347,90,v3_no_ambiguous
/Users/sameerkarur/Documents/Git/Data_science/07_IITK_AIML_Capstone/project1_autonomous_driving/data/part1/crops/00001560_3314_car.jpg,car,3,00001560,387,179,556,308,v3_no_ambiguous
/Users/sameerkarur/Documents/Git/Data_science/07_IITK_AIML_Capstone/project1_autonomous_driving/data/part1/crops/00003576_3315_articulated_truck.jpg,articulated_truck,0,00003576,434,47,711,331,v3_no_ambiguous
/Users/sameerkarur/Documents/Git/Data_science/07_IITK_AIML_Capstone/project1_autonomous_driving/data/part1/crops/00003933_3316_car.jpg,car,3,00003933,0,58,49,88,v3_no_ambiguous
/Users/sameerkarur/Documents/Git/Data_science/07_IITK_AIML_Capstone/project1_autonomous_driving/data/part1/crops/00000681_3317_car.jpg,car,3,00000681,313,269,489,369,v3_no_ambiguous
/Users/sameerkarur/Documents/Git/Data_science/07_IITK_AIML_Capstone/project1_autonomous_driving/data/part1/crops/00004282_3318_pedestrian.jpg,pedestrian,5,00004282,524,173,562,227,v3_no_ambiguous
/Users/sameerkarur/Documents/Git/Data_science/07_IITK_AIML_Capstone/project1_autonomous_driving/data/part1/crops/00005623_3319_car.jpg,car,3,00005623,383,193,464,221,v3_no_ambiguous
/Users/sameerkarur/Documents/Git/Data_science/07_IITK_AIML_Capstone/project1_autonomous_driving/data/part1/crops/00004536_3320_pickup_truck.jpg,pickup_truck,6,00004536,163,67,224,96,v3_no_ambiguous
/Users/sameerkarur/Documents/Git/Data_science/07_IITK_AIML_Capstone/project1_autonomous_driving/data/part1/crops/00003303_3321_car.jpg,car,3,00003303,77,201,151,251,v3_no_ambiguous
/Users/sameerkarur/Documents/Git/Data_science/07_IITK_AIML_Capstone/project1_autonomous_driving/data/part1/crops/00003885_3322_bus.jpg,bus,2,00003885,278,166,640,352,v3_no_ambiguous
/Users/sameerkarur/Documents/Git/Data_science/07_IITK_AIML_Capstone/project1_autonomous_driving/data/part1/crops/00005295_3323_work_van.jpg,work_van,8,00005295,308,183,439,333,v3_no_ambiguous
/Users/sameerkarur/Documents/Git/Data_science/07_IITK_AIML_Capstone/project1_autonomous_driving/data/part1/crops/00002639_3324_pickup_truck.jpg,pickup_truck,6,00002639,512,153,639,245,v3_no_ambiguous
/Users/sameerkarur/Documents/Git/Data_science/07_IITK_AIML_Capstone/project1_autonomous_driving/data/part1/crops/00003098_3325_pickup_truck.jpg,pickup_truck,6,00003098,172,280,351,389,v3_no_ambiguous
/Users/sameerkarur/Documents/Git/Data_science/07_IITK_AIML_Capstone/project1_autonomous_driving/data/part1/crops/00002884_3326_work_van.jpg,work_van,8,00002884,76,45,114,74,v3_no_ambiguous
/Users/sameerkarur/Documents/Git/Data_science/07_IITK_AIML_Capstone/project1_autonomous_driving/data/part1/crops/00001651_3327_car.jpg,car,3,00001651,95,211,279,333,v3_no_ambiguous
/Users/sameerkarur/Documents/Git/Data_science/07_IITK_AIML_Capstone/project1_autonomous_driving/data/part1/crops/00000501_3328_pickup_truck.jpg,pickup_truck,6,00000501,1,187,46,219,v3_no_ambiguous
/Users/sameerkarur/Documents/Git/Data_science/07_IITK_AIML_Capstone/project1_autonomous_driving/data/part1/crops/00005341_3329_bicycle.jpg,bicycle,1,00005341,346,9,386,53,v3_no_ambiguous
/Users/sameerkarur/Documents/Git/Data_science/07_IITK_AIML_Capstone/project1_autonomous_driving/data/part1/crops/00005442_3330_car.jpg,car,3,00005442,146,123,236,187,v3_no_ambiguous
/Users/sameerkarur/Documents/Git/Data_science/07_IITK_AIML_Capstone/project1_autonomous_driving/data/part1/crops/00002527_3331_car.jpg,car,3,00002527,367,57,594,179,v3_no_ambiguous
/Users/sameerkarur/Documents/Git/Data_science/07_IITK_AIML_Capstone/project1_autonomous_driving/data/part1/crops/00001283_3332_pickup_truck.jpg,pickup_truck,6,00001283,226,168,332,233,v3_no_ambiguous
/Users/sameerkarur/Documents/Git/Data_science/07_IITK_AIML_Capstone/project1_autonomous_driving/data/part1/crops/00005475_3333_single_unit_truck.jpg,single_unit_truck,7,00005475,334,163,547,286,v3_no_ambiguous
/Users/sameerkarur/Documents/Git/Data_science/07_IITK_AIML_Capstone/project1_autonomous_driving/data/part1/crops/00002049_3334_articulated_truck.jpg,articulated_truck,0,00002049,483,75,517,104,v3_no_ambiguous
/Users/sameerkarur/Documents/Git/Data_science/07_IITK_AIML_Capstone/project1_autonomous_driving/data/part1/crops/00001002_3335_car.jpg,car,3,00001002,288,24,360,53,v3_no_ambiguous
/Users/sameerkarur/Documents/Git/Data_science/07_IITK_AIML_Capstone/project1_autonomous_driving/data/part1/crops/00000264_3336_car.jpg,car,3,00000264,611,84,638,111,v3_no_ambiguous
/Users/sameerkarur/Documents/Git/Data_science/07_IITK_AIML_Capstone/project1_autonomous_driving/data/part1/crops/00005449_3337_car.jpg,car,3,00005449,609,167,650,212,v3_no_ambiguous
/Users/sameerkarur/Documents/Git/Data_science/07_IITK_AIML_Capstone/project1_autonomous_driving/data/part1/crops/00002819_3338_pickup_truck.jpg,pickup_truck,6,00002819,140,202,436,378,v3_no_ambiguous
/Users/sameerkarur/Documents/Git/Data_science/07_IITK_AIML_Capstone/project1_autonomous_driving/data/part1/crops/00004568_3339_work_van.jpg,work_van,8,00004568,444,117,519,176,v3_no_ambiguous
/Users/sameerkarur/Documents/Git/Data_science/07_IITK_AIML_Capstone/project1_autonomous_driving/data/part1/crops/00000405_3340_single_unit_truck.jpg,single_unit_truck,7,00000405,377,65,616,281,v3_no_ambiguous
/Users/sameerkarur/Documents/Git/Data_science/07_IITK_AIML_Capstone/project1_autonomous_driving/data/part1/crops/00001605_3341_pickup_truck.jpg,pickup_truck,6,00001605,272,87,338,125,v3_no_ambiguous
/Users/sameerkarur/Documents/Git/Data_science/07_IITK_AIML_Capstone/project1_autonomous_driving/data/part1/crops/00001277_3342_bus.jpg,bus,2,00001277,95,83,270,279,v3_no_ambiguous
/Users/sameerkarur/Documents/Git/Data_science/07_IITK_AIML_Capstone/project1_autonomous_driving/data/part1/crops/00003435_3343_car.jpg,car,3,00003435,183,29,262,58,v3_no_ambiguous
/Users/sameerkarur/Documents/Git/Data_science/07_IITK_AIML_Capstone/project1_autonomous_driving/data/part1/crops/00003469_3344_pickup_truck.jpg,pickup_truck,6,00003469,107,146,253,227,v3_no_ambiguous
/Users/sameerkarur/Documents/Git/Data_science/07_IITK_AIML_Capstone/project1_autonomous_driving/data/part1/crops/00002570_3345_articulated_truck.jpg,articulated_truck,0,00002570,456,16,646,104,v3_no_ambiguous
/Users/sameerkarur/Documents/Git/Data_science/07_IITK_AIML_Capstone/project1_autonomous_driving/data/part1/crops/00000261_3346_car.jpg,car,3,00000261,11,223,140,296,v3_no_ambiguous
/Users/sameerkarur/Documents/Git/Data_science/07_IITK_AIML_Capstone/project1_autonomous_driving/data/part1/crops/00000768_3347_work_van.jpg,work_van,8,00000768,41,154,101,209,v3_no_ambiguous
/Users/sameerkarur/Documents/Git/Data_science/07_IITK_AIML_Capstone/project1_autonomous_driving/data/part1/crops/00004179_3348_bus.jpg,bus,2,00004179,107,191,387,397,v3_no_ambiguous
/Users/sameerkarur/Documents/Git/Data_science/07_IITK_AIML_Capstone/project1_autonomous_driving/data/part1/crops/00003888_3349_pedestrian.jpg,pedestrian,5,00003888,247,260,300,347,v3_no_ambiguous
/Users/sameerkarur/Documents/Git/Data_science/07_IITK_AIML_Capstone/project1_autonomous_driving/data/part1/crops/00001092_3350_pickup_truck.jpg,pickup_truck,6,00001092,440,233,612,319,v3_no_ambiguous
/Users/sameerkarur/Documents/Git/Data_science/07_IITK_AIML_Capstone/project1_autonomous_driving/data/part1/crops/00004628_3351_car.jpg,car,3,00004628,106,106,195,143,v3_no_ambiguous
/Users/sameerkarur/Documents/Git/Data_science/07_IITK_AIML_Capstone/project1_autonomous_driving/data/part1/crops/00001018_3352_single_unit_truck.jpg,single_unit_truck,7,00001018,267,73,438,201,v3_no_ambiguous
/Users/sameerkarur/Documents/Git/Data_science/07_IITK_AIML_Capstone/project1_autonomous_driving/data/part1/crops/00002686_3353_articulated_truck.jpg,articulated_truck,0,00002686,372,29,510,136,v3_no_ambiguous
/Users/sameerkarur/Documents/Git/Data_science/07_IITK_AIML_Capstone/project1_autonomous_driving/data/part1/crops/00005101_3354_pickup_truck.jpg,pickup_truck,6,00005101,122,195,278,303,v3_no_ambiguous
/Users/sameerkarur/Documents/Git/Data_science/07_IITK_AIML_Capstone/project1_autonomous_driving/data/part1/crops/00005411_3355_pickup_truck.jpg,pickup_truck,6,00005411,559,166,628,192,v3_no_ambiguous
/Users/sameerkarur/Documents/Git/Data_science/07_IITK_AIML_Capstone/project1_autonomous_driving/data/part1/crops/00003999_3356_articulated_truck.jpg,articulated_truck,0,00003999,168,136,640,395,v3_no_ambiguous
/Users/sameerkarur/Documents/Git/Data_science/07_IITK_AIML_Capstone/project1_autonomous_driving/data/part1/crops/00001495_3357_bus.jpg,bus,2,00001495,300,103,560,247,v3_no_ambiguous
/Users/sameerkarur/Documents/Git/Data_science/07_IITK_AIML_Capstone/project1_autonomous_driving/data/part1/crops/00000342_3358_bicycle.jpg,bicycle,1,00000342,273,112,308,179,v3_no_ambiguous
/Users/sameerkarur/Documents/Git/Data_science/07_IITK_AIML_Capstone/project1_autonomous_driving/data/part1/crops/00001666_3359_articulated_truck.jpg,articulated_truck,0,00001666,605,90,710,124,v3_no_ambiguous
/Users/sameerkarur/Documents/Git/Data_science/07_IITK_AIML_Capstone/project1_autonomous_driving/data/part1/crops/00000478_3360_work_van.jpg,work_van,8,00000478,71,153,122,177,v3_no_ambiguous
/Users/sameerkarur/Documents/Git/Data_science/07_IITK_AIML_Capstone/project1_autonomous_driving/data/part1/crops/00002803_3361_articulated_truck.jpg,articulated_truck,0,00002803,205,93,441,237,v3_no_ambiguous
/Users/sameerkarur/Documents/Git/Data_science/07_IITK_AIML_Capstone/project1_autonomous_driving/data/part1/crops/00001679_3362_bus.jpg,bus,2,00001679,1,91,212,478,v3_no_ambiguous
/Users/sameerkarur/Documents/Git/Data_science/07_IITK_AIML_Capstone/project1_autonomous_driving/data/part1/crops/00004936_3363_pickup_truck.jpg,pickup_truck,6,00004936,2,156,179,242,v3_no_ambiguous
/Users/sameerkarur/Documents/Git/Data_science/07_IITK_AIML_Capstone/project1_autonomous_driving/data/part1/crops/00000340_3364_car.jpg,car,3,00000340,144,158,282,227,v3_no_ambiguous
/Users/sameerkarur/Documents/Git/Data_science/07_IITK_AIML_Capstone/project1_autonomous_driving/data/part1/crops/00000237_3365_car.jpg,car,3,00000237,132,191,196,235,v3_no_ambiguous
/Users/sameerkarur/Documents/Git/Data_science/07_IITK_AIML_Capstone/project1_autonomous_driving/data/part1/crops/00004259_3366_car.jpg,car,3,00004259,324,224,476,344,v3_no_ambiguous
/Users/sameerkarur/Documents/Git/Data_science/07_IITK_AIML_Capstone/project1_autonomous_driving/data/part1/crops/00004505_3367_work_van.jpg,work_van,8,00004505,37,181,71,212,v3_no_ambiguous
/Users/sameerkarur/Documents/Git/Data_science/07_IITK_AIML_Capstone/project1_autonomous_driving/data/part1/crops/00001299_3368_car.jpg,car,3,00001299,449,205,534,253,v3_no_ambiguous
/Users/sameerkarur/Documents/Git/Data_science/07_IITK_AIML_Capstone/project1_autonomous_driving/data/part1/crops/00004248_3369_work_van.jpg,work_van,8,00004248,285,139,649,478,v3_no_ambiguous
/Users/sameerkarur/Documents/Git/Data_science/07_IITK_AIML_Capstone/project1_autonomous_driving/data/part1/crops/00003272_3370_car.jpg,car,3,00003272,406,59,443,85,v3_no_ambiguous
/Users/sameerkarur/Documents/Git/Data_science/07_IITK_AIML_Capstone/project1_autonomous_driving/data/part1/crops/00002052_3371_car.jpg,car,3,00002052,448,200,532,254,v3_no_ambiguous
/Users/sameerkarur/Documents/Git/Data_science/07_IITK_AIML_Capstone/project1_autonomous_driving/data/part1/crops/00001699_3372_pickup_truck.jpg,pickup_truck,6,00001699,496,151,570,195,v3_no_ambiguous
/Users/sameerkarur/Documents/Git/Data_science/07_IITK_AIML_Capstone/project1_autonomous_driving/data/part1/crops/00002626_3373_work_van.jpg,work_van,8,00002626,73,42,115,71,v3_no_ambiguous
/Users/sameerkarur/Documents/Git/Data_science/07_IITK_AIML_Capstone/project1_autonomous_driving/data/part1/crops/00001401_3374_car.jpg,car,3,00001401,380,187,467,216,v3_no_ambiguous
/Users/sameerkarur/Documents/Git/Data_science/07_IITK_AIML_Capstone/project1_autonomous_driving/data/part1/crops/00004317_3375_bus.jpg,bus,2,00004317,439,143,554,204,v3_no_ambiguous
/Users/sameerkarur/Documents/Git/Data_science/07_IITK_AIML_Capstone/project1_autonomous_driving/data/part1/crops/00004748_3376_car.jpg,car,3,00004748,180,1,235,35,v3_no_ambiguous
/Users/sameerkarur/Documents/Git/Data_science/07_IITK_AIML_Capstone/project1_autonomous_driving/data/part1/crops/00003794_3377_pickup_truck.jpg,pickup_truck,6,00003794,455,72,497,99,v3_no_ambiguous
/Users/sameerkarur/Documents/Git/Data_science/07_IITK_AIML_Capstone/project1_autonomous_driving/data/part1/crops/00000676_3378_bus.jpg,bus,2,00000676,1,176,519,474,v3_no_ambiguous
/Users/sameerkarur/Documents/Git/Data_science/07_IITK_AIML_Capstone/project1_autonomous_driving/data/part1/crops/00000005_3379_articulated_truck.jpg,articulated_truck,0,00000005,132,3,712,254,v3_no_ambiguous
/Users/sameerkarur/Documents/Git/Data_science/07_IITK_AIML_Capstone/project1_autonomous_driving/data/part1/crops/00002111_3380_pedestrian.jpg,pedestrian,5,00002111,48,311,82,376,v3_no_ambiguous
/Users/sameerkarur/Documents/Git/Data_science/07_IITK_AIML_Capstone/project1_autonomous_driving/data/part1/crops/00000318_3381_bus.jpg,bus,2,00000318,221,125,480,282,v3_no_ambiguous
/Users/sameerkarur/Documents/Git/Data_science/07_IITK_AIML_Capstone/project1_autonomous_driving/data/part1/crops/00004596_3382_work_van.jpg,work_van,8,00004596,166,46,240,80,v3_no_ambiguous
/Users/sameerkarur/Documents/Git/Data_science/07_IITK_AIML_Capstone/project1_autonomous_driving/data/part1/crops/00000358_3383_single_unit_truck.jpg,single_unit_truck,7,00000358,650,124,718,216,v3_no_ambiguous
/Users/sameerkarur/Documents/Git/Data_science/07_IITK_AIML_Capstone/project1_autonomous_driving/data/part1/crops/00004569_3384_car.jpg,car,3,00004569,270,83,328,122,v3_no_ambiguous
/Users/sameerkarur/Documents/Git/Data_science/07_IITK_AIML_Capstone/project1_autonomous_driving/data/part1/crops/00004740_3385_single_unit_truck.jpg,single_unit_truck,7,00004740,647,124,712,216,v3_no_ambiguous
/Users/sameerkarur/Documents/Git/Data_science/07_IITK_AIML_Capstone/project1_autonomous_driving/data/part1/crops/00001182_3386_car.jpg,car,3,00001182,553,56,623,100,v3_no_ambiguous
/Users/sameerkarur/Documents/Git/Data_science/07_IITK_AIML_Capstone/project1_autonomous_driving/data/part1/crops/00003389_3387_work_van.jpg,work_van,8,00003389,517,278,718,479,v3_no_ambiguous
/Users/sameerkarur/Documents/Git/Data_science/07_IITK_AIML_Capstone/project1_autonomous_driving/data/part1/crops/00004163_3388_pickup_truck.jpg,pickup_truck,6,00004163,220,261,400,391,v3_no_ambiguous
/Users/sameerkarur/Documents/Git/Data_science/07_IITK_AIML_Capstone/project1_autonomous_driving/data/part1/crops/00004242_3389_car.jpg,car,3,00004242,104,59,277,138,v3_no_ambiguous
/Users/sameerkarur/Documents/Git/Data_science/07_IITK_AIML_Capstone/project1_autonomous_driving/data/part1/crops/00001435_3390_car.jpg,car,3,00001435,591,62,626,86,v3_no_ambiguous
/Users/sameerkarur/Documents/Git/Data_science/07_IITK_AIML_Capstone/project1_autonomous_driving/data/part1/crops/00000425_3391_car.jpg,car,3,00000425,131,70,206,94,v3_no_ambiguous
/Users/sameerkarur/Documents/Git/Data_science/07_IITK_AIML_Capstone/project1_autonomous_driving/data/part1/crops/00001181_3392_work_van.jpg,work_van,8,00001181,31,131,169,196,v3_no_ambiguous
/Users/sameerkarur/Documents/Git/Data_science/07_IITK_AIML_Capstone/project1_autonomous_driving/data/part1/crops/00004000_3393_work_van.jpg,work_van,8,00004000,75,44,115,71,v3_no_ambiguous
/Users/sameerkarur/Documents/Git/Data_science/07_IITK_AIML_Capstone/project1_autonomous_driving/data/part1/crops/00000483_3394_car.jpg,car,3,00000483,69,32,134,57,v3_no_ambiguous
/Users/sameerkarur/Documents/Git/Data_science/07_IITK_AIML_Capstone/project1_autonomous_driving/data/part1/crops/00005625_3395_car.jpg,car,3,00005625,268,320,447,425,v3_no_ambiguous
/Users/sameerkarur/Documents/Git/Data_science/07_IITK_AIML_Capstone/project1_autonomous_driving/data/part1/crops/00000688_3396_bus.jpg,bus,2,00000688,288,3,710,205,v3_no_ambiguous
/Users/sameerkarur/Documents/Git/Data_science/07_IITK_AIML_Capstone/project1_autonomous_driving/data/part1/crops/00004699_3397_bus.jpg,bus,2,00004699,109,101,247,223,v3_no_ambiguous
/Users/sameerkarur/Documents/Git/Data_science/07_IITK_AIML_Capstone/project1_autonomous_driving/data/part1/crops/00004074_3398_car.jpg,car,3,00004074,34,161,216,260,v3_no_ambiguous
/Users/sameerkarur/Documents/Git/Data_science/07_IITK_AIML_Capstone/project1_autonomous_driving/data/part1/crops/00002801_3399_work_van.jpg,work_van,8,00002801,76,46,121,71,v3_no_ambiguous
/Users/sameerkarur/Documents/Git/Data_science/07_IITK_AIML_Capstone/project1_autonomous_driving/data/part1/crops/00004479_3400_articulated_truck.jpg,articulated_truck,0,00004479,62,123,188,217,v3_no_ambiguous
/Users/sameerkarur/Documents/Git/Data_science/07_IITK_AIML_Capstone/project1_autonomous_driving/data/part1/crops/00003741_3401_bus.jpg,bus,2,00003741,270,37,543,303,v3_no_ambiguous
/Users/sameerkarur/Documents/Git/Data_science/07_IITK_AIML_Capstone/project1_autonomous_driving/data/part1/crops/00001230_3402_car.jpg,car,3,00001230,311,94,473,158,v3_no_ambiguous
/Users/sameerkarur/Documents/Git/Data_science/07_IITK_AIML_Capstone/project1_autonomous_driving/data/part1/crops/00000710_3403_car.jpg,car,3,00000710,124,356,250,477,v3_no_ambiguous
/Users/sameerkarur/Documents/Git/Data_science/07_IITK_AIML_Capstone/project1_autonomous_driving/data/part1/crops/00001320_3404_bus.jpg,bus,2,00001320,0,70,201,221,v3_no_ambiguous
/Users/sameerkarur/Documents/Git/Data_science/07_IITK_AIML_Capstone/project1_autonomous_driving/data/part1/crops/00004360_3405_car.jpg,car,3,00004360,161,3,203,27,v3_no_ambiguous
/Users/sameerkarur/Documents/Git/Data_science/07_IITK_AIML_Capstone/project1_autonomous_driving/data/part1/crops/00000085_3406_car.jpg,car,3,00000085,301,165,345,201,v3_no_ambiguous
/Users/sameerkarur/Documents/Git/Data_science/07_IITK_AIML_Capstone/project1_autonomous_driving/data/part1/crops/00005443_3407_car.jpg,car,3,00005443,17,97,65,128,v3_no_ambiguous
/Users/sameerkarur/Documents/Git/Data_science/07_IITK_AIML_Capstone/project1_autonomous_driving/data/part1/crops/00000291_3408_pickup_truck.jpg,pickup_truck,6,00000291,63,95,108,132,v3_no_ambiguous
/Users/sameerkarur/Documents/Git/Data_science/07_IITK_AIML_Capstone/project1_autonomous_driving/data/part1/crops/00001304_3409_pickup_truck.jpg,pickup_truck,6,00001304,559,52,637,93,v3_no_ambiguous
/Users/sameerkarur/Documents/Git/Data_science/07_IITK_AIML_Capstone/project1_autonomous_driving/data/part1/crops/00003989_3410_car.jpg,car,3,00003989,147,39,189,69,v3_no_ambiguous
/Users/sameerkarur/Documents/Git/Data_science/07_IITK_AIML_Capstone/project1_autonomous_driving/data/part1/crops/00002945_3411_car.jpg,car,3,00002945,93,147,277,229,v3_no_ambiguous
/Users/sameerkarur/Documents/Git/Data_science/07_IITK_AIML_Capstone/project1_autonomous_driving/data/part1/crops/00002934_3412_car.jpg,car,3,00002934,610,132,639,160,v3_no_ambiguous
/Users/sameerkarur/Documents/Git/Data_science/07_IITK_AIML_Capstone/project1_autonomous_driving/data/part1/crops/00001027_3413_work_van.jpg,work_van,8,00001027,558,66,715,159,v3_no_ambiguous
/Users/sameerkarur/Documents/Git/Data_science/07_IITK_AIML_Capstone/project1_autonomous_driving/data/part1/crops/00003267_3414_pickup_truck.jpg,pickup_truck,6,00003267,312,70,519,163,v3_no_ambiguous
/Users/sameerkarur/Documents/Git/Data_science/07_IITK_AIML_Capstone/project1_autonomous_driving/data/part1/crops/00001140_3415_work_van.jpg,work_van,8,00001140,569,153,636,186,v3_no_ambiguous
/Users/sameerkarur/Documents/Git/Data_science/07_IITK_AIML_Capstone/project1_autonomous_driving/data/part1/crops/00003876_3416_car.jpg,car,3,00003876,600,162,639,202,v3_no_ambiguous
/Users/sameerkarur/Documents/Git/Data_science/07_IITK_AIML_Capstone/project1_autonomous_driving/data/part1/crops/00003888_3417_car.jpg,car,3,00003888,555,165,718,268,v3_no_ambiguous
/Users/sameerkarur/Documents/Git/Data_science/07_IITK_AIML_Capstone/project1_autonomous_driving/data/part1/crops/00004640_3418_car.jpg,car,3,00004640,397,261,662,396,v3_no_ambiguous
/Users/sameerkarur/Documents/Git/Data_science/07_IITK_AIML_Capstone/project1_autonomous_driving/data/part1/crops/00000716_3419_car.jpg,car,3,00000716,84,80,120,115,v3_no_ambiguous
/Users/sameerkarur/Documents/Git/Data_science/07_IITK_AIML_Capstone/project1_autonomous_driving/data/part1/crops/00000613_3420_car.jpg,car,3,00000613,534,87,566,115,v3_no_ambiguous
/Users/sameerkarur/Documents/Git/Data_science/07_IITK_AIML_Capstone/project1_autonomous_driving/data/part1/crops/00004428_3421_work_van.jpg,work_van,8,00004428,568,151,639,186,v3_no_ambiguous
/Users/sameerkarur/Documents/Git/Data_science/07_IITK_AIML_Capstone/project1_autonomous_driving/data/part1/crops/00004751_3422_work_van.jpg,work_van,8,00004751,367,180,485,271,v3_no_ambiguous
/Users/sameerkarur/Documents/Git/Data_science/07_IITK_AIML_Capstone/project1_autonomous_driving/data/part1/crops/00002394_3423_car.jpg,car,3,00002394,191,2,261,27,v3_no_ambiguous
/Users/sameerkarur/Documents/Git/Data_science/07_IITK_AIML_Capstone/project1_autonomous_driving/data/part1/crops/00003329_3424_car.jpg,car,3,00003329,513,98,609,146,v3_no_ambiguous
/Users/sameerkarur/Documents/Git/Data_science/07_IITK_AIML_Capstone/project1_autonomous_driving/data/part1/crops/00003032_3425_bus.jpg,bus,2,00003032,174,34,635,127,v3_no_ambiguous
/Users/sameerkarur/Documents/Git/Data_science/07_IITK_AIML_Capstone/project1_autonomous_driving/data/part1/crops/00001925_3426_pickup_truck.jpg,pickup_truck,6,00001925,33,89,176,153,v3_no_ambiguous
/Users/sameerkarur/Documents/Git/Data_science/07_IITK_AIML_Capstone/project1_autonomous_driving/data/part1/crops/00001825_3427_single_unit_truck.jpg,single_unit_truck,7,00001825,16,121,62,156,v3_no_ambiguous
/Users/sameerkarur/Documents/Git/Data_science/07_IITK_AIML_Capstone/project1_autonomous_driving/data/part1/crops/00002875_3428_car.jpg,car,3,00002875,536,88,573,124,v3_no_ambiguous
/Users/sameerkarur/Documents/Git/Data_science/07_IITK_AIML_Capstone/project1_autonomous_driving/data/part1/crops/00001481_3429_pickup_truck.jpg,pickup_truck,6,00001481,125,236,226,309,v3_no_ambiguous
/Users/sameerkarur/Documents/Git/Data_science/07_IITK_AIML_Capstone/project1_autonomous_driving/data/part1/crops/00002450_3430_pickup_truck.jpg,pickup_truck,6,00002450,274,177,390,249,v3_no_ambiguous
/Users/sameerkarur/Documents/Git/Data_science/07_IITK_AIML_Capstone/project1_autonomous_driving/data/part1/crops/00002716_3431_pickup_truck.jpg,pickup_truck,6,00002716,168,96,308,149,v3_no_ambiguous
/Users/sameerkarur/Documents/Git/Data_science/07_IITK_AIML_Capstone/project1_autonomous_driving/data/part1/crops/00003513_3432_car.jpg,car,3,00003513,540,241,643,299,v3_no_ambiguous
/Users/sameerkarur/Documents/Git/Data_science/07_IITK_AIML_Capstone/project1_autonomous_driving/data/part1/crops/00004192_3433_single_unit_truck.jpg,single_unit_truck,7,00004192,363,130,483,176,v3_no_ambiguous
/Users/sameerkarur/Documents/Git/Data_science/07_IITK_AIML_Capstone/project1_autonomous_driving/data/part1/crops/00001340_3434_work_van.jpg,work_van,8,00001340,236,25,367,111,v3_no_ambiguous
/Users/sameerkarur/Documents/Git/Data_science/07_IITK_AIML_Capstone/project1_autonomous_driving/data/part1/crops/00002441_3435_car.jpg,car,3,00002441,22,260,209,415,v3_no_ambiguous
/Users/sameerkarur/Documents/Git/Data_science/07_IITK_AIML_Capstone/project1_autonomous_driving/data/part1/crops/00001554_3436_car.jpg,car,3,00001554,214,57,351,114,v3_no_ambiguous
/Users/sameerkarur/Documents/Git/Data_science/07_IITK_AIML_Capstone/project1_autonomous_driving/data/part1/crops/00000813_3437_pickup_truck.jpg,pickup_truck,6,00000813,330,59,564,171,v3_no_ambiguous
/Users/sameerkarur/Documents/Git/Data_science/07_IITK_AIML_Capstone/project1_autonomous_driving/data/part1/crops/00003505_3438_car.jpg,car,3,00003505,128,291,195,394,v3_no_ambiguous
/Users/sameerkarur/Documents/Git/Data_science/07_IITK_AIML_Capstone/project1_autonomous_driving/data/part1/crops/00001861_3439_bus.jpg,bus,2,00001861,188,109,394,192,v3_no_ambiguous
/Users/sameerkarur/Documents/Git/Data_science/07_IITK_AIML_Capstone/project1_autonomous_driving/data/part1/crops/00000214_3440_work_van.jpg,work_van,8,00000214,146,202,441,329,v3_no_ambiguous
/Users/sameerkarur/Documents/Git/Data_science/07_IITK_AIML_Capstone/project1_autonomous_driving/data/part1/crops/00004739_3441_car.jpg,car,3,00004739,111,87,244,155,v3_no_ambiguous
/Users/sameerkarur/Documents/Git/Data_science/07_IITK_AIML_Capstone/project1_autonomous_driving/data/part1/crops/00001529_3442_pickup_truck.jpg,pickup_truck,6,00001529,62,50,108,81,v3_no_ambiguous
/Users/sameerkarur/Documents/Git/Data_science/07_IITK_AIML_Capstone/project1_autonomous_driving/data/part1/crops/00003898_3443_work_van.jpg,work_van,8,00003898,78,46,105,72,v3_no_ambiguous
/Users/sameerkarur/Documents/Git/Data_science/07_IITK_AIML_Capstone/project1_autonomous_driving/data/part1/crops/00004427_3444_pickup_truck.jpg,pickup_truck,6,00004427,240,44,338,87,v3_no_ambiguous
/Users/sameerkarur/Documents/Git/Data_science/07_IITK_AIML_Capstone/project1_autonomous_driving/data/part1/crops/00001960_3445_car.jpg,car,3,00001960,383,193,462,220,v3_no_ambiguous
/Users/sameerkarur/Documents/Git/Data_science/07_IITK_AIML_Capstone/project1_autonomous_driving/data/part1/crops/00005053_3446_car.jpg,car,3,00005053,639,234,710,307,v3_no_ambiguous
/Users/sameerkarur/Documents/Git/Data_science/07_IITK_AIML_Capstone/project1_autonomous_driving/data/part1/crops/00001291_3447_articulated_truck.jpg,articulated_truck,0,00001291,452,99,713,355,v3_no_ambiguous
/Users/sameerkarur/Documents/Git/Data_science/07_IITK_AIML_Capstone/project1_autonomous_driving/data/part1/crops/00003204_3448_car.jpg,car,3,00003204,608,170,650,210,v3_no_ambiguous
/Users/sameerkarur/Documents/Git/Data_science/07_IITK_AIML_Capstone/project1_autonomous_driving/data/part1/crops/00003887_3449_bus.jpg,bus,2,00003887,132,17,355,270,v3_no_ambiguous
/Users/sameerkarur/Documents/Git/Data_science/07_IITK_AIML_Capstone/project1_autonomous_driving/data/part1/crops/00001270_3450_work_van.jpg,work_van,8,00001270,385,141,543,235,v3_no_ambiguous
/Users/sameerkarur/Documents/Git/Data_science/07_IITK_AIML_Capstone/project1_autonomous_driving/data/part1/crops/00002834_3451_pickup_truck.jpg,pickup_truck,6,00002834,126,102,258,156,v3_no_ambiguous
/Users/sameerkarur/Documents/Git/Data_science/07_IITK_AIML_Capstone/project1_autonomous_driving/data/part1/crops/00002564_3452_bus.jpg,bus,2,00002564,268,157,588,321,v3_no_ambiguous
/Users/sameerkarur/Documents/Git/Data_science/07_IITK_AIML_Capstone/project1_autonomous_driving/data/part1/crops/00005047_3453_car.jpg,car,3,00005047,24,151,93,185,v3_no_ambiguous
/Users/sameerkarur/Documents/Git/Data_science/07_IITK_AIML_Capstone/project1_autonomous_driving/data/part1/crops/00004383_3454_pickup_truck.jpg,pickup_truck,6,00004383,265,61,465,145,v3_no_ambiguous
/Users/sameerkarur/Documents/Git/Data_science/07_IITK_AIML_Capstone/project1_autonomous_driving/data/part1/crops/00004373_3455_car.jpg,car,3,00004373,550,241,651,306,v3_no_ambiguous
/Users/sameerkarur/Documents/Git/Data_science/07_IITK_AIML_Capstone/project1_autonomous_driving/data/part1/crops/00002966_3456_car.jpg,car,3,00002966,147,48,249,93,v3_no_ambiguous
/Users/sameerkarur/Documents/Git/Data_science/07_IITK_AIML_Capstone/project1_autonomous_driving/data/part1/crops/00002893_3457_articulated_truck.jpg,articulated_truck,0,00002893,609,47,682,77,v3_no_ambiguous
/Users/sameerkarur/Documents/Git/Data_science/07_IITK_AIML_Capstone/project1_autonomous_driving/data/part1/crops/00000184_3458_bicycle.jpg,bicycle,1,00000184,658,179,717,241,v3_no_ambiguous
/Users/sameerkarur/Documents/Git/Data_science/07_IITK_AIML_Capstone/project1_autonomous_driving/data/part1/crops/00004488_3459_pickup_truck.jpg,pickup_truck,6,00004488,23,103,126,138,v3_no_ambiguous
/Users/sameerkarur/Documents/Git/Data_science/07_IITK_AIML_Capstone/project1_autonomous_driving/data/part1/crops/00001777_3460_bus.jpg,bus,2,00001777,234,53,444,136,v3_no_ambiguous
/Users/sameerkarur/Documents/Git/Data_science/07_IITK_AIML_Capstone/project1_autonomous_driving/data/part1/crops/00000290_3461_bicycle.jpg,bicycle,1,00000290,274,172,314,263,v3_no_ambiguous
/Users/sameerkarur/Documents/Git/Data_science/07_IITK_AIML_Capstone/project1_autonomous_driving/data/part1/crops/00001293_3462_pickup_truck.jpg,pickup_truck,6,00001293,339,62,589,191,v3_no_ambiguous
/Users/sameerkarur/Documents/Git/Data_science/07_IITK_AIML_Capstone/project1_autonomous_driving/data/part1/crops/00003788_3463_work_van.jpg,work_van,8,00003788,74,44,110,69,v3_no_ambiguous
/Users/sameerkarur/Documents/Git/Data_science/07_IITK_AIML_Capstone/project1_autonomous_driving/data/part1/crops/00000975_3464_work_van.jpg,work_van,8,00000975,69,140,219,227,v3_no_ambiguous
/Users/sameerkarur/Documents/Git/Data_science/07_IITK_AIML_Capstone/project1_autonomous_driving/data/part1/crops/00001109_3465_car.jpg,car,3,00001109,204,74,288,112,v3_no_ambiguous
/Users/sameerkarur/Documents/Git/Data_science/07_IITK_AIML_Capstone/project1_autonomous_driving/data/part1/crops/00001093_3466_pickup_truck.jpg,pickup_truck,6,00001093,94,103,165,150,v3_no_ambiguous
/Users/sameerkarur/Documents/Git/Data_science/07_IITK_AIML_Capstone/project1_autonomous_driving/data/part1/crops/00004328_3467_car.jpg,car,3,00004328,123,295,370,479,v3_no_ambiguous
/Users/sameerkarur/Documents/Git/Data_science/07_IITK_AIML_Capstone/project1_autonomous_driving/data/part1/crops/00002225_3468_pickup_truck.jpg,pickup_truck,6,00002225,561,171,625,195,v3_no_ambiguous
/Users/sameerkarur/Documents/Git/Data_science/07_IITK_AIML_Capstone/project1_autonomous_driving/data/part1/crops/00000145_3469_car.jpg,car,3,00000145,278,93,338,125,v3_no_ambiguous
/Users/sameerkarur/Documents/Git/Data_science/07_IITK_AIML_Capstone/project1_autonomous_driving/data/part1/crops/00005140_3470_car.jpg,car,3,00005140,22,353,226,478,v3_no_ambiguous
/Users/sameerkarur/Documents/Git/Data_science/07_IITK_AIML_Capstone/project1_autonomous_driving/data/part1/crops/00000190_3471_pickup_truck.jpg,pickup_truck,6,00000190,587,198,715,367,v3_no_ambiguous
/Users/sameerkarur/Documents/Git/Data_science/07_IITK_AIML_Capstone/project1_autonomous_driving/data/part1/crops/00003752_3472_car.jpg,car,3,00003752,210,262,474,479,v3_no_ambiguous
/Users/sameerkarur/Documents/Git/Data_science/07_IITK_AIML_Capstone/project1_autonomous_driving/data/part1/crops/00003927_3473_pickup_truck.jpg,pickup_truck,6,00003927,552,179,615,212,v3_no_ambiguous
/Users/sameerkarur/Documents/Git/Data_science/07_IITK_AIML_Capstone/project1_autonomous_driving/data/part1/crops/00001709_3474_pedestrian.jpg,pedestrian,5,00001709,595,365,666,425,v3_no_ambiguous
/Users/sameerkarur/Documents/Git/Data_science/07_IITK_AIML_Capstone/project1_autonomous_driving/data/part1/crops/00003494_3475_bus.jpg,bus,2,00003494,333,31,602,174,v3_no_ambiguous
/Users/sameerkarur/Documents/Git/Data_science/07_IITK_AIML_Capstone/project1_autonomous_driving/data/part1/crops/00004999_3476_car.jpg,car,3,00004999,7,128,155,261,v3_no_ambiguous
/Users/sameerkarur/Documents/Git/Data_science/07_IITK_AIML_Capstone/project1_autonomous_driving/data/part1/crops/00003165_3477_pickup_truck.jpg,pickup_truck,6,00003165,208,102,541,271,v3_no_ambiguous
/Users/sameerkarur/Documents/Git/Data_science/07_IITK_AIML_Capstone/project1_autonomous_driving/data/part1/crops/00000889_3478_bus.jpg,bus,2,00000889,296,48,661,164,v3_no_ambiguous
/Users/sameerkarur/Documents/Git/Data_science/07_IITK_AIML_Capstone/project1_autonomous_driving/data/part1/crops/00003415_3479_single_unit_truck.jpg,single_unit_truck,7,00003415,526,35,646,92,v3_no_ambiguous
/Users/sameerkarur/Documents/Git/Data_science/07_IITK_AIML_Capstone/project1_autonomous_driving/data/part1/crops/00003014_3480_single_unit_truck.jpg,single_unit_truck,7,00003014,79,22,117,48,v3_no_ambiguous
/Users/sameerkarur/Documents/Git/Data_science/07_IITK_AIML_Capstone/project1_autonomous_driving/data/part1/crops/00005357_3481_pickup_truck.jpg,pickup_truck,6,00005357,92,101,169,154,v3_no_ambiguous
/Users/sameerkarur/Documents/Git/Data_science/07_IITK_AIML_Capstone/project1_autonomous_driving/data/part1/crops/00003644_3482_bus.jpg,bus,2,00003644,61,148,374,320,v3_no_ambiguous
/Users/sameerkarur/Documents/Git/Data_science/07_IITK_AIML_Capstone/project1_autonomous_driving/data/part1/crops/00003979_3483_car.jpg,car,3,00003979,72,77,100,107,v3_no_ambiguous
/Users/sameerkarur/Documents/Git/Data_science/07_IITK_AIML_Capstone/project1_autonomous_driving/data/part1/crops/00002763_3484_articulated_truck.jpg,articulated_truck,0,00002763,2,135,339,471,v3_no_ambiguous
/Users/sameerkarur/Documents/Git/Data_science/07_IITK_AIML_Capstone/project1_autonomous_driving/data/part1/crops/00003636_3485_pedestrian.jpg,pedestrian,5,00003636,1,354,96,416,v3_no_ambiguous
/Users/sameerkarur/Documents/Git/Data_science/07_IITK_AIML_Capstone/project1_autonomous_driving/data/part1/crops/00002897_3486_single_unit_truck.jpg,single_unit_truck,7,00002897,522,0,594,37,v3_no_ambiguous
/Users/sameerkarur/Documents/Git/Data_science/07_IITK_AIML_Capstone/project1_autonomous_driving/data/part1/crops/00004152_3487_motorcycle.jpg,motorcycle,4,00004152,211,358,247,426,v3_no_ambiguous
/Users/sameerkarur/Documents/Git/Data_science/07_IITK_AIML_Capstone/project1_autonomous_driving/data/part1/crops/00002048_3488_single_unit_truck.jpg,single_unit_truck,7,00002048,494,127,545,154,v3_no_ambiguous
/Users/sameerkarur/Documents/Git/Data_science/07_IITK_AIML_Capstone/project1_autonomous_driving/data/part1/crops/00003633_3489_pickup_truck.jpg,pickup_truck,6,00003633,552,213,608,244,v3_no_ambiguous
/Users/sameerkarur/Documents/Git/Data_science/07_IITK_AIML_Capstone/project1_autonomous_driving/data/part1/crops/00002850_3490_car.jpg,car,3,00002850,646,110,684,149,v3_no_ambiguous
/Users/sameerkarur/Documents/Git/Data_science/07_IITK_AIML_Capstone/project1_autonomous_driving/data/part1/crops/00005470_3491_articulated_truck.jpg,articulated_truck,0,00005470,421,83,480,137,v3_no_ambiguous
/Users/sameerkarur/Documents/Git/Data_science/07_IITK_AIML_Capstone/project1_autonomous_driving/data/part1/crops/00003181_3492_pickup_truck.jpg,pickup_truck,6,00003181,404,126,472,171,v3_no_ambiguous
/Users/sameerkarur/Documents/Git/Data_science/07_IITK_AIML_Capstone/project1_autonomous_driving/data/part1/crops/00001565_3493_bicycle.jpg,bicycle,1,00001565,63,320,96,384,v3_no_ambiguous
/Users/sameerkarur/Documents/Git/Data_science/07_IITK_AIML_Capstone/project1_autonomous_driving/data/part1/crops/00002125_3494_car.jpg,car,3,00002125,463,132,498,156,v3_no_ambiguous
/Users/sameerkarur/Documents/Git/Data_science/07_IITK_AIML_Capstone/project1_autonomous_driving/data/part1/crops/00000184_3495_bicycle.jpg,bicycle,1,00000184,412,0,478,47,v3_no_ambiguous
/Users/sameerkarur/Documents/Git/Data_science/07_IITK_AIML_Capstone/project1_autonomous_driving/data/part1/crops/00003945_3496_pickup_truck.jpg,pickup_truck,6,00003945,499,108,710,251,v3_no_ambiguous
/Users/sameerkarur/Documents/Git/Data_science/07_IITK_AIML_Capstone/project1_autonomous_driving/data/part1/crops/00005562_3497_car.jpg,car,3,00005562,128,192,348,316,v3_no_ambiguous
/Users/sameerkarur/Documents/Git/Data_science/07_IITK_AIML_Capstone/project1_autonomous_driving/data/part1/crops/00004929_3498_car.jpg,car,3,00004929,193,3,243,39,v3_no_ambiguous
/Users/sameerkarur/Documents/Git/Data_science/07_IITK_AIML_Capstone/project1_autonomous_driving/data/part1/crops/00003777_3499_single_unit_truck.jpg,single_unit_truck,7,00003777,484,90,564,164,v3_no_ambiguous
/Users/sameerkarur/Documents/Git/Data_science/07_IITK_AIML_Capstone/project1_autonomous_driving/data/part1/crops/00000809_3500_car.jpg,car,3,00000809,506,226,603,282,v3_no_ambiguous
/Users/sameerkarur/Documents/Git/Data_science/07_IITK_AIML_Capstone/project1_autonomous_driving/data/part1/crops/00001580_3501_pickup_truck.jpg,pickup_truck,6,00001580,69,104,205,214,v3_no_ambiguous
/Users/sameerkarur/Documents/Git/Data_science/07_IITK_AIML_Capstone/project1_autonomous_driving/data/part1/crops/00002857_3502_car.jpg,car,3,00002857,64,25,132,56,v3_no_ambiguous
/Users/sameerkarur/Documents/Git/Data_science/07_IITK_AIML_Capstone/project1_autonomous_driving/data/part1/crops/00005345_3503_car.jpg,car,3,00005345,106,128,156,157,v3_no_ambiguous
/Users/sameerkarur/Documents/Git/Data_science/07_IITK_AIML_Capstone/project1_autonomous_driving/data/part1/crops/00005366_3504_car.jpg,car,3,00005366,48,85,111,118,v3_no_ambiguous
/Users/sameerkarur/Documents/Git/Data_science/07_IITK_AIML_Capstone/project1_autonomous_driving/data/part1/crops/00003982_3505_pickup_truck.jpg,pickup_truck,6,00003982,190,215,325,307,v3_no_ambiguous
/Users/sameerkarur/Documents/Git/Data_science/07_IITK_AIML_Capstone/project1_autonomous_driving/data/part1/crops/00000767_3506_articulated_truck.jpg,articulated_truck,0,00000767,193,16,324,48,v3_no_ambiguous
/Users/sameerkarur/Documents/Git/Data_science/07_IITK_AIML_Capstone/project1_autonomous_driving/data/part1/crops/00001752_3507_motorcycle.jpg,motorcycle,4,00001752,216,260,253,305,v3_no_ambiguous
/Users/sameerkarur/Documents/Git/Data_science/07_IITK_AIML_Capstone/project1_autonomous_driving/data/part1/crops/00004048_3508_car.jpg,car,3,00004048,661,22,714,48,v3_no_ambiguous
/Users/sameerkarur/Documents/Git/Data_science/07_IITK_AIML_Capstone/project1_autonomous_driving/data/part1/crops/00003257_3509_single_unit_truck.jpg,single_unit_truck,7,00003257,79,30,166,73,v3_no_ambiguous
/Users/sameerkarur/Documents/Git/Data_science/07_IITK_AIML_Capstone/project1_autonomous_driving/data/part1/crops/00005426_3510_bicycle.jpg,bicycle,1,00005426,364,198,405,271,v3_no_ambiguous
/Users/sameerkarur/Documents/Git/Data_science/07_IITK_AIML_Capstone/project1_autonomous_driving/data/part1/crops/00005495_3511_articulated_truck.jpg,articulated_truck,0,00005495,2,82,204,234,v3_no_ambiguous
/Users/sameerkarur/Documents/Git/Data_science/07_IITK_AIML_Capstone/project1_autonomous_driving/data/part1/crops/00001816_3512_pickup_truck.jpg,pickup_truck,6,00001816,569,167,709,290,v3_no_ambiguous
/Users/sameerkarur/Documents/Git/Data_science/07_IITK_AIML_Capstone/project1_autonomous_driving/data/part1/crops/00004535_3513_bus.jpg,bus,2,00004535,0,101,327,250,v3_no_ambiguous
/Users/sameerkarur/Documents/Git/Data_science/07_IITK_AIML_Capstone/project1_autonomous_driving/data/part1/crops/00002891_3514_pickup_truck.jpg,pickup_truck,6,00002891,95,43,145,69,v3_no_ambiguous
/Users/sameerkarur/Documents/Git/Data_science/07_IITK_AIML_Capstone/project1_autonomous_driving/data/part1/crops/00002517_3515_bus.jpg,bus,2,00002517,65,95,605,363,v3_no_ambiguous
/Users/sameerkarur/Documents/Git/Data_science/07_IITK_AIML_Capstone/project1_autonomous_driving/data/part1/crops/00004282_3516_car.jpg,car,3,00004282,129,61,213,101,v3_no_ambiguous
/Users/sameerkarur/Documents/Git/Data_science/07_IITK_AIML_Capstone/project1_autonomous_driving/data/part1/crops/00004390_3517_bus.jpg,bus,2,00004390,198,71,555,350,v3_no_ambiguous
/Users/sameerkarur/Documents/Git/Data_science/07_IITK_AIML_Capstone/project1_autonomous_driving/data/part1/crops/00004733_3518_articulated_truck.jpg,articulated_truck,0,00004733,612,88,712,119,v3_no_ambiguous
/Users/sameerkarur/Documents/Git/Data_science/07_IITK_AIML_Capstone/project1_autonomous_driving/data/part1/crops/00002941_3519_pickup_truck.jpg,pickup_truck,6,00002941,228,268,418,425,v3_no_ambiguous
/Users/sameerkarur/Documents/Git/Data_science/07_IITK_AIML_Capstone/project1_autonomous_driving/data/part1/crops/00004394_3520_pickup_truck.jpg,pickup_truck,6,00004394,212,94,296,130,v3_no_ambiguous
/Users/sameerkarur/Documents/Git/Data_science/07_IITK_AIML_Capstone/project1_autonomous_driving/data/part1/crops/00005393_3521_car.jpg,car,3,00005393,237,81,297,111,v3_no_ambiguous
/Users/sameerkarur/Documents/Git/Data_science/07_IITK_AIML_Capstone/project1_autonomous_driving/data/part1/crops/00000471_3522_car.jpg,car,3,00000471,256,83,357,126,v3_no_ambiguous
/Users/sameerkarur/Documents/Git/Data_science/07_IITK_AIML_Capstone/project1_autonomous_driving/data/part1/crops/00003965_3523_bicycle.jpg,bicycle,1,00003965,94,170,149,248,v3_no_ambiguous
/Users/sameerkarur/Documents/Git/Data_science/07_IITK_AIML_Capstone/project1_autonomous_driving/data/part1/crops/00001791_3524_work_van.jpg,work_van,8,00001791,583,113,718,279,v3_no_ambiguous
/Users/sameerkarur/Documents/Git/Data_science/07_IITK_AIML_Capstone/project1_autonomous_driving/data/part1/crops/00003829_3525_bus.jpg,bus,2,00003829,254,88,452,147,v3_no_ambiguous
/Users/sameerkarur/Documents/Git/Data_science/07_IITK_AIML_Capstone/project1_autonomous_driving/data/part1/crops/00002655_3526_pickup_truck.jpg,pickup_truck,6,00002655,175,32,398,110,v3_no_ambiguous
/Users/sameerkarur/Documents/Git/Data_science/07_IITK_AIML_Capstone/project1_autonomous_driving/data/part1/crops/00003823_3527_car.jpg,car,3,00003823,361,249,571,408,v3_no_ambiguous
/Users/sameerkarur/Documents/Git/Data_science/07_IITK_AIML_Capstone/project1_autonomous_driving/data/part1/crops/00001937_3528_car.jpg,car,3,00001937,511,60,653,118,v3_no_ambiguous
/Users/sameerkarur/Documents/Git/Data_science/07_IITK_AIML_Capstone/project1_autonomous_driving/data/part1/crops/00002777_3529_articulated_truck.jpg,articulated_truck,0,00002777,108,95,422,292,v3_no_ambiguous
/Users/sameerkarur/Documents/Git/Data_science/07_IITK_AIML_Capstone/project1_autonomous_driving/data/part1/crops/00002178_3530_articulated_truck.jpg,articulated_truck,0,00002178,151,0,592,278,v3_no_ambiguous
/Users/sameerkarur/Documents/Git/Data_science/07_IITK_AIML_Capstone/project1_autonomous_driving/data/part1/crops/00000207_3531_car.jpg,car,3,00000207,472,145,519,173,v3_no_ambiguous
/Users/sameerkarur/Documents/Git/Data_science/07_IITK_AIML_Capstone/project1_autonomous_driving/data/part1/crops/00003993_3532_pickup_truck.jpg,pickup_truck,6,00003993,451,262,705,393,v3_no_ambiguous
/Users/sameerkarur/Documents/Git/Data_science/07_IITK_AIML_Capstone/project1_autonomous_driving/data/part1/crops/00002662_3533_pickup_truck.jpg,pickup_truck,6,00002662,111,70,229,142,v3_no_ambiguous
/Users/sameerkarur/Documents/Git/Data_science/07_IITK_AIML_Capstone/project1_autonomous_driving/data/part1/crops/00000095_3534_bus.jpg,bus,2,00000095,100,115,592,479,v3_no_ambiguous
/Users/sameerkarur/Documents/Git/Data_science/07_IITK_AIML_Capstone/project1_autonomous_driving/data/part1/crops/00000025_3535_car.jpg,car,3,00000025,100,97,236,150,v3_no_ambiguous
/Users/sameerkarur/Documents/Git/Data_science/07_IITK_AIML_Capstone/project1_autonomous_driving/data/part1/crops/00000663_3536_car.jpg,car,3,00000663,451,223,533,331,v3_no_ambiguous
/Users/sameerkarur/Documents/Git/Data_science/07_IITK_AIML_Capstone/project1_autonomous_driving/data/part1/crops/00005397_3537_pickup_truck.jpg,pickup_truck,6,00005397,563,189,650,228,v3_no_ambiguous
/Users/sameerkarur/Documents/Git/Data_science/07_IITK_AIML_Capstone/project1_autonomous_driving/data/part1/crops/00003565_3538_work_van.jpg,work_van,8,00003565,261,125,527,261,v3_no_ambiguous
/Users/sameerkarur/Documents/Git/Data_science/07_IITK_AIML_Capstone/project1_autonomous_driving/data/part1/crops/00001638_3539_car.jpg,car,3,00001638,415,140,629,237,v3_no_ambiguous
/Users/sameerkarur/Documents/Git/Data_science/07_IITK_AIML_Capstone/project1_autonomous_driving/data/part1/crops/00002330_3540_single_unit_truck.jpg,single_unit_truck,7,00002330,547,132,716,414,v3_no_ambiguous
/Users/sameerkarur/Documents/Git/Data_science/07_IITK_AIML_Capstone/project1_autonomous_driving/data/part1/crops/00003542_3541_work_van.jpg,work_van,8,00003542,40,67,128,119,v3_no_ambiguous
/Users/sameerkarur/Documents/Git/Data_science/07_IITK_AIML_Capstone/project1_autonomous_driving/data/part1/crops/00005508_3542_car.jpg,car,3,00005508,232,84,257,113,v3_no_ambiguous
/Users/sameerkarur/Documents/Git/Data_science/07_IITK_AIML_Capstone/project1_autonomous_driving/data/part1/crops/00000368_3543_car.jpg,car,3,00000368,225,134,266,174,v3_no_ambiguous
/Users/sameerkarur/Documents/Git/Data_science/07_IITK_AIML_Capstone/project1_autonomous_driving/data/part1/crops/00004130_3544_single_unit_truck.jpg,single_unit_truck,7,00004130,82,3,145,27,v3_no_ambiguous
/Users/sameerkarur/Documents/Git/Data_science/07_IITK_AIML_Capstone/project1_autonomous_driving/data/part1/crops/00004423_3545_pickup_truck.jpg,pickup_truck,6,00004423,228,50,317,89,v3_no_ambiguous
/Users/sameerkarur/Documents/Git/Data_science/07_IITK_AIML_Capstone/project1_autonomous_driving/data/part1/crops/00000422_3546_articulated_truck.jpg,articulated_truck,0,00000422,171,14,296,42,v3_no_ambiguous
/Users/sameerkarur/Documents/Git/Data_science/07_IITK_AIML_Capstone/project1_autonomous_driving/data/part1/crops/00001544_3547_bus.jpg,bus,2,00001544,277,134,316,163,v3_no_ambiguous
/Users/sameerkarur/Documents/Git/Data_science/07_IITK_AIML_Capstone/project1_autonomous_driving/data/part1/crops/00003144_3548_pickup_truck.jpg,pickup_truck,6,00003144,143,56,224,95,v3_no_ambiguous
/Users/sameerkarur/Documents/Git/Data_science/07_IITK_AIML_Capstone/project1_autonomous_driving/data/part1/crops/00003989_3549_work_van.jpg,work_van,8,00003989,478,258,709,402,v3_no_ambiguous
/Users/sameerkarur/Documents/Git/Data_science/07_IITK_AIML_Capstone/project1_autonomous_driving/data/part1/crops/00005425_3550_car.jpg,car,3,00005425,0,276,227,435,v3_no_ambiguous
/Users/sameerkarur/Documents/Git/Data_science/07_IITK_AIML_Capstone/project1_autonomous_driving/data/part1/crops/00000419_3551_single_unit_truck.jpg,single_unit_truck,7,00000419,39,146,93,200,v3_no_ambiguous
/Users/sameerkarur/Documents/Git/Data_science/07_IITK_AIML_Capstone/project1_autonomous_driving/data/part1/crops/00003468_3552_car.jpg,car,3,00003468,549,235,652,307,v3_no_ambiguous
/Users/sameerkarur/Documents/Git/Data_science/07_IITK_AIML_Capstone/project1_autonomous_driving/data/part1/crops/00001565_3553_pedestrian.jpg,pedestrian,5,00001565,182,283,213,352,v3_no_ambiguous
/Users/sameerkarur/Documents/Git/Data_science/07_IITK_AIML_Capstone/project1_autonomous_driving/data/part1/crops/00005595_3554_car.jpg,car,3,00005595,378,366,549,478,v3_no_ambiguous
/Users/sameerkarur/Documents/Git/Data_science/07_IITK_AIML_Capstone/project1_autonomous_driving/data/part1/crops/00001874_3555_pickup_truck.jpg,pickup_truck,6,00001874,404,241,688,425,v3_no_ambiguous
/Users/sameerkarur/Documents/Git/Data_science/07_IITK_AIML_Capstone/project1_autonomous_driving/data/part1/crops/00004526_3556_pickup_truck.jpg,pickup_truck,6,00004526,546,115,580,140,v3_no_ambiguous
/Users/sameerkarur/Documents/Git/Data_science/07_IITK_AIML_Capstone/project1_autonomous_driving/data/part1/crops/00002856_3557_work_van.jpg,work_van,8,00002856,125,62,206,97,v3_no_ambiguous
/Users/sameerkarur/Documents/Git/Data_science/07_IITK_AIML_Capstone/project1_autonomous_driving/data/part1/crops/00003840_3558_pickup_truck.jpg,pickup_truck,6,00003840,297,162,415,226,v3_no_ambiguous
/Users/sameerkarur/Documents/Git/Data_science/07_IITK_AIML_Capstone/project1_autonomous_driving/data/part1/crops/00002765_3559_car.jpg,car,3,00002765,420,158,481,188,v3_no_ambiguous
/Users/sameerkarur/Documents/Git/Data_science/07_IITK_AIML_Capstone/project1_autonomous_driving/data/part1/crops/00003257_3560_articulated_truck.jpg,articulated_truck,0,00003257,287,22,337,55,v3_no_ambiguous
/Users/sameerkarur/Documents/Git/Data_science/07_IITK_AIML_Capstone/project1_autonomous_driving/data/part1/crops/00001736_3561_motorcycle.jpg,motorcycle,4,00001736,579,208,684,290,v3_no_ambiguous
/Users/sameerkarur/Documents/Git/Data_science/07_IITK_AIML_Capstone/project1_autonomous_driving/data/part1/crops/00004566_3562_pickup_truck.jpg,pickup_truck,6,00004566,312,172,416,236,v3_no_ambiguous
/Users/sameerkarur/Documents/Git/Data_science/07_IITK_AIML_Capstone/project1_autonomous_driving/data/part1/crops/00002885_3563_bus.jpg,bus,2,00002885,2,126,457,402,v3_no_ambiguous
/Users/sameerkarur/Documents/Git/Data_science/07_IITK_AIML_Capstone/project1_autonomous_driving/data/part1/crops/00001900_3564_pickup_truck.jpg,pickup_truck,6,00001900,270,98,327,124,v3_no_ambiguous
/Users/sameerkarur/Documents/Git/Data_science/07_IITK_AIML_Capstone/project1_autonomous_driving/data/part1/crops/00004474_3565_car.jpg,car,3,00004474,83,80,198,136,v3_no_ambiguous
/Users/sameerkarur/Documents/Git/Data_science/07_IITK_AIML_Capstone/project1_autonomous_driving/data/part1/crops/00004743_3566_pedestrian.jpg,pedestrian,5,00004743,374,10,399,53,v3_no_ambiguous
/Users/sameerkarur/Documents/Git/Data_science/07_IITK_AIML_Capstone/project1_autonomous_driving/data/part1/crops/00005326_3567_pickup_truck.jpg,pickup_truck,6,00005326,560,165,628,192,v3_no_ambiguous
/Users/sameerkarur/Documents/Git/Data_science/07_IITK_AIML_Capstone/project1_autonomous_driving/data/part1/crops/00002334_3568_motorcycle.jpg,motorcycle,4,00002334,580,293,653,401,v3_no_ambiguous
/Users/sameerkarur/Documents/Git/Data_science/07_IITK_AIML_Capstone/project1_autonomous_driving/data/part1/crops/00001838_3569_bus.jpg,bus,2,00001838,46,195,161,298,v3_no_ambiguous
/Users/sameerkarur/Documents/Git/Data_science/07_IITK_AIML_Capstone/project1_autonomous_driving/data/part1/crops/00004775_3570_work_van.jpg,work_van,8,00004775,75,47,113,71,v3_no_ambiguous
/Users/sameerkarur/Documents/Git/Data_science/07_IITK_AIML_Capstone/project1_autonomous_driving/data/part1/crops/00004994_3571_single_unit_truck.jpg,single_unit_truck,7,00004994,199,2,586,246,v3_no_ambiguous
/Users/sameerkarur/Documents/Git/Data_science/07_IITK_AIML_Capstone/project1_autonomous_driving/data/part1/crops/00001769_3572_car.jpg,car,3,00001769,431,77,492,122,v3_no_ambiguous
/Users/sameerkarur/Documents/Git/Data_science/07_IITK_AIML_Capstone/project1_autonomous_driving/data/part1/crops/00000526_3573_pickup_truck.jpg,pickup_truck,6,00000526,71,226,159,290,v3_no_ambiguous
/Users/sameerkarur/Documents/Git/Data_science/07_IITK_AIML_Capstone/project1_autonomous_driving/data/part1/crops/00000404_3574_car.jpg,car,3,00000404,0,112,32,153,v3_no_ambiguous
/Users/sameerkarur/Documents/Git/Data_science/07_IITK_AIML_Capstone/project1_autonomous_driving/data/part1/crops/00000571_3575_car.jpg,car,3,00000571,136,222,232,327,v3_no_ambiguous
/Users/sameerkarur/Documents/Git/Data_science/07_IITK_AIML_Capstone/project1_autonomous_driving/data/part1/crops/00003159_3576_bus.jpg,bus,2,00003159,328,155,475,266,v3_no_ambiguous
/Users/sameerkarur/Documents/Git/Data_science/07_IITK_AIML_Capstone/project1_autonomous_driving/data/part1/crops/00005061_3577_work_van.jpg,work_van,8,00005061,173,161,334,271,v3_no_ambiguous
/Users/sameerkarur/Documents/Git/Data_science/07_IITK_AIML_Capstone/project1_autonomous_driving/data/part1/crops/00001260_3578_pickup_truck.jpg,pickup_truck,6,00001260,0,55,80,97,v3_no_ambiguous
/Users/sameerkarur/Documents/Git/Data_science/07_IITK_AIML_Capstone/project1_autonomous_driving/data/part1/crops/00000578_3579_single_unit_truck.jpg,single_unit_truck,7,00000578,307,146,415,204,v3_no_ambiguous
/Users/sameerkarur/Documents/Git/Data_science/07_IITK_AIML_Capstone/project1_autonomous_driving/data/part1/crops/00002588_3580_articulated_truck.jpg,articulated_truck,0,00002588,19,29,240,102,v3_no_ambiguous
/Users/sameerkarur/Documents/Git/Data_science/07_IITK_AIML_Capstone/project1_autonomous_driving/data/part1/crops/00001256_3581_car.jpg,car,3,00001256,508,117,611,167,v3_no_ambiguous
/Users/sameerkarur/Documents/Git/Data_science/07_IITK_AIML_Capstone/project1_autonomous_driving/data/part1/crops/00005299_3582_car.jpg,car,3,00005299,88,316,254,451,v3_no_ambiguous
/Users/sameerkarur/Documents/Git/Data_science/07_IITK_AIML_Capstone/project1_autonomous_driving/data/part1/crops/00003594_3583_pickup_truck.jpg,pickup_truck,6,00003594,91,103,165,156,v3_no_ambiguous
/Users/sameerkarur/Documents/Git/Data_science/07_IITK_AIML_Capstone/project1_autonomous_driving/data/part1/crops/00004650_3584_work_van.jpg,work_van,8,00004650,346,63,462,108,v3_no_ambiguous
/Users/sameerkarur/Documents/Git/Data_science/07_IITK_AIML_Capstone/project1_autonomous_driving/data/part1/crops/00000374_3585_motorcycle.jpg,motorcycle,4,00000374,594,222,620,268,v3_no_ambiguous
/Users/sameerkarur/Documents/Git/Data_science/07_IITK_AIML_Capstone/project1_autonomous_driving/data/part1/crops/00003616_3586_pickup_truck.jpg,pickup_truck,6,00003616,114,324,347,479,v3_no_ambiguous
/Users/sameerkarur/Documents/Git/Data_science/07_IITK_AIML_Capstone/project1_autonomous_driving/data/part1/crops/00000069_3587_car.jpg,car,3,00000069,409,382,574,478,v3_no_ambiguous
/Users/sameerkarur/Documents/Git/Data_science/07_IITK_AIML_Capstone/project1_autonomous_driving/data/part1/crops/00004673_3588_bicycle.jpg,bicycle,1,00004673,45,72,87,123,v3_no_ambiguous
/Users/sameerkarur/Documents/Git/Data_science/07_IITK_AIML_Capstone/project1_autonomous_driving/data/part1/crops/00002466_3589_pickup_truck.jpg,pickup_truck,6,00002466,0,93,98,140,v3_no_ambiguous
/Users/sameerkarur/Documents/Git/Data_science/07_IITK_AIML_Capstone/project1_autonomous_driving/data/part1/crops/00001196_3590_bus.jpg,bus,2,00001196,415,154,641,333,v3_no_ambiguous
/Users/sameerkarur/Documents/Git/Data_science/07_IITK_AIML_Capstone/project1_autonomous_driving/data/part1/crops/00000242_3591_pickup_truck.jpg,pickup_truck,6,00000242,225,267,413,391,v3_no_ambiguous
/Users/sameerkarur/Documents/Git/Data_science/07_IITK_AIML_Capstone/project1_autonomous_driving/data/part1/crops/00000246_3592_articulated_truck.jpg,articulated_truck,0,00000246,152,17,633,139,v3_no_ambiguous
/Users/sameerkarur/Documents/Git/Data_science/07_IITK_AIML_Capstone/project1_autonomous_driving/data/part1/crops/00002343_3593_work_van.jpg,work_van,8,00002343,25,86,159,155,v3_no_ambiguous
/Users/sameerkarur/Documents/Git/Data_science/07_IITK_AIML_Capstone/project1_autonomous_driving/data/part1/crops/00004120_3594_bicycle.jpg,bicycle,1,00004120,668,161,712,212,v3_no_ambiguous
/Users/sameerkarur/Documents/Git/Data_science/07_IITK_AIML_Capstone/project1_autonomous_driving/data/part1/crops/00004336_3595_car.jpg,car,3,00004336,466,58,535,86,v3_no_ambiguous
/Users/sameerkarur/Documents/Git/Data_science/07_IITK_AIML_Capstone/project1_autonomous_driving/data/part1/crops/00000656_3596_pickup_truck.jpg,pickup_truck,6,00000656,1,250,175,385,v3_no_ambiguous
/Users/sameerkarur/Documents/Git/Data_science/07_IITK_AIML_Capstone/project1_autonomous_driving/data/part1/crops/00003222_3597_car.jpg,car,3,00003222,74,129,123,156,v3_no_ambiguous
/Users/sameerkarur/Documents/Git/Data_science/07_IITK_AIML_Capstone/project1_autonomous_driving/data/part1/crops/00005518_3598_car.jpg,car,3,00005518,276,99,476,179,v3_no_ambiguous
/Users/sameerkarur/Documents/Git/Data_science/07_IITK_AIML_Capstone/project1_autonomous_driving/data/part1/crops/00001185_3599_pickup_truck.jpg,pickup_truck,6,00001185,554,213,715,324,v3_no_ambiguous
/Users/sameerkarur/Documents/Git/Data_science/07_IITK_AIML_Capstone/project1_autonomous_driving/data/part1/crops/00004647_3600_pickup_truck.jpg,pickup_truck,6,00004647,34,266,275,422,v3_no_ambiguous
/Users/sameerkarur/Documents/Git/Data_science/07_IITK_AIML_Capstone/project1_autonomous_driving/data/part1/crops/00003852_3601_work_van.jpg,work_van,8,00003852,168,233,305,327,v3_no_ambiguous
/Users/sameerkarur/Documents/Git/Data_science/07_IITK_AIML_Capstone/project1_autonomous_driving/data/part1/crops/00005629_3602_car.jpg,car,3,00005629,637,182,681,222,v3_no_ambiguous
/Users/sameerkarur/Documents/Git/Data_science/07_IITK_AIML_Capstone/project1_autonomous_driving/data/part1/crops/00005017_3603_pickup_truck.jpg,pickup_truck,6,00005017,64,98,109,137,v3_no_ambiguous
/Users/sameerkarur/Documents/Git/Data_science/07_IITK_AIML_Capstone/project1_autonomous_driving/data/part1/crops/00000715_3604_bus.jpg,bus,2,00000715,0,104,149,227,v3_no_ambiguous
/Users/sameerkarur/Documents/Git/Data_science/07_IITK_AIML_Capstone/project1_autonomous_driving/data/part1/crops/00002308_3605_work_van.jpg,work_van,8,00002308,0,258,270,399,v3_no_ambiguous
/Users/sameerkarur/Documents/Git/Data_science/07_IITK_AIML_Capstone/project1_autonomous_driving/data/part1/crops/00003203_3606_car.jpg,car,3,00003203,217,170,348,265,v3_no_ambiguous
/Users/sameerkarur/Documents/Git/Data_science/07_IITK_AIML_Capstone/project1_autonomous_driving/data/part1/crops/00001748_3607_articulated_truck.jpg,articulated_truck,0,00001748,1,3,517,172,v3_no_ambiguous
/Users/sameerkarur/Documents/Git/Data_science/07_IITK_AIML_Capstone/project1_autonomous_driving/data/part1/crops/00002456_3608_pickup_truck.jpg,pickup_truck,6,00002456,1,114,93,166,v3_no_ambiguous
/Users/sameerkarur/Documents/Git/Data_science/07_IITK_AIML_Capstone/project1_autonomous_driving/data/part1/crops/00004430_3609_single_unit_truck.jpg,single_unit_truck,7,00004430,39,38,173,103,v3_no_ambiguous
/Users/sameerkarur/Documents/Git/Data_science/07_IITK_AIML_Capstone/project1_autonomous_driving/data/part1/crops/00003309_3610_work_van.jpg,work_van,8,00003309,592,164,712,232,v3_no_ambiguous
/Users/sameerkarur/Documents/Git/Data_science/07_IITK_AIML_Capstone/project1_autonomous_driving/data/part1/crops/00001476_3611_pedestrian.jpg,pedestrian,5,00001476,578,273,604,339,v3_no_ambiguous
/Users/sameerkarur/Documents/Git/Data_science/07_IITK_AIML_Capstone/project1_autonomous_driving/data/part1/crops/00000759_3612_car.jpg,car,3,00000759,184,104,316,165,v3_no_ambiguous
/Users/sameerkarur/Documents/Git/Data_science/07_IITK_AIML_Capstone/project1_autonomous_driving/data/part1/crops/00004639_3613_articulated_truck.jpg,articulated_truck,0,00004639,570,6,705,46,v3_no_ambiguous
/Users/sameerkarur/Documents/Git/Data_science/07_IITK_AIML_Capstone/project1_autonomous_driving/data/part1/crops/00003072_3614_car.jpg,car,3,00003072,255,10,300,37,v3_no_ambiguous
/Users/sameerkarur/Documents/Git/Data_science/07_IITK_AIML_Capstone/project1_autonomous_driving/data/part1/crops/00004329_3615_bicycle.jpg,bicycle,1,00004329,418,198,444,274,v3_no_ambiguous
/Users/sameerkarur/Documents/Git/Data_science/07_IITK_AIML_Capstone/project1_autonomous_driving/data/part1/crops/00002594_3616_pedestrian.jpg,pedestrian,5,00002594,244,276,308,376,v3_no_ambiguous
/Users/sameerkarur/Documents/Git/Data_science/07_IITK_AIML_Capstone/project1_autonomous_driving/data/part1/crops/00002779_3617_car.jpg,car,3,00002779,326,110,481,188,v3_no_ambiguous
/Users/sameerkarur/Documents/Git/Data_science/07_IITK_AIML_Capstone/project1_autonomous_driving/data/part1/crops/00002790_3618_single_unit_truck.jpg,single_unit_truck,7,00002790,510,89,652,246,v3_no_ambiguous
/Users/sameerkarur/Documents/Git/Data_science/07_IITK_AIML_Capstone/project1_autonomous_driving/data/part1/crops/00002941_3619_car.jpg,car,3,00002941,609,169,648,213,v3_no_ambiguous
/Users/sameerkarur/Documents/Git/Data_science/07_IITK_AIML_Capstone/project1_autonomous_driving/data/part1/crops/00001222_3620_car.jpg,car,3,00001222,605,144,643,181,v3_no_ambiguous
/Users/sameerkarur/Documents/Git/Data_science/07_IITK_AIML_Capstone/project1_autonomous_driving/data/part1/crops/00002972_3621_car.jpg,car,3,00002972,651,103,714,129,v3_no_ambiguous
/Users/sameerkarur/Documents/Git/Data_science/07_IITK_AIML_Capstone/project1_autonomous_driving/data/part1/crops/00000806_3622_bus.jpg,bus,2,00000806,422,136,694,269,v3_no_ambiguous
/Users/sameerkarur/Documents/Git/Data_science/07_IITK_AIML_Capstone/project1_autonomous_driving/data/part1/crops/00004108_3623_work_van.jpg,work_van,8,00004108,279,97,574,275,v3_no_ambiguous
/Users/sameerkarur/Documents/Git/Data_science/07_IITK_AIML_Capstone/project1_autonomous_driving/data/part1/crops/00004482_3624_single_unit_truck.jpg,single_unit_truck,7,00004482,528,61,580,115,v3_no_ambiguous
